Label	InputSMILES	CID	InChIKey	IUPACName	ResolveError	MentionCount	SourceType	Database	Query	MatchMode	Confidence	Title	Year	ReferenceID	URL	AuthorsOrAssignee	JournalOrPublication	Snippet	Category
RS20000564	COc1ccc(C(=O)O)c(OC)c1	7052	GPVDHNVGGIAOQT-UHFFFAOYSA-N	2,4-dimethoxybenzoic acid		5	paper	Europe PMC	"""2,4-dimethoxybenzoic acid"""	exact_name	medium	Allelopathic Potential of Rice and Identification of Published Allelochemicals by Cloud-Based Metabolomics Platform.	2020	32549240	https://doi.org/10.3390/metabo10060244	Ho TL, Nguyen TTC, Vu DC, Nguyen NY, Nguyen TTT, Phong TNH, Nguyen CT, Lin CH, Lei Z, Sumner LW, Le VV.	Metabolites		papers_only
RS20000564	COc1ccc(C(=O)O)c(OC)c1	7052	GPVDHNVGGIAOQT-UHFFFAOYSA-N	2,4-dimethoxybenzoic acid		5	paper	Europe PMC	"""2,4-dimethoxybenzoic acid"""	exact_name	medium	Thianthrene/TfOH-catalyzed electrophilic halogenations using <i>N</i>-halosuccinimides as the halogen source.	2024	39148788	https://doi.org/10.1039/d4sc04461d	Shi H, Zhang J, Li X, He J, Sun Y, Wu J, Du Y.	Chem Sci		papers_only
RS20000564	COc1ccc(C(=O)O)c(OC)c1	7052	GPVDHNVGGIAOQT-UHFFFAOYSA-N	2,4-dimethoxybenzoic acid		5	paper	Europe PMC	"""2,4-dimethoxybenzoic acid"""	exact_name	medium	Facile construction of distal and diversified tertiary and quaternary stereocenters.	2024	39665763	https://doi.org/10.1073/pnas.2408541121	Liu C, Ge R, Chen J, Guo H, Bartholome TA, Maiti D, Ge H.	Proc Natl Acad Sci U S A		papers_only
RS20000564	COc1ccc(C(=O)O)c(OC)c1	7052	GPVDHNVGGIAOQT-UHFFFAOYSA-N	2,4-dimethoxybenzoic acid		5	paper	Europe PMC	"""2,4-dimethoxybenzoic acid"""	exact_name	medium	Synthesis of Thiophenes from Pyridines Using Elemental Sulfur.	2025	40708408	https://doi.org/10.1002/anie.202512321	Liu Z, Greaney MF.	Angew Chem Int Ed Engl		papers_only
RS20000564	COc1ccc(C(=O)O)c(OC)c1	7052	GPVDHNVGGIAOQT-UHFFFAOYSA-N	2,4-dimethoxybenzoic acid		5	paper	Europe PMC	"""2,4-dimethoxybenzoic acid"""	exact_name	medium	Phytotoxicity in aqueous methanolic extracts of rice against junglerice and total activities of identified phytotoxic compounds	2022	IND607686659	https://doi.org/10.1111/aab.12746	Ho TL, Nguyen VL, Phan LK, Nguyen CT, Nguyen THD, Van VL, Reid SJ.	Ann Appl Biol		papers_only
RS20002834	Clc1cccnc1Cl	16988	MAKFMOSBBNKPMS-UHFFFAOYSA-N	2,3-dichloropyridine		5	paper	Europe PMC	"""2,3-dichloropyridine"""	exact_name	medium	Nature of the Nucleophilic Oxygenation Reagent Is Key to Acid-Free Gold-Catalyzed Conversion of Terminal and Internal Alkynes to 1,2-Dicarbonyls.	2020	31849233	https://doi.org/10.1021/acs.joc.9b02785	Dubovtsev AY, Shcherbakov NV, Dar'in DV, Kukushkin VY.	J Org Chem		papers_only
RS20002834	Clc1cccnc1Cl	16988	MAKFMOSBBNKPMS-UHFFFAOYSA-N	2,3-dichloropyridine		5	paper	Europe PMC	"""2,3-dichloropyridine"""	exact_name	medium	Oxygen Atom Transfer as Key To Reverse Regioselectivity in the Gold(I)-Catalyzed Generation of Aminooxazoles from Ynamides.	2021	33370118	https://doi.org/10.1021/acs.joc.0c02584	Zimin DP, Dar'in DV, Kukushkin VY, Dubovtsev AY.	J Org Chem		papers_only
RS20002834	Clc1cccnc1Cl	16988	MAKFMOSBBNKPMS-UHFFFAOYSA-N	2,3-dichloropyridine		5	paper	Europe PMC	"""2,3-dichloropyridine"""	exact_name	medium	Formal Synthesis of <i>Ortho</i>-Cyanated <i>N</i>-Heterocycles via Direct, Metal-Free Cyanation of <i>N</i>-Oxides Under Benign Conditions.	2026	41599325	https://doi.org/10.3390/molecules31020276	Xiao H, Wufuer R, Wang D.	Molecules		papers_only
RS20002834	Clc1cccnc1Cl	16988	MAKFMOSBBNKPMS-UHFFFAOYSA-N	2,3-dichloropyridine		5	paper	Europe PMC	"""2,3-dichloropyridine"""	exact_name	medium	Efficient Microwave-Assisted Palladium-Catalyzed Selective &lt;i&gt;N&lt;/i&gt;-Arylation of Anilines with 2,3-Dihalopyridines in Water.	2026	41828270	https://doi.org/10.3390/ma19051003	Hu HC, Chen CY, Yang SC.	Materials (Basel)		papers_only
RS20002834	Clc1cccnc1Cl	16988	MAKFMOSBBNKPMS-UHFFFAOYSA-N	2,3-dichloropyridine		5	paper	Europe PMC	"""2,3-dichloropyridine"""	exact_name	medium	Efficient Microwave-Assisted Palladium-Catalyzed Selective N-Arylation of Anilines with 2,3-Dihalopyridines in Water	2026	PMC12986283	https://europepmc.org/article/PMC/PMC12986283	Hu H, Chen C, Yang S.	Materials (Basel)		papers_only
RS20004318	O=C(O)Cc1ccc(C(F)(F)F)cc1	118342	HNORVZDAANCHAY-UHFFFAOYSA-N	2-[4-(trifluoromethyl)phenyl]acetic acid		2	paper	Europe PMC	"""2-[4-(trifluoromethyl)phenyl]acetic acid"""	exact_name	medium	Point-Substitution of Phenylalanine Residues of 26RFa Neuropeptide: A Structure-Activity Relationship Study.	2021	34299587	https://doi.org/10.3390/molecules26144312	Lefranc B, Alim K, Neveu C, Le Marec O, Dubessy C, Boutin JA, Chuquet J, Vaudry D, Prévost G, Picot M, Vaudry H, Chartrel N, Leprince J.	Molecules		papers_only
RS20004318	O=C(O)Cc1ccc(C(F)(F)F)cc1	118342	HNORVZDAANCHAY-UHFFFAOYSA-N	2-[4-(trifluoromethyl)phenyl]acetic acid		2	paper	Europe PMC	"""2-[4-(trifluoromethyl)phenyl]acetic acid"""	exact_name	medium	Synthesis and biological characterization of an orally bioavailable lactate dehydrogenase-A inhibitor against pancreatic cancer.	2024	38925013	https://doi.org/10.1016/j.ejmech.2024.116598	Sharma H, Mondal S, Urquiza U, Esparza C, Bartlett S, Santa-Pinter L, Hill H, White M, Sharma P, Luckett-Chastain L, Cooper A, Rasel M, Gao P, Battaile KP, Shukla SK, Lovell S, Ihnat MA.	Eur J Med Chem		papers_only
RS20004388	O=C(O)c1ccc(Cl)nc1Cl	854047	AJPKQSSFYHPYMH-UHFFFAOYSA-N	2,6-dichloropyridine-3-carboxylic acid		3	paper	Europe PMC	"""2,6-dichloropyridine-3-carboxylic acid"""	exact_name	medium	Allosteric folding correction of F508del and rare CFTR mutants by elexacaftor-tezacaftor-ivacaftor (Trikafta) combination.	2020	32853178	https://doi.org/10.1172/jci.insight.139983	Veit G, Roldan A, Hancock MA, Da Fonte DF, Xu H, Hussein M, Frenkiel S, Matouk E, Velkov T, Lukacs GL.	JCI Insight		papers_only
RS20004388	O=C(O)c1ccc(Cl)nc1Cl	854047	AJPKQSSFYHPYMH-UHFFFAOYSA-N	2,6-dichloropyridine-3-carboxylic acid		3	paper	Europe PMC	"""2,6-dichloropyridine-3-carboxylic acid"""	exact_name	medium	Top Selling (2026) Small Molecule Orphan Drugs: A Journey into Their Chemistry.	2023	36674441	https://doi.org/10.3390/ijms24020930	Benedetto Tiz D, Bagnoli L, Rosati O, Marini F, Sancineto L, Santi C.	Int J Mol Sci		papers_only
RS20004388	O=C(O)c1ccc(Cl)nc1Cl	854047	AJPKQSSFYHPYMH-UHFFFAOYSA-N	2,6-dichloropyridine-3-carboxylic acid		3	paper	Europe PMC	"""2,6-dichloropyridine-3-carboxylic acid"""	exact_name	medium	Organic Synthesis and Current Understanding of the Mechanisms of CFTR Modulator Drugs Ivacaftor, Tezacaftor, and Elexacaftor.	2024	38398574	https://doi.org/10.3390/molecules29040821	Ferreira FC, Buarque CD, Lopes-Pacheco M.	Molecules		papers_only
RS20008740	Brc1ccc2cccnc2c1	521259	XYBSZCUHOLWQQU-UHFFFAOYSA-N	7-bromoquinoline		5	paper	Europe PMC	"""7-bromoquinoline"""	exact_name	medium	Organocatalyst-mediated five-pot synthesis of (-)-quinine.	2022	36477407	https://doi.org/10.1038/s41467-022-34916-z	Terunuma T, Hayashi Y.	Nat Commun		papers_only
RS20008740	Brc1ccc2cccnc2c1	521259	XYBSZCUHOLWQQU-UHFFFAOYSA-N	7-bromoquinoline		5	paper	Europe PMC	"""7-bromoquinoline"""	exact_name	medium	An Isoxazoloquinone Derivative Inhibits Tumor Growth by Targeting STAT3 and Triggering Its Ubiquitin-Dependent Degradation.	2023	37173892	https://doi.org/10.3390/cancers15092424	Xie Y, Zhu S, Chen L, Liu H, Peng T, Ming Z, Zou Z, Hu X, Luo W, Peng K, Nie Y, Luo T, Ma D, Liu S, Luo Z.	Cancers (Basel)		papers_only
RS20008740	Brc1ccc2cccnc2c1	521259	XYBSZCUHOLWQQU-UHFFFAOYSA-N	7-bromoquinoline		5	paper	Europe PMC	"""7-bromoquinoline"""	exact_name	medium	Synthesis of Novel 7-Phenyl-2,3-Dihydropyrrolo[2,1-&lt;i&gt;b&lt;/i&gt;]Quinazolin-9(1&lt;i&gt;H&lt;/i&gt;)-ones as Cholinesterase Inhibitors Targeting Alzheimer's Disease Through Suzuki-Miyaura Cross-Coupling Reaction.	2025	40649306	https://doi.org/10.3390/molecules30132791	Turgunov D, Nie L, Nasrullaev A, Murtazaeva Z, Wang B, Kholmurodova D, Kuryazov R, Zhao J, Bozorov K, Aisa HA.	Molecules		papers_only
RS20008740	Brc1ccc2cccnc2c1	521259	XYBSZCUHOLWQQU-UHFFFAOYSA-N	7-bromoquinoline		5	paper	Europe PMC	"""7-bromoquinoline"""	exact_name	medium	Dual-State Photophysical Modulation via Bifurcated Hydrogen Bonding in a U-Shaped Dipyridophenazine-Cored Donor-π-Acceptor-π-Donor Fluorophore.	2026	41452189	https://doi.org/10.1002/chem.202503421	Takei K, Kobashi S, Divya, Tohnai N, Minakata S, Kobayashi Y, de Silva P, Takeda Y.	Chemistry		papers_only
RS20008740	Brc1ccc2cccnc2c1	521259	XYBSZCUHOLWQQU-UHFFFAOYSA-N	7-bromoquinoline		5	paper	Europe PMC	"""7-bromoquinoline"""	exact_name	medium	Formal Synthesis of <i>Ortho</i>-Cyanated <i>N</i>-Heterocycles via Direct, Metal-Free Cyanation of <i>N</i>-Oxides Under Benign Conditions.	2026	41599325	https://doi.org/10.3390/molecules31020276	Xiao H, Wufuer R, Wang D.	Molecules		papers_only
RS20008992	COc1ccc(Br)c(C)n1	10798146	VWNXCCTWVAQAPL-UHFFFAOYSA-N	3-bromo-6-methoxy-2-methylpyridine		1	paper	Europe PMC	"""3-bromo-6-methoxy-2-methylpyridine"""	exact_name	medium	Defining Structure-Functional Selectivity Relationships (SFSR) for a Class of Non-Catechol Dopamine D<sub>1</sub> Receptor Agonists.	2019	30875219	https://doi.org/10.1021/acs.jmedchem.9b00351	Martini ML, Liu J, Ray C, Yu X, Huang XP, Urs A, Urs N, McCorvy JD, Caron MG, Roth BL, Jin J.	J Med Chem		papers_only
RS20012076	O=C(O)c1cc2cc(F)ccc2[nH]1	1820	WTXBRZCVLDTWLP-UHFFFAOYSA-N	5-fluoro-1H-indole-2-carboxylic acid		5	paper	Europe PMC	"""5-fluoro-1H-indole-2-carboxylic acid"""	exact_name	medium	A long way to go: caspase inhibitors in clinical use.	2021	34654807	https://doi.org/10.1038/s41419-021-04240-3	Dhani S, Zhao Y, Zhivotovsky B.	Cell Death Dis		papers_only
RS20012076	O=C(O)c1cc2cc(F)ccc2[nH]1	1820	WTXBRZCVLDTWLP-UHFFFAOYSA-N	5-fluoro-1H-indole-2-carboxylic acid		5	paper	Europe PMC	"""5-fluoro-1H-indole-2-carboxylic acid"""	exact_name	medium	Rapid Construction of a Chloromethyl-Substituted Duocarmycin-like Prodrug.	2023	37375372	https://doi.org/10.3390/molecules28124818	Bengtsson C, Gravenfors Y.	Molecules		papers_only
RS20012076	O=C(O)c1cc2cc(F)ccc2[nH]1	1820	WTXBRZCVLDTWLP-UHFFFAOYSA-N	5-fluoro-1H-indole-2-carboxylic acid		5	paper	Europe PMC	"""5-fluoro-1H-indole-2-carboxylic acid"""	exact_name	medium	Synthesis, Structure-Activity Relationships, Radiofluorination, and Biological Evaluation of [<sup>18</sup>F]RM365, a Novel Radioligand for Imaging the Human Cannabinoid Receptor Type 2 (CB2R) in the Brain with PET.	2023	37816245	https://doi.org/10.1021/acs.jmedchem.3c01035	Teodoro R, Gündel D, Deuther-Conrad W, Kazimir A, Toussaint M, Wenzel B, Bormans G, Hey-Hawkins E, Kopka K, Brust P, Moldovan RP.	J Med Chem		papers_only
RS20012076	O=C(O)c1cc2cc(F)ccc2[nH]1	1820	WTXBRZCVLDTWLP-UHFFFAOYSA-N	5-fluoro-1H-indole-2-carboxylic acid		5	paper	Europe PMC	"""5-fluoro-1H-indole-2-carboxylic acid"""	exact_name	medium	Computational screening of chemical constituents derived from berry fruits as allosteric caspace-3/-7 inhibitors.	2024	39297056	https://doi.org/10.1007/s13205-024-04067-7	Ansari WA, Khan MA, Hasan SMM, Siddiqui Z, Ahmad S, Khan MS, Khan MF.	3 Biotech		papers_only
RS20012076	O=C(O)c1cc2cc(F)ccc2[nH]1	1820	WTXBRZCVLDTWLP-UHFFFAOYSA-N	5-fluoro-1H-indole-2-carboxylic acid		5	paper	Europe PMC	"""5-fluoro-1H-indole-2-carboxylic acid"""	exact_name	medium	A new synthetic approach to the 3,4-dihydro-1&lt;i&gt;H&lt;/i&gt;-[1,4]oxazino[4,3-&lt;i&gt;a&lt;/i&gt;]indole system from ethyl 1&lt;i&gt;H&lt;/i&gt;-indole-2-carboxylates and activated glycerol carbonate.	2025	40476254	https://doi.org/10.1039/d5ra02996a	Zagorskytė I, Arbačiauskienė E, Račkauskienė G, Belyakov S, Bieliauskas A, Rollin P, Šačkus A.	RSC Adv		papers_only
RS20013803	CC(c1cc2ccccc2s1)N(O)C(N)=O	60490	MWLSOWXNZPKENC-UHFFFAOYSA-N	1-[1-(1-benzothiophen-2-yl)ethyl]-1-hydroxyurea		3	paper	Europe PMC	"""1-[1-(1-benzothiophen-2-yl)ethyl]-1-hydroxyurea"""	exact_name	medium	Development and validation of a liquid chromatography-mass spectrometry method for the determination of zileuton in human plasma.	2014	25853069	https://doi.org/10.3797/scipharm.1402-19	Prakash K, Adiki SK, Kalakuntla RR.	Sci Pharm		papers_only
RS20013803	CC(c1cc2ccccc2s1)N(O)C(N)=O	60490	MWLSOWXNZPKENC-UHFFFAOYSA-N	1-[1-(1-benzothiophen-2-yl)ethyl]-1-hydroxyurea		3	paper	Europe PMC	"""1-[1-(1-benzothiophen-2-yl)ethyl]-1-hydroxyurea"""	exact_name	medium	Inhibition of 5-lipoxygenase inhibitor zileuton in high-fat diet-induced nonalcoholic fatty liver disease progression model.	2017	29299197	https://doi.org/10.22038/ijbms.2017.9482	Ma K, Chen Y, Liang X, Miao J, Zhao Q.	Iran J Basic Med Sci		papers_only
RS20013803	CC(c1cc2ccccc2s1)N(O)C(N)=O	60490	MWLSOWXNZPKENC-UHFFFAOYSA-N	1-[1-(1-benzothiophen-2-yl)ethyl]-1-hydroxyurea		3	paper	Europe PMC	"""1-[1-(1-benzothiophen-2-yl)ethyl]-1-hydroxyurea"""	exact_name	medium	Zileuton	2006	30000545	https://pubmed.ncbi.nlm.nih.gov/30000545/		MED		papers_only
RS20014529	COc1ccc(C(=O)O)c(C)c1	597216	MSVRGYOYISBGTH-UHFFFAOYSA-N	4-methoxy-2-methylbenzoic acid		2	paper	Europe PMC	"""4-methoxy-2-methylbenzoic acid"""	exact_name	medium	Long-Range Olefin Isomerization Catalyzed by Palladium(0) Nanoparticles.	2017	31457465	https://doi.org/10.1021/acsomega.6b00509	Chuc LTN, Chen CS, Lo WS, Shen PC, Hsuan YC, Tsai HG, Shieh FK, Hou DR.	ACS Omega		papers_only
RS20014529	COc1ccc(C(=O)O)c(C)c1	597216	MSVRGYOYISBGTH-UHFFFAOYSA-N	4-methoxy-2-methylbenzoic acid		2	paper	Europe PMC	"""4-methoxy-2-methylbenzoic acid"""	exact_name	medium	Structure-Activity Relationship of Phenylpyrazolones against Trypanosoma cruzi.	2020	32249532	https://doi.org/10.1002/cmdc.202000136	Sijm M, Sterk GJ, Caljon G, Maes L, de Esch IJP, Leurs R.	ChemMedChem		papers_only
WX100765	CC(C)(C)OC(=O)N1CCC2(CC1)NC(=O)NC2=O	3629994	DHJXKTPWDXJQEK-UHFFFAOYSA-N	tert-butyl 2,4-dioxo-1,3,8-triazaspiro[4.5]decane-8-carboxylate		2	paper	Europe PMC	"""tert-butyl 2,4-dioxo-1,3,8-triazaspiro[4.5]decane-8-carboxylate"""	exact_name	medium	Evaluation of spiropiperidine hydantoins as a novel class of antimalarial agents.	2015	25797165	https://doi.org/10.1016/j.bmc.2015.02.050	Meyers MJ, Anderson EJ, McNitt SA, Krenning TM, Singh M, Xu J, Zeng W, Qin L, Xu W, Zhao S, Qin L, Eickhoff CS, Oliva J, Campbell MA, Arnett SD, Prinsen MJ, Griggs DW, Ruminski PG, Goldberg DE, Ding K, Liu X, Tu Z, Tortorella MD, Sverdrup FM, Chen X.	Bioorg Med Chem		papers_only
WX100765	CC(C)(C)OC(=O)N1CCC2(CC1)NC(=O)NC2=O	3629994	DHJXKTPWDXJQEK-UHFFFAOYSA-N	tert-butyl 2,4-dioxo-1,3,8-triazaspiro[4.5]decane-8-carboxylate		2	paper	Europe PMC	"""tert-butyl 2,4-dioxo-1,3,8-triazaspiro[4.5]decane-8-carboxylate"""	exact_name	medium	Discovery of Potent Coumarin-Based Kinetic Stabilizers of Amyloidogenic Immunoglobulin Light Chains Using Structure-Based Design.	2021	33939422	https://doi.org/10.1021/acs.jmedchem.1c00339	Yan NL, Santos-Martins D, Nair R, Chu A, Wilson IA, Johnson KA, Forli S, Morgan GJ, Petrassi HM, Kelly JW.	J Med Chem		papers_only
WX101888	CC(C)(C)OC(=O)N1CC2(CCC(CO)O2)C1	71762894	IQPBJPYNUXVTEC-UHFFFAOYSA-N	tert-butyl 6-(hydroxymethyl)-5-oxa-2-azaspiro[3.4]octane-2-carboxylate		1	paper	Europe PMC	"""tert-butyl 6-(hydroxymethyl)-5-oxa-2-azaspiro[3.4]octane-2-carboxylate"""	exact_name	medium	Synthesis of a family of spirocyclic scaffolds: building blocks for the exploration of chemical space.	2013	23758452	https://doi.org/10.1021/jo400738b	Kumar S, Thornton PD, Painter TO, Jain P, Downard J, Douglas JT, Santini C.	J Org Chem		papers_only
WX130112	O=C(O)c1cn2ccc(Cl)cc2n1	28875810	BEFUOITXMHRTRQ-UHFFFAOYSA-N	7-chloroimidazo[1,2-a]pyridine-2-carboxylic acid		1	paper	Europe PMC	"""7-chloroimidazo[1,2-a]pyridine-2-carboxylic acid"""	exact_name	medium	Design, synthesis, and biological evaluation of novel imidazo[1,2-a]pyridinecarboxamides as potent anti-tuberculosis agents.	2020	32515129	https://doi.org/10.1111/cbdd.13739	Onajole OK, Lun S, Yun YJ, Langue DY, Jaskula-Dybka M, Flores A, Frazier E, Scurry AC, Zavala A, Arreola KR, Pierzchalski B, Ayitou AJ, Bishai WR.	Chem Biol Drug Des		papers_only
WX140967	O=C1NCCCc2[nH]ccc21	54267465	RHTHRCHIHDNCNA-UHFFFAOYSA-N	5,6,7,8-tetrahydro-1H-pyrrolo[3,2-c]azepin-4-one		1	paper	Europe PMC	"""5,6,7,8-tetrahydro-1H-pyrrolo[3,2-c]azepin-4-one"""	exact_name	medium	PHARMACEUTICALLY ACCEPTABLE SALTS OF PYRROLO-NITROGENOUS HETEROCYCLIC DERIVATIVES, PREPARATION METHOD AND MEDICAL USE THEREOF	2011	WO2011095068	https://europepmc.org/article/PAT/WO2011095068	TANG PENG CHO.	PAT		papers_only
WX602171	O=C1CCc2ccccc2N1	64796	TZOYXRMEFDYWDQ-UHFFFAOYSA-N	3,4-dihydro-1H-quinolin-2-one		5	paper	Europe PMC	"""3,4-dihydro-1H-quinolin-2-one"""	exact_name	medium	Aripiprazole	2006	30000075	https://pubmed.ncbi.nlm.nih.gov/30000075/		MED		papers_only
WX602171	O=C1CCc2ccccc2N1	64796	TZOYXRMEFDYWDQ-UHFFFAOYSA-N	3,4-dihydro-1H-quinolin-2-one		5	paper	Europe PMC	"""3,4-dihydro-1H-quinolin-2-one"""	exact_name	medium	Carteolol	2006	30000575	https://pubmed.ncbi.nlm.nih.gov/30000575/		MED		papers_only
WX602171	O=C1CCc2ccccc2N1	64796	TZOYXRMEFDYWDQ-UHFFFAOYSA-N	3,4-dihydro-1H-quinolin-2-one		5	paper	Europe PMC	"""3,4-dihydro-1H-quinolin-2-one"""	exact_name	medium	New Insights on the Activity and Selectivity of MAO-B Inhibitors through In Silico Methods.	2023	37298535	https://doi.org/10.3390/ijms24119583	Pacureanu L, Bora A, Crisan L.	Int J Mol Sci		papers_only
WX602171	O=C1CCc2ccccc2N1	64796	TZOYXRMEFDYWDQ-UHFFFAOYSA-N	3,4-dihydro-1H-quinolin-2-one		5	paper	Europe PMC	"""3,4-dihydro-1H-quinolin-2-one"""	exact_name	medium	Epigenetics in pharmacogenes encoding metabolizing enzymes of second-generation antipsychotics used in schizophrenia and its clinical implications.	2025	40978466	https://doi.org/10.3389/fphar.2025.1611203	Alvarado AT, Zavaleta AI, Li-Amenero C, Bendezú MR, Garcia JA, Chávez H, Palomino-Jhong JJ, Surco-Laos F, Laos-Anchante D, Melgar-Merino EJ, Bolarte-Arteaga M, Tasayco-Yataco N, Pariona-Llanos R.	Front Pharmacol		papers_only
WX602171	O=C1CCc2ccccc2N1	64796	TZOYXRMEFDYWDQ-UHFFFAOYSA-N	3,4-dihydro-1H-quinolin-2-one		5	paper	Europe PMC	"""3,4-dihydro-1H-quinolin-2-one"""	exact_name	medium	Development of retinoid nuclear receptor pathway antagonists through targeting aldehyde dehydrogenase 1A3.	2025	41210994	https://doi.org/10.1016/j.isci.2025.113675	Esposito M, Fang C, Wei Y, Pozzan A, Beato C, Su X, Hutton JE, Reed T, Hang X, Perini ED, Wang W, Cheng X, Pan Y, Yu J, Kane M, Manoharan M, Proudfoot J, Cristea IM, Kang Y.	iScience		papers_only
WX609319	CN1CCN(c2ccc([N+](=O)[O-])cc2)CC1	2825198	GZNDUKANJZIZOT-UHFFFAOYSA-N	1-methyl-4-(4-nitrophenyl)piperazine		5	paper	Europe PMC	"""1-methyl-4-(4-nitrophenyl)piperazine"""	exact_name	medium	Novel benzothiazole, benzimidazole and benzoxazole derivatives as potential antitumor agents: synthesis and preliminary in vitro biological evaluation.	2012	22252503	https://doi.org/10.3390/molecules17010873	Xiang P, Zhou T, Wang L, Sun CY, Hu J, Zhao YL, Yang L.	Molecules		papers_only
WX609319	CN1CCN(c2ccc([N+](=O)[O-])cc2)CC1	2825198	GZNDUKANJZIZOT-UHFFFAOYSA-N	1-methyl-4-(4-nitrophenyl)piperazine		5	paper	Europe PMC	"""1-methyl-4-(4-nitrophenyl)piperazine"""	exact_name	medium	Synthesis and initial <i>in vitro</i> evaluation of olmutinib derivatives as prospective imaging probe for non-small cell lung cancer.	2024	38327635	https://doi.org/10.34172/bi.2023.27774	Fawwaz M, Mishiro K, Arwansyah A, Nishii R, Ogawa K.	Bioimpacts		papers_only
WX609319	CN1CCN(c2ccc([N+](=O)[O-])cc2)CC1	2825198	GZNDUKANJZIZOT-UHFFFAOYSA-N	1-methyl-4-(4-nitrophenyl)piperazine		5	paper	Europe PMC	"""1-methyl-4-(4-nitrophenyl)piperazine"""	exact_name	medium	Explorations of Agonist Selectivity for the α9* nAChR with Novel Substituted Carbamoyl/Amido/Heteroaryl Dialkylpiperazinium Salts and Their Therapeutic Implications in Pain and Inflammation.	2024	38748608	https://doi.org/10.1021/acs.jmedchem.3c02429	Andleeb H, Papke RL, Stokes C, Richter K, Herz SM, Chiang K, Kanumuri SRR, Sharma A, Damaj MI, Grau V, Horenstein NA, Thakur GA.	J Med Chem		papers_only
WX609319	CN1CCN(c2ccc([N+](=O)[O-])cc2)CC1	2825198	GZNDUKANJZIZOT-UHFFFAOYSA-N	1-methyl-4-(4-nitrophenyl)piperazine		5	paper	Europe PMC	"""1-methyl-4-(4-nitrophenyl)piperazine"""	exact_name	medium	Design, synthesis, and evaluation of novel stilbene derivatives that degrade acidic nucleoplasmic DNA-binding protein 1 (And1) and synergize with PARP1 inhibitor in NSCLC cells.	2024	39072709	https://doi.org/10.1080/14756366.2024.2383886	Chen L, Ren Z, Zhang Y, Hou W, Li Y.	J Enzyme Inhib Med Chem		papers_only
WX609319	CN1CCN(c2ccc([N+](=O)[O-])cc2)CC1	2825198	GZNDUKANJZIZOT-UHFFFAOYSA-N	1-methyl-4-(4-nitrophenyl)piperazine		5	paper	Europe PMC	"""1-methyl-4-(4-nitrophenyl)piperazine"""	exact_name	medium	Novel <i>N</i>-phenyl-2-(aniline) benzamide hydrochloride salt development for colon cancer therapy.	2024	39559733	https://doi.org/10.3389/fphar.2024.1452904	Peng Y, Peng Y, Zhang W, Zhang S, Peng H, Li Z, Li B, Liu L, Zhuo L, Wang Z, Wu J, Jiang W.	Front Pharmacol		papers_only
WX609913	Cn1ncc2cc([N+](=O)[O-])ccc21	280211	JHPMRMBDPINHAV-UHFFFAOYSA-N	1-methyl-5-nitroindazole		5	paper	Europe PMC	"""1-methyl-5-nitroindazole"""	exact_name	medium	4-Meth-oxy-N-(1-methyl-1H-indazol-5-yl)benzene-sulfonamide.	2013	24427037	https://doi.org/10.1107/s1600536813021624	Chicha H, Rakib el M, Geffken D, Saadi M, El Ammari L.	Acta Crystallogr Sect E Struct Rep Online		papers_only
WX609913	Cn1ncc2cc([N+](=O)[O-])ccc21	280211	JHPMRMBDPINHAV-UHFFFAOYSA-N	1-methyl-5-nitroindazole		5	paper	Europe PMC	"""1-methyl-5-nitroindazole"""	exact_name	medium	4-Methyl-N-(1-methyl-1H-indazol-5-yl)benzene-sulfonamide.	2013	24427093	https://doi.org/10.1107/s1600536813023398	Chicha H, Oulemda B, Rakib el M, Saadi M, El Ammari L.	Acta Crystallogr Sect E Struct Rep Online		papers_only
WX609913	Cn1ncc2cc([N+](=O)[O-])ccc21	280211	JHPMRMBDPINHAV-UHFFFAOYSA-N	1-methyl-5-nitroindazole		5	paper	Europe PMC	"""1-methyl-5-nitroindazole"""	exact_name	medium	N-(3-Chloro-1-methyl-1H-indazol-5-yl)-4-methylbenzene-sulfonamide.	2014	24764895	https://doi.org/10.1107/s1600536814001184	Chicha H, Rakib el M, Amiri O, Saadi M, El Ammari L.	Acta Crystallogr Sect E Struct Rep Online		papers_only
WX609913	Cn1ncc2cc([N+](=O)[O-])ccc21	280211	JHPMRMBDPINHAV-UHFFFAOYSA-N	1-methyl-5-nitroindazole		5	paper	Europe PMC	"""1-methyl-5-nitroindazole"""	exact_name	medium	N-(3-Chloro-4-eth-oxy-1-methyl-1H-indazol-5-yl)-4-meth-oxy-benzene-sulfonamide.	2014	24940259	https://doi.org/10.1107/s1600536814010800	Chicha H, Rakib el M, Hannioui A, Saadi M, El Ammari L.	Acta Crystallogr Sect E Struct Rep Online		papers_only
WX609913	Cn1ncc2cc([N+](=O)[O-])ccc21	280211	JHPMRMBDPINHAV-UHFFFAOYSA-N	1-methyl-5-nitroindazole		5	paper	Europe PMC	"""1-methyl-5-nitroindazole"""	exact_name	medium	Regioselective C-H Functionalization of the Six-Membered Ring of the 6,5-Fused Heterocyclic Systems: An Overview.	2021	34641306	https://doi.org/10.3390/molecules26195763	Faarasse S, El Brahmi N, Guillaumet G, El Kazzouli S.	Molecules		papers_only
WX609941	CCOc1cc(OC)ccc1[N+](=O)[O-]	101585305	HGFTWYVQUALFRA-UHFFFAOYSA-N	2-ethoxy-4-methoxy-1-nitrobenzene		1	paper	Europe PMC	"""2-ethoxy-4-methoxy-1-nitrobenzene"""	exact_name	medium	Transetherification of 2,4-dimethoxynitrobenzene by aromatic nucleophilic substitution.	2017	28832632	https://doi.org/10.1371/journal.pone.0183575	Song J, Kang HJ, Lee JW, Wenas MA, Jeong SH, Lee T, Oh K, Min KH.	PLoS One		papers_only
WX609947	COc1ccc(CNC(=O)Nc2ncc([N+](=O)[O-])s2)cc1	448014	YAEMHJKFIIIULI-UHFFFAOYSA-N	1-[(4-methoxyphenyl)methyl]-3-(5-nitro-1,3-thiazol-2-yl)urea		1	paper	Europe PMC	"""1-[(4-methoxyphenyl)methyl]-3-(5-nitro-1,3-thiazol-2-yl)urea"""	exact_name	medium	The dual role of glycogen synthase kinase-3 beta (GSK3β) in neurodegenerative pathologies: interplay between autophagy and disease progression.	2025	41190025	https://doi.org/10.3389/fphar.2025.1693805	Alhassan HH, Janiyani K, Surti M, Adnan M, Patel M.	Front Pharmacol		papers_only
WX609948	Cc1ccc2cc([N+](=O)[O-])ccc2n1	69172	DXDPHHQJZWWAEH-UHFFFAOYSA-N	2-methyl-6-nitroquinoline		4	paper	Europe PMC	"""2-methyl-6-nitroquinoline"""	exact_name	medium	A Survey of Solvents for the Conrad-Limpach Synthesis of 4-Hydroxyquinolones.	2009	20046955	https://doi.org/10.1080/00397910802542044	Brouet JC, Gu S, Peet NP, Williams JD.	Synth Commun		papers_only
WX609948	Cc1ccc2cc([N+](=O)[O-])ccc2n1	69172	DXDPHHQJZWWAEH-UHFFFAOYSA-N	2-methyl-6-nitroquinoline		4	paper	Europe PMC	"""2-methyl-6-nitroquinoline"""	exact_name	medium	Small molecule inhibitors of anthrax lethal factor toxin.	2014	24290062	https://doi.org/10.1016/j.bmc.2013.11.009	Williams JD, Khan AR, Cardinale SC, Butler MM, Bowlin TL, Peet NP.	Bioorg Med Chem		papers_only
WX609948	Cc1ccc2cc([N+](=O)[O-])ccc2n1	69172	DXDPHHQJZWWAEH-UHFFFAOYSA-N	2-methyl-6-nitroquinoline		4	paper	Europe PMC	"""2-methyl-6-nitroquinoline"""	exact_name	medium	Nanomaterial assisted bulk scale synthesis of 2-methyl-6-nitroquinoline.	2021	32837922	https://doi.org/10.1016/j.matpr.2020.07.103	Chandrappa M, Swathi K, Girish Kumar S, Pullela PK.	Mater Today Proc		papers_only
WX609948	Cc1ccc2cc([N+](=O)[O-])ccc2n1	69172	DXDPHHQJZWWAEH-UHFFFAOYSA-N	2-methyl-6-nitroquinoline		4	paper	Europe PMC	"""2-methyl-6-nitroquinoline"""	exact_name	medium	The synthesis of imidazo[1,5-<i>a</i>]quinolines <i>via</i> a decarboxylative cyclization under metal-free conditions.	2018	35540158	https://doi.org/10.1039/c8ra03786h	Yan Z, Wan C, Yang Y, Zha Z, Wang Z.	RSC Adv		papers_only
WX610103	O=C(O)Cc1ccc(OC(F)(F)F)cc1	2777319	ZMTIBXQPXBUWPQ-UHFFFAOYSA-N	2-[4-(trifluoromethoxy)phenyl]acetic acid		5	paper	Europe PMC	"""2-[4-(trifluoromethoxy)phenyl]acetic acid"""	exact_name	medium	Synthesis of a magnetic micelle molecularly imprinted polymers to selective adsorption of rutin from Sophora japonica.	2023	36495684	https://doi.org/10.1016/j.jchromb.2022.123492	Zhang H, Zhao Q, Qiu J, Wang Z, Yang X.	J Chromatogr B Analyt Technol Biomed Life Sci		papers_only
WX610103	O=C(O)Cc1ccc(OC(F)(F)F)cc1	2777319	ZMTIBXQPXBUWPQ-UHFFFAOYSA-N	2-[4-(trifluoromethoxy)phenyl]acetic acid		5	paper	Europe PMC	"""2-[4-(trifluoromethoxy)phenyl]acetic acid"""	exact_name	medium	Assessment of 13 essential and toxic trace elements in tumor and peritumoral brain tissues from human glioblastoma.	2023	37741885	https://doi.org/10.1007/s00775-023-02021-1	Zeng HL, Jia B, Yang Q, Zeng F, Li H, Li CX, Cheng L.	J Biol Inorg Chem		papers_only
WX610103	O=C(O)Cc1ccc(OC(F)(F)F)cc1	2777319	ZMTIBXQPXBUWPQ-UHFFFAOYSA-N	2-[4-(trifluoromethoxy)phenyl]acetic acid		5	paper	Europe PMC	"""2-[4-(trifluoromethoxy)phenyl]acetic acid"""	exact_name	medium	Ulcerative Colitis Preceding Asymptomatic Wilson's Disease: A Case Report and Literature Review.	2025	39790242	https://doi.org/10.1016/j.gastha.2024.09.003	Kunizaki J, Yoto Y, Nagaoka Y, Ishii A, Kazama T, Wagatsuma K, Akutsu N, Ishikawa A, Tanaka T, Sugita S, Tsugawa T, Nakase H.	Gastro Hep Adv		papers_only
WX610103	O=C(O)Cc1ccc(OC(F)(F)F)cc1	2777319	ZMTIBXQPXBUWPQ-UHFFFAOYSA-N	2-[4-(trifluoromethoxy)phenyl]acetic acid		5	paper	Europe PMC	"""2-[4-(trifluoromethoxy)phenyl]acetic acid"""	exact_name	medium	Effects of <i>Heyndrickxia coagulans</i> on Waterborne Copper Toxicity.	2025	40003709	https://doi.org/10.3390/life15020300	Huang CT, Chen CY, Liang YJ.	Life (Basel)		papers_only
WX610103	O=C(O)Cc1ccc(OC(F)(F)F)cc1	2777319	ZMTIBXQPXBUWPQ-UHFFFAOYSA-N	2-[4-(trifluoromethoxy)phenyl]acetic acid		5	paper	Europe PMC	"""2-[4-(trifluoromethoxy)phenyl]acetic acid"""	exact_name	medium	In This Issue, Volume 15, Issue 12	2024	PMC11647669	https://europepmc.org/article/PMC/PMC11647669		ACS Med Chem Lett		papers_only
WX610123	O=C(O)C1Cc2ccccc2C1	575777	XUDCMQBOWOLYCF-UHFFFAOYSA-N	2,3-dihydro-1H-indene-2-carboxylic acid		5	paper	Europe PMC	"""2,3-dihydro-1H-indene-2-carboxylic acid"""	exact_name	medium	Asymmetric Chlorination of β-Keto Esters Using Diaminomethylenemalononitrile Organocatalyst.	2016	27904086	https://doi.org/10.1248/cpb.c16-00722	Sakai T, Hirashima SI, Nakashima K, Maeda C, Yoshida A, Koseki Y, Miura T.	Chem Pharm Bull (Tokyo)		papers_only
WX610123	O=C(O)C1Cc2ccccc2C1	575777	XUDCMQBOWOLYCF-UHFFFAOYSA-N	2,3-dihydro-1H-indene-2-carboxylic acid		5	paper	Europe PMC	"""2,3-dihydro-1H-indene-2-carboxylic acid"""	exact_name	medium	Identification of compounds acting as negative allosteric modulators of the LPA<sub>1</sub> receptor.	2018	29807028	https://doi.org/10.1016/j.ejphar.2018.05.040	Ellery J, Dickson L, Cheung T, Ciuclan L, Bunyard P, Mack S, Buffham WJ, Farnaby W, Mitchell P, Brown D, Isaacs R, Barnes M.	Eur J Pharmacol		papers_only
WX610123	O=C(O)C1Cc2ccccc2C1	575777	XUDCMQBOWOLYCF-UHFFFAOYSA-N	2,3-dihydro-1H-indene-2-carboxylic acid		5	paper	Europe PMC	"""2,3-dihydro-1H-indene-2-carboxylic acid"""	exact_name	medium	Structure-based discovery of CFTR potentiators and inhibitors.	2024	38810646	https://doi.org/10.1016/j.cell.2024.04.046	Liu F, Kaplan AL, Levring J, Einsiedel J, Tiedt S, Distler K, Omattage NS, Kondratov IS, Moroz YS, Pietz HL, Irwin JJ, Gmeiner P, Shoichet BK, Chen J.	Cell		papers_only
WX610123	O=C(O)C1Cc2ccccc2C1	575777	XUDCMQBOWOLYCF-UHFFFAOYSA-N	2,3-dihydro-1H-indene-2-carboxylic acid		5	paper	Europe PMC	"""2,3-dihydro-1H-indene-2-carboxylic acid"""	exact_name	medium	Potent and Selective Human Constitutive Androstane Receptor Activator DL5055 Facilitates Cyclophosphamide-Based Chemotherapies.	2025	40145447	https://doi.org/10.1021/acs.jmedchem.4c02064	Liang D, Li L, Ai Y, Li Z, Hedrich WD, Sakamuru S, Lynch C, Yu W, Watts-Ouattara I, Heyward S, Xia M, MacKerell AD, Wang H, Xue F.	J Med Chem		papers_only
WX610123	O=C(O)C1Cc2ccccc2C1	575777	XUDCMQBOWOLYCF-UHFFFAOYSA-N	2,3-dihydro-1H-indene-2-carboxylic acid		5	paper	Europe PMC	"""2,3-dihydro-1H-indene-2-carboxylic acid"""	exact_name	medium	Screening assay to monitor mono-ADP-ribosylhydrolase activity of viral macrodomains in cells.	2026	41820535	https://doi.org/10.1038/s42003-026-09832-3	Knapp S, Weber V, Verheirstraeten M, Sabcheva A, Wright T, Herkens L, Hauser L, Hirschen L, Golzmann A, Lippok B, Krieg S, Ferraris D, Knapp S, Ladurner AG, Rossetti G, Lüscher B, Korn P.	Commun Biol		papers_only
WX610232	COCc1ccc(C(=O)O)cc1	308473	OORFINRYBCDBEN-UHFFFAOYSA-N	4-(methoxymethyl)benzoic acid		3	paper	Europe PMC	"""4-(methoxymethyl)benzoic acid"""	exact_name	medium	Structure activity relationship towards design of cryptosporidium specific thymidylate synthase inhibitors.	2019	31536894	https://doi.org/10.1016/j.ejmech.2019.111673	Czyzyk DJ, Valhondo M, Deiana L, Tirado-Rives J, Jorgensen WL, Anderson KS.	Eur J Med Chem		papers_only
WX610232	COCc1ccc(C(=O)O)cc1	308473	OORFINRYBCDBEN-UHFFFAOYSA-N	4-(methoxymethyl)benzoic acid		3	paper	Europe PMC	"""4-(methoxymethyl)benzoic acid"""	exact_name	medium	Antibacterial metabolites from the beetle-associated fungus Penicillium chrysogenum.	2023	37466533	https://doi.org/10.1590/0001-3765202320220178	Li TX, Su HY, Yu JC, Hao H, Jia XW, Shi FC, Xu CP.	An Acad Bras Cienc		papers_only
WX610232	COCc1ccc(C(=O)O)cc1	308473	OORFINRYBCDBEN-UHFFFAOYSA-N	4-(methoxymethyl)benzoic acid		3	paper	Europe PMC	"""4-(methoxymethyl)benzoic acid"""	exact_name	medium	4(3&lt;i&gt;H&lt;/i&gt;)-Quinazolinone: A Natural Scaffold for Drug and Agrochemical Discovery.	2025	40141117	https://doi.org/10.3390/ijms26062473	Chen K, Wang S, Fu S, Kim J, Park P, Liu R, Lei K.	Int J Mol Sci		papers_only
WX610381	O=C(O)CCc1nc(-c2ccc(F)cc2)no1	7130711	BUMRHSFCLPSTJE-UHFFFAOYSA-N	3-[3-(4-fluorophenyl)-1,2,4-oxadiazol-5-yl]propanoic acid		1	paper	Europe PMC	"""BUMRHSFCLPSTJE-UHFFFAOYSA-N"""	exact_identifier	high	The enzyme 3-hydroxykynurenine transaminase as potential target for 1,2,4-oxadiazoles with larvicide activity against the dengue vector Aedes aegypti.	2013	24095017	https://doi.org/10.1016/j.bmc.2013.09.020	Oliveira VS, Pimenteira C, da Silva-Alves DC, Leal LL, Neves-Filho RA, Navarro DM, Santos GK, Dutra KA, dos Anjos JV, Soares TA.	Bioorg Med Chem		papers_only
WX610388	COc1cc(CC(=O)O)cc(OC)c1	138316	FFPAFDDLAGTGPQ-UHFFFAOYSA-N	2-(3,5-dimethoxyphenyl)acetic acid		5	paper	Europe PMC	"""2-(3,5-dimethoxyphenyl)acetic acid"""	exact_name	medium	Controlled-deactivation cannabinergic ligands.	2013	24286207	https://doi.org/10.1021/jm4016075	Sharma R, Nikas SP, Paronis CA, Wood JT, Halikhedkar A, Guo JJ, Thakur GA, Kulkarni S, Benchama O, Raghav JG, Gifford RS, Järbe TU, Bergman J, Makriyannis A.	J Med Chem		papers_only
WX610388	COc1cc(CC(=O)O)cc(OC)c1	138316	FFPAFDDLAGTGPQ-UHFFFAOYSA-N	2-(3,5-dimethoxyphenyl)acetic acid		5	paper	Europe PMC	"""2-(3,5-dimethoxyphenyl)acetic acid"""	exact_name	medium	Discovery of KLS-13019, a Cannabidiol-Derived Neuroprotective Agent, with Improved Potency, Safety, and Permeability.	2016	27096053	https://doi.org/10.1021/acsmedchemlett.6b00009	Kinney WA, McDonnell ME, Zhong HM, Liu C, Yang L, Ling W, Qian T, Chen Y, Cai Z, Petkanas D, Brenneman DE.	ACS Med Chem Lett		papers_only
WX610388	COc1cc(CC(=O)O)cc(OC)c1	138316	FFPAFDDLAGTGPQ-UHFFFAOYSA-N	2-(3,5-dimethoxyphenyl)acetic acid		5	paper	Europe PMC	"""2-(3,5-dimethoxyphenyl)acetic acid"""	exact_name	medium	Novel Selective Estrogen Receptor Ligand Conjugates Incorporating Endoxifen-Combretastatin and Cyclofenil-Combretastatin Hybrid Scaffolds: Synthesis and Biochemical Evaluation.	2017	28858267	https://doi.org/10.3390/molecules22091440	Kelly PM, Keely NO, Bright SA, Yassin B, Ana G, Fayne D, Zisterer DM, Meegan MJ.	Molecules		papers_only
WX610388	COc1cc(CC(=O)O)cc(OC)c1	138316	FFPAFDDLAGTGPQ-UHFFFAOYSA-N	2-(3,5-dimethoxyphenyl)acetic acid		5	paper	Europe PMC	"""2-(3,5-dimethoxyphenyl)acetic acid"""	exact_name	medium	Structure-Activity Relationship Studies of Antimalarial <i>Plasmodium</i> Proteasome Inhibitors─Part II.	2023	36630286	https://doi.org/10.1021/acs.jmedchem.2c01651	Zhang H, Ginn J, Zhan W, Leung A, Liu YJ, Toita A, Okamoto R, Wong TT, Imaeda T, Hara R, Michino M, Yukawa T, Chelebieva S, Tumwebaze PK, Vendome J, Beuming T, Sato K, Aso K, Rosenthal PJ, Cooper RA, Liverton N, Foley M, Meinke PT, Nathan CF, Kirkman LA, Lin G.	J Med Chem		papers_only
WX610388	COc1cc(CC(=O)O)cc(OC)c1	138316	FFPAFDDLAGTGPQ-UHFFFAOYSA-N	2-(3,5-dimethoxyphenyl)acetic acid		5	paper	Europe PMC	"""2-(3,5-dimethoxyphenyl)acetic acid"""	exact_name	medium	Highly potent and selective phosphatidylinositol 4-kinase IIIβ inhibitors as broad-spectrum anti-rhinoviral agents.	2024	38389877	https://doi.org/10.1039/d3md00630a	G Vishakantegowda A, Hwang D, Chakrasali P, Jung E, Lee JY, Shin JS, Jung YS.	RSC Med Chem		papers_only
WX612086	O=C(O)C1=CCc2ccccc21	84261	NZSCUDBGUBVDLO-UHFFFAOYSA-N	3H-indene-1-carboxylic acid		5	paper	Europe PMC	"""3H-indene-1-carboxylic acid"""	exact_name	medium	Influence of Admixture Source on Fresh Properties of Self-Consolidating Concrete.	2024	38998297	https://doi.org/10.3390/ma17133215	Ghafoori N, Gbadamosi A, Diawara H, Hasnat A.	Materials (Basel)		papers_only
WX612086	O=C(O)C1=CCc2ccccc21	84261	NZSCUDBGUBVDLO-UHFFFAOYSA-N	3H-indene-1-carboxylic acid		5	paper	Europe PMC	"""3H-indene-1-carboxylic acid"""	exact_name	medium	Total Synthesis of (+)- and (-)-Calycanthidine and Formal Synthesis of (-)-Idiospermuline via Key Pd(0)-Catalyzed Asymmetric Allylations.	2024	39636269	https://doi.org/10.1021/acs.orglett.4c03837	Roy A, Shyamal P, Shaw K, Mondal D, Khatua A, Bisai A.	Org Lett		papers_only
WX612086	O=C(O)C1=CCc2ccccc21	84261	NZSCUDBGUBVDLO-UHFFFAOYSA-N	3H-indene-1-carboxylic acid		5	paper	Europe PMC	"""3H-indene-1-carboxylic acid"""	exact_name	medium	Ultralong Room-Temperature Qubit Lifetimes of Covalent Organic Frameworks.	2025	40844419	https://doi.org/10.1021/jacs.5c09638	Sun Z, Ni W, Li D, Du X, Zhou A, Liu S, Sun L.	J Am Chem Soc		papers_only
WX612086	O=C(O)C1=CCc2ccccc21	84261	NZSCUDBGUBVDLO-UHFFFAOYSA-N	3H-indene-1-carboxylic acid		5	paper	Europe PMC	"""3H-indene-1-carboxylic acid"""	exact_name	medium	Stage-Responsive Multifunctional Microneedle Patches for Enhanced Biofilm Penetration and Accelerated Healing of Bacterial Infected Skin Wounds.	2025	41248935	https://doi.org/10.1021/acsami.5c20107	Wang Y, Xu K, He X, Kang X, Tang C, Niu C, Li Z, Weng J, Li J, Chen X.	ACS Appl Mater Interfaces		papers_only
WX612086	O=C(O)C1=CCc2ccccc21	84261	NZSCUDBGUBVDLO-UHFFFAOYSA-N	3H-indene-1-carboxylic acid		5	paper	Europe PMC	"""3H-indene-1-carboxylic acid"""	exact_name	medium	Foliar Uptake, Metabolism, and Phytotoxicity of Typical Citric Acid Esters in Lettuce (&lt;i&gt;Lactuca sativa&lt;/i&gt; L.) Plants.	2026	41703736	https://doi.org/10.1021/acs.jafc.5c15511	Qian C, Tian H, Wang K, Fan Z, Wang Y, Sun H, Han M.	J Agric Food Chem		papers_only
WX612096	COc1cc(C)cc(C(=O)O)c1	300711	ALUKWQVSCATDLJ-UHFFFAOYSA-N	3-methoxy-5-methylbenzoic acid		4	paper	Europe PMC	"""3-methoxy-5-methylbenzoic acid"""	exact_name	medium	Macrophomate synthase: characterization, sequence, and expression in Escherichia coli of the novel enzyme catalyzing unusual multistep transformation of 2-pyrones to benzoates.	2000	10731719	https://doi.org/10.1093/oxfordjournals.jbchem.a022629	Watanabe K, Oikawa H, Yagi K, Ohashi S, Mie T, Ichihara A, Honma M.	J Biochem		papers_only
WX612096	COc1cc(C)cc(C(=O)O)c1	300711	ALUKWQVSCATDLJ-UHFFFAOYSA-N	3-methoxy-5-methylbenzoic acid		4	paper	Europe PMC	"""3-methoxy-5-methylbenzoic acid"""	exact_name	medium	Natural [4 + 2]-Cyclases.	2017	28441874	https://doi.org/10.1021/acs.chemrev.6b00578	Jeon BS, Wang SA, Ruszczycky MW, Liu HW.	Chem Rev		papers_only
WX612096	COc1cc(C)cc(C(=O)O)c1	300711	ALUKWQVSCATDLJ-UHFFFAOYSA-N	3-methoxy-5-methylbenzoic acid		4	paper	Europe PMC	"""3-methoxy-5-methylbenzoic acid"""	exact_name	medium	An integrated strategy for quality control of the multi-origins herb medicine of Gentianae Macrophyllae Radix based on UPLC-Orbitrap-MS/MS and HPLC-DAD.	2023	36936846	https://doi.org/10.1039/d2ra07591a	Luo J, Yuan H, Liang L, Xie Q, Jiang S, Fu Y, Chen S, Wang W.	RSC Adv		papers_only
WX612096	COc1cc(C)cc(C(=O)O)c1	300711	ALUKWQVSCATDLJ-UHFFFAOYSA-N	3-methoxy-5-methylbenzoic acid		4	paper	Europe PMC	"""3-methoxy-5-methylbenzoic acid"""	exact_name	medium	Three new phytotoxins produced by Pyrenochaeta terrestris: pyrenochaetic acids A, B and C.	1981	IND81120557	https://doi.org/10.1080/00021369.1981.10864745	Sato H, Konoma K, Sakamura S.	Agric Biol Chem		papers_only
WX612110	CCOc1cc(OCC)cc(C(=O)O)c1	721136	FCSNGXDTYSQXPA-UHFFFAOYSA-N	3,5-diethoxybenzoic acid		1	paper	Europe PMC	"""3,5-diethoxybenzoic acid"""	exact_name	medium	Metabolomic Profiling, Antioxidant and Enzyme Inhibition Properties and Molecular Docking Analysis of Antarctic Lichens.	2022	36432187	https://doi.org/10.3390/molecules27228086	Torres-Benítez A, Ortega-Valencia JE, Sanchez M, Divakar PK, Simirgiotis MJ, Gómez-Serranillos MP.	Molecules		papers_only
WX612141	O=C(O)c1ccc2c(c1)CCCO2	6504216	IFKANGOXGBPILW-UHFFFAOYSA-N	3,4-dihydro-2H-chromene-6-carboxylic acid		1	paper	Europe PMC	"""3,4-dihydro-2H-chromene-6-carboxylic acid"""	exact_name	medium	New Polyketides and New Benzoic Acid Derivatives from the Marine Sponge-Associated Fungus Neosartorya quadricincta KUFA 0081.	2016	27438842	https://doi.org/10.3390/md14070134	Prompanya C, Dethoup T, Gales L, Lee M, Pereira JA, Silva AM, Pinto MM, Kijjoa A.	Mar Drugs		papers_only
WX612176	CC1(C)CCC(C)(C)c2cc(C(=O)Nc3ccc(C(=O)O)cc3)ccc21	2126	SZWKGOZKRMMLAJ-UHFFFAOYSA-N	4-[(5,5,8,8-tetramethyl-6,7-dihydronaphthalene-2-carbonyl)amino]benzoic acid		1	paper	Europe PMC	"""4-[(5,5,8,8-tetramethyl-6,7-dihydronaphthalene-2-carbonyl)amino]benzoic acid"""	exact_name	medium	Identification of compounds that correlate with ABCG2 transporter function in the National Cancer Institute Anticancer Drug Screen.	2009	19633067	https://doi.org/10.1124/mol.109.056192	Deeken JF, Robey RW, Shukla S, Steadman K, Chakraborty AR, Poonkuzhali B, Schuetz EG, Holbeck S, Ambudkar SV, Bates SE.	Mol Pharmacol		papers_only
WX613012	Cc1n[nH]cc1C(=O)O	557600	HLYYXPDTFLUERX-UHFFFAOYSA-N	5-methyl-1H-pyrazole-4-carboxylic acid		2	paper	Europe PMC	"""5-methyl-1H-pyrazole-4-carboxylic acid"""	exact_name	medium	DNDI-6148: A Novel Benzoxaborole Preclinical Candidate for the Treatment of Visceral Leishmaniasis.	2021	34711050	https://doi.org/10.1021/acs.jmedchem.1c01437	Mowbray CE, Braillard S, Glossop PA, Whitlock GA, Jacobs RT, Speake J, Pandi B, Nare B, Maes L, Yardley V, Freund Y, Wall RJ, Carvalho S, Bello D, Van den Kerkhof M, Caljon G, Gilbert IH, Corpas-Lopez V, Lukac I, Patterson S, Zuccotto F, Wyllie S.	J Med Chem		papers_only
WX613012	Cc1n[nH]cc1C(=O)O	557600	HLYYXPDTFLUERX-UHFFFAOYSA-N	5-methyl-1H-pyrazole-4-carboxylic acid		2	paper	Europe PMC	"""5-methyl-1H-pyrazole-4-carboxylic acid"""	exact_name	medium	Discovery, Characterization, and Optimization of a Novel Positive Allosteric Modulator-Antagonist of the D&lt;sub&gt;3&lt;/sub&gt; Dopamine Receptor.	2025	40748686	https://doi.org/10.1021/acs.jmedchem.5c01585	Moritz AE, Wang F, Madaras NS, Kelley AM, Snyder KK, Gandhi D, Inbody LR, Akano EO, Shi L, Lane JR, Free RB, Frankowski KJ, Sibley DR.	J Med Chem		papers_only
WX613385	O=C(O)c1ncsc1C(F)(F)F	28875573	MESLCUOAZZCUOE-UHFFFAOYSA-N	5-(trifluoromethyl)-1,3-thiazole-4-carboxylic acid		1	paper	Europe PMC	"""5-(trifluoromethyl)-1,3-thiazole-4-carboxylic acid"""	exact_name	medium	BAY-9835: Discovery of the First Orally Bioavailable ADAMTS7 Inhibitor.	2024	38348661	https://doi.org/10.1021/acs.jmedchem.3c02036	Meibom D, Wasnaire P, Beyer K, Broehl A, Cancho-Grande Y, Elowe N, Henninger K, Johannes S, Jungmann N, Krainz T, Lindner N, Maassen S, MacDonald B, Menshykau D, Mittendorf J, Sanchez G, Schaefer M, Stefan E, Torge A, Xing Y, Zubov D.	J Med Chem		papers_only
WX614016	O=C(O)c1cnc2ccccn12	73142	DOGXPDFZEQXZDS-UHFFFAOYSA-N	imidazo[1,2-a]pyridine-3-carboxylic acid		5	paper	Europe PMC	"""imidazo[1,2-a]pyridine-3-carboxylic acid"""	exact_name	medium	Advancement of Imidazo[1,2-<i>a</i>]pyridines with Improved Pharmacokinetics and Nanomolar Activity Against <i>Mycobacterium tuberculosis.</i>	2013	23930153	https://doi.org/10.1021/ml400088y	Moraski GC, Markley LD, Cramer J, Hipskind PA, Boshoff H, Bailey M, Alling T, Ollinger J, Parish T, Miller MJ.	ACS Med Chem Lett		papers_only
WX614016	O=C(O)c1cnc2ccccn12	73142	DOGXPDFZEQXZDS-UHFFFAOYSA-N	imidazo[1,2-a]pyridine-3-carboxylic acid		5	paper	Europe PMC	"""imidazo[1,2-a]pyridine-3-carboxylic acid"""	exact_name	medium	Heterogeneous Photocatalysis as a Potent Tool for Organic Synthesis: Cross-Dehydrogenative C-C Coupling of <i>N</i>-Heterocycles with Ethers Employing TiO<sub>2</sub>/<i>N</i>-Hydroxyphthalimide System under Visible Light.	2023	36770603	https://doi.org/10.3390/molecules28030934	Lopat'eva ER, Krylov IB, Segida OO, Merkulova VM, Ilovaisky AI, Terent'ev AO.	Molecules		papers_only
WX614016	O=C(O)c1cnc2ccccn12	73142	DOGXPDFZEQXZDS-UHFFFAOYSA-N	imidazo[1,2-a]pyridine-3-carboxylic acid		5	paper	Europe PMC	"""imidazo[1,2-a]pyridine-3-carboxylic acid"""	exact_name	medium	Imidazopyridine Amides: Synthesis, <i>Mycobacterium smegmatis</i> CIII<sub>2</sub>CIV<sub>2</sub> Supercomplex Binding, and In Vitro Antimycobacterial Activity.	2023	37273644	https://doi.org/10.1021/acsomega.3c02259	Abdelaziz R, Di Trani JM, Sahile H, Mann L, Richter A, Liu Z, Bueler SA, Cowen LE, Rubinstein JL, Imming P.	ACS Omega		papers_only
WX614016	O=C(O)c1cnc2ccccn12	73142	DOGXPDFZEQXZDS-UHFFFAOYSA-N	imidazo[1,2-a]pyridine-3-carboxylic acid		5	paper	Europe PMC	"""imidazo[1,2-a]pyridine-3-carboxylic acid"""	exact_name	medium	Development of Potent and Selective CK1α Molecular Glue Degraders.	2025	39873536	https://doi.org/10.1021/acs.jmedchem.4c02415	Geng Q, Jiang Z, Byun WS, Donovan KA, Zhuang Z, Jiang F, Jones HM, Razumkov H, Tang MT, Sarott RC, Fischer ES, Corsello SM, Hinshaw SM, Gray NS.	J Med Chem		papers_only
WX614016	O=C(O)c1cnc2ccccn12	73142	DOGXPDFZEQXZDS-UHFFFAOYSA-N	imidazo[1,2-a]pyridine-3-carboxylic acid		5	paper	Europe PMC	"""imidazo[1,2-a]pyridine-3-carboxylic acid"""	exact_name	medium	Comprehensive Identification and Mechanistic Evaluation of Novel DHODH Inhibitors as Potent Broad-Spectrum Antiviral Agents.	2025	41011283	https://doi.org/10.3390/ph18091416	Zhang C, Sun S, Xie H, Ding Y, Hu C, Guo J, Xiao J.	Pharmaceuticals (Basel)		papers_only
WX614101	Cc1ccc2nc(C(=O)O)ccc2c1	12395202	WPEQJEGNZGMHEZ-UHFFFAOYSA-N	6-methylquinoline-2-carboxylic acid		4	paper	Europe PMC	"""6-methylquinoline-2-carboxylic acid"""	exact_name	medium	Discovery of Novel Quinoline-Based Proteasome Inhibitors for Human African Trypanosomiasis (HAT).	2022	35993839	https://doi.org/10.1021/acs.jmedchem.2c00791	Koester DC, Marx VM, Williams S, Jiricek J, Dauphinais M, René O, Miller SL, Zhang L, Patra D, Chen YL, Cheung H, Gable J, Lakshminarayana SB, Osborne C, Galarneau JR, Kulkarni U, Richmond W, Bretz A, Xiao L, Supek F, Wiesmann C, Honnappa S, Be C, Mäser P, Kaiser M, Ritchie R, Barrett MP, Diagana TT, Sarko C, Rao SPS.	J Med Chem		papers_only
WX614101	Cc1ccc2nc(C(=O)O)ccc2c1	12395202	WPEQJEGNZGMHEZ-UHFFFAOYSA-N	6-methylquinoline-2-carboxylic acid		4	paper	Europe PMC	"""6-methylquinoline-2-carboxylic acid"""	exact_name	medium	Studies on antibiotic biosynthesis by protoplasts and resting cells of Streptomyces echinatus. Part II. Effect of chromophore precursors.	1986	3719457	https://doi.org/10.1139/m86-071	Gauvreau D, Swift IE, Waring MJ.	Can J Microbiol		papers_only
WX614101	Cc1ccc2nc(C(=O)O)ccc2c1	12395202	WPEQJEGNZGMHEZ-UHFFFAOYSA-N	6-methylquinoline-2-carboxylic acid		4	paper	Europe PMC	"""6-methylquinoline-2-carboxylic acid"""	exact_name	medium	Directed biosynthesis of novel derivatives of echinomycin. II. Purification and structure elucidation.	1984	6488100	https://doi.org/10.1139/m84-112	Gauvreau D, Waring MJ.	Can J Microbiol		papers_only
WX614101	Cc1ccc2nc(C(=O)O)ccc2c1	12395202	WPEQJEGNZGMHEZ-UHFFFAOYSA-N	6-methylquinoline-2-carboxylic acid		4	paper	Europe PMC	"""6-methylquinoline-2-carboxylic acid"""	exact_name	medium	Directed biosynthesis of novel derivatives of echinomycin by Streptomyces echinatus. I. Effect of exogenous analogues of quinoxaline-2-carboxylic acid on the fermentation.	1984	6744120	https://doi.org/10.1139/m84-065	Gauvreau D, Waring MJ.	Can J Microbiol		papers_only
WX614164	Cn1cc(C(=O)O)c(C(F)(F)F)n1	2775665	FZNKJQNEJGXCJH-UHFFFAOYSA-N	1-methyl-3-(trifluoromethyl)pyrazole-4-carboxylic acid		7	paper	Europe PMC	"""FZNKJQNEJGXCJH-UHFFFAOYSA-N"""	exact_identifier	high	Modification of the existing maximum residue levels for penthiopyrad in Florence fennels and celeries.	2020	33005255	https://doi.org/10.2903/j.efsa.2020.6259	EFSA (European Food Safety Authority), Anastassiadou M, Bernasconi G, Brancato A, Carrasco Cabrera L, Ferreira L, Greco L, Jarrah S, Kazocina A, Leuschner R, Magrans JO, Miron I, Nave S, Pedersen R, Reich H, Rojas A, Sacchi A, Santos M, Theobald A, Vagenende B, Verani A.	EFSA J		papers_only
WX614164	Cn1cc(C(=O)O)c(C(F)(F)F)n1	2775665	FZNKJQNEJGXCJH-UHFFFAOYSA-N	1-methyl-3-(trifluoromethyl)pyrazole-4-carboxylic acid		7	paper	Europe PMC	"""1-methyl-3-(trifluoromethyl)pyrazole-4-carboxylic acid"""	exact_name	medium	Synthesis and fungicidal activities of positional isomers of the <i>N</i>-thienylcarboxamide.	2021	34135685	https://doi.org/10.1584/jpestics.d20-062	Katsuta H, Shirakawa T, Kawashima M, Banba S.	J Pestic Sci		papers_only
WX614164	Cn1cc(C(=O)O)c(C(F)(F)F)n1	2775665	FZNKJQNEJGXCJH-UHFFFAOYSA-N	1-methyl-3-(trifluoromethyl)pyrazole-4-carboxylic acid		7	paper	Europe PMC	"""FZNKJQNEJGXCJH-UHFFFAOYSA-N"""	exact_identifier	high	Review of the existing maximum residue levels for penthiopyrad according to Article 12 of Regulation (EC) No 396/2005.	2021	34484453	https://doi.org/10.2903/j.efsa.2021.6810	European Food Safety Authority (EFSA), Bellisai G, Bernasconi G, Brancato A, Carrasco Cabrera L, Ferreira L, Giner G, Greco L, Jarrah S, Kazocina A, Leuschner R, Magrans JO, Miron I, Nave S, Pedersen R, Reich H, Ruocco S, Santos M, Scarlato AP, Theobald A, Vagenende B, Verani A.	EFSA J		papers_only
WX614164	Cn1cc(C(=O)O)c(C(F)(F)F)n1	2775665	FZNKJQNEJGXCJH-UHFFFAOYSA-N	1-methyl-3-(trifluoromethyl)pyrazole-4-carboxylic acid		7	paper	Europe PMC	"""FZNKJQNEJGXCJH-UHFFFAOYSA-N"""	exact_identifier	high	Peer review of the pesticide risk assessment for the active substance penthiopyrad in light of confirmatory data submitted.	2022	35024057	https://doi.org/10.2903/j.efsa.2022.7037	European Food Safety Authority (EFSA), Borroto J, Brancato A, Carrasco Cabrera L, Castoldi AF, Chiusolo A, Colagiorgi A, Colas M, Crivellente F, De Lentdecker C, Egsmose M, Fait G, Gouliarmou V, Ferilli F, Greco L, Istace F, Jarrah S, Kardassi D, Lava R, Leuschner R, Lythgo C, Magrans O, Mangas I, Miron I, Molnar T, Padovani L, Parra Morte JM, Pedersen R, Reich H, Santos M, Serafimova R, Terron A, Tiramani M, Vagenende B.	EFSA J		papers_only
WX614164	Cn1cc(C(=O)O)c(C(F)(F)F)n1	2775665	FZNKJQNEJGXCJH-UHFFFAOYSA-N	1-methyl-3-(trifluoromethyl)pyrazole-4-carboxylic acid		7	paper	Europe PMC	"""1-methyl-3-(trifluoromethyl)pyrazole-4-carboxylic acid"""	exact_name	medium	1-methyl-3-trifluoromethyl-pyrazole-4-carboxylic acid (ortho-phenyl)-anilides and to use thereof as fungicide	2007	CN1968935	https://europepmc.org/article/PAT/CN1968935	BL GEWEHR MARKUS MUELLER BERND.	PAT		papers_only
WX614164	Cn1cc(C(=O)O)c(C(F)(F)F)n1	2775665	FZNKJQNEJGXCJH-UHFFFAOYSA-N	1-methyl-3-(trifluoromethyl)pyrazole-4-carboxylic acid		7	paper	Europe PMC	"""1-methyl-3-(trifluoromethyl)pyrazole-4-carboxylic acid"""	exact_name	medium	1-METHYL-3-TRIFLUOROMETHYL-PYRAZOLE-4-CARBOXYLIC ACID (ORTHO-PHENYL)-ANILIDES AND TO USE THEREOF AS FUNGICIDE	2007	EP1761499	https://europepmc.org/article/PAT/EP1761499	GEWEHR Markus, MÃLLER Bernd, GROTE Thomas, GRAMMENOS Wassilios, SCHWÃGLER Anja, RHEINHEIMER Joachim, BLETTNER Carsten, SCHÃFER Peter, SCHIEWECK Frank, WAGNER Oliver, WERNER Frank, RETHER Jan, STRATHMANN Siegfried, STIERL Reinhard, SCHERER Maria.	PAT		papers_only
WX614164	Cn1cc(C(=O)O)c(C(F)(F)F)n1	2775665	FZNKJQNEJGXCJH-UHFFFAOYSA-N	1-methyl-3-(trifluoromethyl)pyrazole-4-carboxylic acid		7	paper	Europe PMC	"""1-methyl-3-(trifluoromethyl)pyrazole-4-carboxylic acid"""	exact_name	medium	1-METHYL-3-TRIFLUOROMETHYL-PYRAZOLE-4-CARBOXYLIC ACID (ORTHO-PHENYL)-ANILIDES AND TO USE THEREOF AS FUNGICIDE	2005	WO2005123689	https://europepmc.org/article/PAT/WO2005123689	GEWEHR Markus, MÜLLER Bernd, GROTE Thomas, GRAMMENOS Wassilios, SCHWÖGLER Anja, RHEINHEIMER Joachim, BLETTNER Carsten, SCHÄFER Peter, SCHIEWECK Frank, WAGNER Oliver, WERNER Frank, RETHER Jan, STRATHMANN Siegfried, STIERL Reinhard, SCHERER Maria.	PAT		papers_only
WX614194	Cc1ccc(C(=O)O)o1	74710	OVOCLWJUABOAPL-UHFFFAOYSA-N	5-methylfuran-2-carboxylic acid		5	paper	Europe PMC	"""5-methylfuran-2-carboxylic acid"""	exact_name	medium	Anti-obesity carbonic anhydrase inhibitors: challenges and opportunities.	2022	36073149	https://doi.org/10.1080/14756366.2022.2121393	Supuran CT.	J Enzyme Inhib Med Chem		papers_only
WX614194	Cc1ccc(C(=O)O)o1	74710	OVOCLWJUABOAPL-UHFFFAOYSA-N	5-methylfuran-2-carboxylic acid		5	paper	Europe PMC	"""5-methylfuran-2-carboxylic acid"""	exact_name	medium	Integration of metabolomics and peptidomics reveals distinct molecular landscape of human diabetic kidney disease.	2023	37351171	https://doi.org/10.7150/thno.80435	Jiang X, Liu X, Qu X, Zhu P, Wo F, Xu X, Jin J, He Q, Wu J.	Theranostics		papers_only
WX614194	Cc1ccc(C(=O)O)o1	74710	OVOCLWJUABOAPL-UHFFFAOYSA-N	5-methylfuran-2-carboxylic acid		5	paper	Europe PMC	"""5-methylfuran-2-carboxylic acid"""	exact_name	medium	Serum metabolomics detected by LDI-TOF-MS can be used to distinguish between diabetic patients with and without diabetic kidney disease.	2023	37525631	https://doi.org/10.1002/2211-5463.13683	Qian F, Zhao L, Zhang D, Yu M, Zhou W, Jin J.	FEBS Open Bio		papers_only
WX614194	Cc1ccc(C(=O)O)o1	74710	OVOCLWJUABOAPL-UHFFFAOYSA-N	5-methylfuran-2-carboxylic acid		5	paper	Europe PMC	"""5-methylfuran-2-carboxylic acid"""	exact_name	medium	Metabolomics of saliva, serum, and urine for pathogenesis, diagnosis, and prognosis in gestational diabetes mellitus.	2025	41381444	https://doi.org/10.1038/s41467-025-65992-6	Wu Q, Wu Y, Zhu S, Tang Y, Zhang L, Tang J, Chen Q, Hu L, Zhu P, Fu X, Chang J, Cao S, Chen D, Liang Z.	Nat Commun		papers_only
WX614194	Cc1ccc(C(=O)O)o1	74710	OVOCLWJUABOAPL-UHFFFAOYSA-N	5-methylfuran-2-carboxylic acid		5	paper	Europe PMC	"""5-methylfuran-2-carboxylic acid"""	exact_name	medium	Metabolite analysis of &lt;i&gt;Aspergillus fumigatus&lt;/i&gt; conidial supernatant and its pro-inflammatory activity &lt;i&gt;in vitro&lt;/i&gt; and &lt;i&gt;in vivo&lt;/i&gt;.	2025	41675497	https://doi.org/10.3389/fimmu.2025.1730825	Li Q, Li S, Kang Y, Xue J, Wang P, Jia W.	Front Immunol		papers_only
WX614201	Cc1ccc2cc(C(=O)O)ccc2n1	604483	IZONZQFTYGVOOO-UHFFFAOYSA-N	2-methylquinoline-6-carboxylic acid		5	paper	Europe PMC	"""2-methylquinoline-6-carboxylic acid"""	exact_name	medium	Discovery of a Chemical Probe Bisamide (CCT251236): An Orally Bioavailable Efficacious Pirin Ligand from a Heat Shock Transcription Factor 1 (HSF1) Phenotypic Screen.	2017	28004573	https://doi.org/10.1021/acs.jmedchem.6b01055	Cheeseman MD, Chessum NE, Rye CS, Pasqua AE, Tucker MJ, Wilding B, Evans LE, Lepri S, Richards M, Sharp SY, Ali S, Rowlands M, O'Fee L, Miah A, Hayes A, Henley AT, Powers M, Te Poele R, De Billy E, Pellegrino L, Raynaud F, Burke R, van Montfort RL, Eccles SA, Workman P, Jones K.	J Med Chem		papers_only
WX614201	Cc1ccc2cc(C(=O)O)ccc2n1	604483	IZONZQFTYGVOOO-UHFFFAOYSA-N	2-methylquinoline-6-carboxylic acid		5	paper	Europe PMC	"""2-methylquinoline-6-carboxylic acid"""	exact_name	medium	Efficiency enhancement of ruthenium-based DSSCs employing A-π-D-π-A organic Co-sensitizers.	2020	35685026	https://doi.org/10.1039/d0ra03916k	Abdellah IM, El-Shafei A.	RSC Adv		papers_only
WX614201	Cc1ccc2cc(C(=O)O)ccc2n1	604483	IZONZQFTYGVOOO-UHFFFAOYSA-N	2-methylquinoline-6-carboxylic acid		5	paper	Europe PMC	"""2-methylquinoline-6-carboxylic acid"""	exact_name	medium	HSF1 Pathway Inhibitor Clinical Candidate (CCT361814/NXP800) Developed from a Phenotypic Screen as a Potential Treatment for Refractory Ovarian Cancer and Other Malignancies.	2023	37017629	https://doi.org/10.1021/acs.jmedchem.3c00156	Pasqua AE, Sharp SY, Chessum NEA, Hayes A, Pellegrino L, Tucker MJ, Miah A, Wilding B, Evans LE, Rye CS, Mok NY, Liu M, Henley AT, Gowan S, De Billy E, Te Poele R, Powers M, Eccles SA, Clarke PA, Raynaud FI, Workman P, Jones K, Cheeseman MD.	J Med Chem		papers_only
WX614201	Cc1ccc2cc(C(=O)O)ccc2n1	604483	IZONZQFTYGVOOO-UHFFFAOYSA-N	2-methylquinoline-6-carboxylic acid		5	paper	Europe PMC	"""2-methylquinoline-6-carboxylic acid"""	exact_name	medium	2-Styrylquinolines with Push-Pull Architectures as Sensors for β-Amyloid Aggregation with Theranostic Properties.	2025	40943195	https://doi.org/10.3390/ijms26178270	Piquero M, Sarabia-Vallejo Á, Bote-Matías L, León-Espinosa G, Hernández-Arasti M, Martín-Aragón S, Bermejo-Bescós P, Olives AI, López-Alvarado P, Martín MA, Menéndez JC.	Int J Mol Sci		papers_only
WX614201	Cc1ccc2cc(C(=O)O)ccc2n1	604483	IZONZQFTYGVOOO-UHFFFAOYSA-N	2-methylquinoline-6-carboxylic acid		5	paper	Europe PMC	"""2-methylquinoline-6-carboxylic acid"""	exact_name	medium	Discovery of IID432 for Chagas Disease: A Cyanotriazole Inhibitor of &lt;i&gt;Trypanosoma cruzi&lt;/i&gt; Topoisomerase II Achieves Sterile Cure After Short-Term Treatment in a Chronic Infection Model.	2026	41499305	https://doi.org/10.1021/acs.jmedchem.5c02459	René O, Saldivia M, Dauphinais M, Zhang L, Hollingsworth SA, Jiricek J, Koester DC, Miller SL, Williams SL, Ng PS, Patra D, Jumani RS, Baxley GM, Osborne CS, Chen YB, Chen YL, Cheung H, Lakshminarayana SB, Galarneau JR, Diagana TT, Sarko C, Rao SPS.	J Med Chem		papers_only
WX614205	CC(=O)Nc1cc(C(=O)O)ccn1	3774466	VNQIEKXUBYBTPS-UHFFFAOYSA-N	2-acetamidopyridine-4-carboxylic acid		1	paper	Europe PMC	"""2-acetamidopyridine-4-carboxylic acid"""	exact_name	medium	Update on the Discovery of Efflux Pump Inhibitors against Critical Priority Gram-Negative Bacteria.	2023	36671381	https://doi.org/10.3390/antibiotics12010180	Compagne N, Vieira Da Cruz A, Müller RT, Hartkoorn RC, Flipo M, Pos KM.	Antibiotics (Basel)		papers_only
WX614262	O=C(O)c1cnn2ccccc12	2795462	HRSDPDBQVZHCRC-UHFFFAOYSA-N	pyrazolo[1,5-a]pyridine-3-carboxylic acid		5	paper	Europe PMC	"""pyrazolo[1,5-a]pyridine-3-carboxylic acid"""	exact_name	medium	Identification of Pyrazolo[1,5-<i>a</i>]pyridine-3-carboxamide Diaryl Derivatives as Drug Resistant Antituberculosis Agents.	2019	30891129	https://doi.org/10.1021/acsmedchemlett.8b00410	Hu X, Wan B, Liu Y, Shen J, Franzblau SG, Zhang T, Ding K, Lu X.	ACS Med Chem Lett		papers_only
WX614262	O=C(O)c1cnn2ccccc12	2795462	HRSDPDBQVZHCRC-UHFFFAOYSA-N	pyrazolo[1,5-a]pyridine-3-carboxylic acid		5	paper	Europe PMC	"""pyrazolo[1,5-a]pyridine-3-carboxylic acid"""	exact_name	medium	Scalable Sonochemical Synthetic Strategy for Pyrazolo[1,5-<i>a</i>]pyridine Derivatives: First Catalyst-Free Concerted [3 + 2] Cycloaddition of Alkyne and Alkene Derivatives to 2-Imino-1<i>H</i>-pyridin-1-amines.	2019	31459824	https://doi.org/10.1021/acsomega.9b00562	Ibrahim HM, Behbehani H, Mostafa NS.	ACS Omega		papers_only
WX614262	O=C(O)c1cnn2ccccc12	2795462	HRSDPDBQVZHCRC-UHFFFAOYSA-N	pyrazolo[1,5-a]pyridine-3-carboxylic acid		5	paper	Europe PMC	"""pyrazolo[1,5-a]pyridine-3-carboxylic acid"""	exact_name	medium	PYRAZOLO[1,5-A]PYRIDINE-3-CARBOXYLIC ACIDS AS EPHB AND VEGFR2 KINASE INHIBITORS	2007	CA2629743	https://europepmc.org/article/PAT/CA2629743	FURET PASCAL, HOLZER PHILIPP, IMBACH PATRICIA.	PAT		papers_only
WX614262	O=C(O)c1cnn2ccccc12	2795462	HRSDPDBQVZHCRC-UHFFFAOYSA-N	pyrazolo[1,5-a]pyridine-3-carboxylic acid		5	paper	Europe PMC	"""pyrazolo[1,5-a]pyridine-3-carboxylic acid"""	exact_name	medium	PYRAZOLO[1,5-A]PYRIDINE-3-CARBOXYLIC ACIDS AS EPHB AND VEGFR2 KINASE INHIBITORS	2008	KR20080074161	https://europepmc.org/article/PAT/KR20080074161	IMBACH PATRICIA, HOLZER PHILIPP, FURET PASCAL.	PAT		papers_only
WX614262	O=C(O)c1cnn2ccccc12	2795462	HRSDPDBQVZHCRC-UHFFFAOYSA-N	pyrazolo[1,5-a]pyridine-3-carboxylic acid		5	paper	Europe PMC	"""pyrazolo[1,5-a]pyridine-3-carboxylic acid"""	exact_name	medium	PYRAZOLO[1,5-A]PYRIDINE-3-CARBOXYLIC ACIDS AS EPHB AND VEGFR2 KINASE INHIBITORS	2007	WO2007065664	https://europepmc.org/article/PAT/WO2007065664	IMBACH Patricia, HOLZER Philipp, FURET Pascal.	PAT		papers_only
WX614269	Cc1nc(C)c(C(=O)O)s1	736488	MQGBARXPCXAFRZ-UHFFFAOYSA-N	2,4-dimethyl-1,3-thiazole-5-carboxylic acid		5	paper	Europe PMC	"""2,4-dimethyl-1,3-thiazole-5-carboxylic acid"""	exact_name	medium	2,4-Dimethyl-1,3-thiazole-5-carboxylic acid: an X-ray structural study at 100 K and Hirshfeld surface analysis.	2012	23124461	https://doi.org/10.1107/s010827011204142x	Hazra DK, Mukherjee M, Helliwell M, Mukherjee AK.	Acta Crystallogr C		papers_only
WX614269	Cc1nc(C)c(C(=O)O)s1	736488	MQGBARXPCXAFRZ-UHFFFAOYSA-N	2,4-dimethyl-1,3-thiazole-5-carboxylic acid		5	paper	Europe PMC	"""2,4-dimethyl-1,3-thiazole-5-carboxylic acid"""	exact_name	medium	Percutaneous absorption of herbicides derived from 2,4-dichlorophenoxyacid: structure-activity relationship.	2014	24803314	https://doi.org/10.1016/j.tiv.2014.04.014	Beydon D, Payan JP, Ferrari E, Grandclaude MC.	Toxicol In Vitro		papers_only
WX614269	Cc1nc(C)c(C(=O)O)s1	736488	MQGBARXPCXAFRZ-UHFFFAOYSA-N	2,4-dimethyl-1,3-thiazole-5-carboxylic acid		5	paper	Europe PMC	"""2,4-dimethyl-1,3-thiazole-5-carboxylic acid"""	exact_name	medium	Discovery and SAR of Novel 2,3-Dihydroimidazo[1,2-c]quinazoline PI3K Inhibitors: Identification of Copanlisib (BAY 80-6946).	2016	27310202	https://doi.org/10.1002/cmdc.201600148	Scott WJ, Hentemann MF, Rowley RB, Bull CO, Jenkins S, Bullion AM, Johnson J, Redman A, Robbins AH, Esler W, Fracasso RP, Garrison T, Hamilton M, Michels M, Wood JE, Wilkie DP, Xiao H, Levy J, Stasik E, Liu N, Schaefer M, Brands M, Lefranc J.	ChemMedChem		papers_only
WX614269	Cc1nc(C)c(C(=O)O)s1	736488	MQGBARXPCXAFRZ-UHFFFAOYSA-N	2,4-dimethyl-1,3-thiazole-5-carboxylic acid		5	paper	Europe PMC	"""2,4-dimethyl-1,3-thiazole-5-carboxylic acid"""	exact_name	medium	Design, synthesis and antibacterial activity of novel 7<i>H</i>-thiazolo[3,2-<i>b</i>]-1,2,4-triazin-7-one derivatives.	2024	38314288	https://doi.org/10.1016/j.heliyon.2024.e24589	Hou S, Li T, Yan J, Cai D, Peng Y, Zhang H, Tong F, Fan H, Liu X, Hu C.	Heliyon		papers_only
WX614269	Cc1nc(C)c(C(=O)O)s1	736488	MQGBARXPCXAFRZ-UHFFFAOYSA-N	2,4-dimethyl-1,3-thiazole-5-carboxylic acid		5	paper	Europe PMC	"""2,4-dimethyl-1,3-thiazole-5-carboxylic acid"""	exact_name	medium	Glucose-montmorillonite hydrochar composite activating peroxymonosulfate for sulfentrazone rapid degradation and phytotoxicity alleviation to rice.	2024	41649685	https://doi.org/10.1007/s44297-024-00031-2	Yi H, Mo G, Zhou X, Merchant A, Cai H, Tao Y, Liu K, Ma G, Ding C, Liu X.	Crop Health		papers_only
WX614271	O=C(O)c1cncc(Cl)n1	14500875	KGGYMBKTQCLOTE-UHFFFAOYSA-N	6-chloropyrazine-2-carboxylic acid		5	paper	Europe PMC	"""6-chloropyrazine-2-carboxylic acid"""	exact_name	medium	Substituted pyrazinecarboxamides: synthesis and biological evaluation.	2006	17962755	https://doi.org/10.3390/11040242	Dolezal M, Dolezal M, Palek L, Vinsova J, Buchta V, Jampilek J, Kralova K.	Molecules		papers_only
WX614271	O=C(O)c1cncc(Cl)n1	14500875	KGGYMBKTQCLOTE-UHFFFAOYSA-N	6-chloropyrazine-2-carboxylic acid		5	paper	Europe PMC	"""6-chloropyrazine-2-carboxylic acid"""	exact_name	medium	Substituted N-phenylpyrazine-2-carboxamides, their synthesis and evaluation as herbicides and abiotic elicitors.	2007	18259145	https://doi.org/10.3390/12122589	Dolezal M, Dolezal M, Tůmová L, Kesetovicová D, Tůma J, Králová K.	Molecules		papers_only
WX614271	O=C(O)c1cncc(Cl)n1	14500875	KGGYMBKTQCLOTE-UHFFFAOYSA-N	6-chloropyrazine-2-carboxylic acid		5	paper	Europe PMC	"""6-chloropyrazine-2-carboxylic acid"""	exact_name	medium	Substituted pyrazinecarboxamides as abiotic elicitors of flavolignan production in Silybum marianum (L.) gaertn cultures in vitro.	2010	20110894	https://doi.org/10.3390/molecules15010331	Tůmová L, Tůma J, Megusar K, Dolezal M, Dolezal M.	Molecules		papers_only
WX614271	O=C(O)c1cncc(Cl)n1	14500875	KGGYMBKTQCLOTE-UHFFFAOYSA-N	6-chloropyrazine-2-carboxylic acid		5	paper	Europe PMC	"""6-chloropyrazine-2-carboxylic acid"""	exact_name	medium	Synthesis, antimycobacterial, antifungal and photosynthesis-inhibiting activity of chlorinated N-phenylpyrazine-2-carboxamides.	2010	21116226	https://doi.org/10.3390/molecules15128567	Dolezal M, Dolezal M, Zitko J, Osicka Z, Kunes J, Vejsova M, Buchta V, Dohnal J, Jampilek J, Kralova K.	Molecules		papers_only
WX614271	O=C(O)c1cncc(Cl)n1	14500875	KGGYMBKTQCLOTE-UHFFFAOYSA-N	6-chloropyrazine-2-carboxylic acid		5	paper	Europe PMC	"""6-chloropyrazine-2-carboxylic acid"""	exact_name	medium	Substituted <i>N</i>-(Pyrazin-2-yl)benzenesulfonamides; Synthesis, Anti-Infective Evaluation, Cytotoxicity, and In Silico Studies.	2019	31905775	https://doi.org/10.3390/molecules25010138	Bouz G, Juhás M, Pausas Otero L, Paredes de la Red C, Janďourek O, Konečná K, Paterová P, Kubíček V, Janoušek J, Doležal M, Zitko J.	Molecules		papers_only
WX614276	O=C(O)c1cccnc1C(F)(F)F	2777547	BFROETNLEIAWNO-UHFFFAOYSA-N	2-(trifluoromethyl)pyridine-3-carboxylic acid		1	paper	Europe PMC	"""2-(trifluoromethyl)pyridine-3-carboxylic acid"""	exact_name	medium	Scientific support for preparing an EU position in the 56th Session of the Codex Committee on Pesticide Residues (CCPR).	2025	41098305	https://doi.org/10.2903/j.efsa.2025.9640	EFSA (European Food Safety Authority).	EFSA J		papers_only
WX614284	O=C(O)c1cn2ncccc2n1	10583132	ONVUCPOYNIOJFY-UHFFFAOYSA-N	imidazo[1,2-b]pyridazine-2-carboxylic acid		2	paper	Europe PMC	"""imidazo[1,2-b]pyridazine-2-carboxylic acid"""	exact_name	medium	Design, Synthesis, and Preclinical Efficacy of Novel Nonretinoid Antagonists of Retinol-Binding Protein 4 in the Mouse Model of Hepatic Steatosis.	2019	31079449	https://doi.org/10.1021/acs.jmedchem.9b00352	Cioffi CL, Racz B, Varadi A, Freeman EE, Conlon MP, Chen P, Zhu L, Kitchen DB, Barnes KD, Martin WH, Pearson PG, Johnson G, Blaner WS, Petrukhin K.	J Med Chem		papers_only
WX614284	O=C(O)c1cn2ncccc2n1	10583132	ONVUCPOYNIOJFY-UHFFFAOYSA-N	imidazo[1,2-b]pyridazine-2-carboxylic acid		2	paper	Europe PMC	"""imidazo[1,2-b]pyridazine-2-carboxylic acid"""	exact_name	medium	Structure-Activity relationships of replacements for the triazolopyridazine of Anti-Cryptosporidium lead SLU-2633.	2023	37148788	https://doi.org/10.1016/j.bmc.2023.117295	Oboh E, Teixeira JE, Schubert TJ, Maribona AS, Denman BN, Patel R, Huston CD, Meyers MJ.	Bioorg Med Chem		papers_only
WX614285	O=C(O)c1ccnc(F)c1	345360	JMPFWDWYGOWUFP-UHFFFAOYSA-N	2-fluoropyridine-4-carboxylic acid		3	paper	Europe PMC	"""2-fluoropyridine-4-carboxylic acid"""	exact_name	medium	Noninvasive determination of 2-[18F]-fluoroisonicotinic acid hydrazide pharmacokinetics by positron emission tomography in Mycobacterium tuberculosis-infected mice.	2012	23006755	https://doi.org/10.1128/aac.01644-12	Weinstein EA, Liu L, Ordonez AA, Wang H, Hooker JM, Tonge PJ, Jain SK.	Antimicrob Agents Chemother		papers_only
WX614285	O=C(O)c1ccnc(F)c1	345360	JMPFWDWYGOWUFP-UHFFFAOYSA-N	2-fluoropyridine-4-carboxylic acid		3	paper	Europe PMC	"""2-fluoropyridine-4-carboxylic acid"""	exact_name	medium	MTA-Cooperative PRMT5 Inhibitors: Mechanism Switching Through Structure-Based Design.	2025	39919252	https://doi.org/10.1021/acs.jmedchem.4c01998	Cottrell KM, Whittington DA, Briggs KJ, Jahic H, Ali JA, Amor AJ, Gotur D, Tonini MR, Zhang W, Huang A, Maxwell JP.	J Med Chem		papers_only
WX614285	O=C(O)c1ccnc(F)c1	345360	JMPFWDWYGOWUFP-UHFFFAOYSA-N	2-fluoropyridine-4-carboxylic acid		3	paper	Europe PMC	"""2-fluoropyridine-4-carboxylic acid"""	exact_name	medium	Fluorine-18-labeled PET radiotracers for imaging the macrophage colony-stimulating factor 1 receptor (CSF1R).	2026	41520320	https://doi.org/10.1186/s41181-025-00422-y	Das D, Cha H, Naik R, Holt DP, Fan H, Hall A, Lesniak WG, Du Y, Minn I, Dannals RF, Pomper MG, Horti AG.	EJNMMI Radiopharm Chem		papers_only
WX614340	Cc1nc(Cl)ccc1C(=O)O	46223839	SGHDEIVHYSOLRC-UHFFFAOYSA-N	6-chloro-2-methylpyridine-3-carboxylic acid		1	paper	Europe PMC	"""6-chloro-2-methylpyridine-3-carboxylic acid"""	exact_name	medium	Design, Synthesis and Biological Evaluation of novel Hedgehog Inhibitors for treating Pancreatic Cancer.	2017	28490735	https://doi.org/10.1038/s41598-017-01942-7	Kumar V, Chaudhary AK, Dong Y, Zhong HA, Mondal G, Lin F, Kumar V, Mahato RI.	Sci Rep		papers_only
WX614374	COc1ccc2nc(C(=O)O)ccc2c1	11183298	YXPYIZUQEDQMPS-UHFFFAOYSA-N	6-methoxyquinoline-2-carboxylic acid		5	paper	Europe PMC	"""6-methoxyquinoline-2-carboxylic acid"""	exact_name	medium	Active components in Ephedra sinica stapf disrupt the interaction between ACE2 and SARS-CoV-2 RBD: Potent COVID-19 therapeutic agents.	2021	34102269	https://doi.org/10.1016/j.jep.2021.114303	Mei J, Zhou Y, Yang X, Zhang F, Liu X, Yu B.	J Ethnopharmacol		papers_only
WX614374	COc1ccc2nc(C(=O)O)ccc2c1	11183298	YXPYIZUQEDQMPS-UHFFFAOYSA-N	6-methoxyquinoline-2-carboxylic acid		5	paper	Europe PMC	"""6-methoxyquinoline-2-carboxylic acid"""	exact_name	medium	The use of <i>Ephedra</i> herbs in the treatment of COVID-19.	2023	37654998	https://doi.org/10.22038/ajp.2022.21607	Sadeghi Dousari A, Karimian Amroabadi M, Soofi Neyestani Z, Taati Moghadam M, Satarzadeh N.	Avicenna J Phytomed		papers_only
WX614374	COc1ccc2nc(C(=O)O)ccc2c1	11183298	YXPYIZUQEDQMPS-UHFFFAOYSA-N	6-methoxyquinoline-2-carboxylic acid		5	paper	Europe PMC	"""6-methoxyquinoline-2-carboxylic acid"""	exact_name	medium	Medicinal Plants against Viral Infections: A Review of Metabolomics Evidence for the Antiviral Properties and Potentials in Plant Sources.	2024	38399995	https://doi.org/10.3390/v16020218	Adeosun WB, Loots DT.	Viruses		papers_only
WX614374	COc1ccc2nc(C(=O)O)ccc2c1	11183298	YXPYIZUQEDQMPS-UHFFFAOYSA-N	6-methoxyquinoline-2-carboxylic acid		5	paper	Europe PMC	"""6-methoxyquinoline-2-carboxylic acid"""	exact_name	medium	Downregulation of chemokine (C‑C motif) ligand 5 induced by a novel 8‑hydroxyquinoline derivative (91b1) suppresses tumor invasiveness in esophageal carcinoma.	2024	39364750	https://doi.org/10.3892/ijmm.2024.5435	Tang JC, Chan D, Chung PY, Liu Y, Lam AK, Law S, Huang W, Chan AS, Lam KH, Zhou Y.	Int J Mol Med		papers_only
WX614374	COc1ccc2nc(C(=O)O)ccc2c1	11183298	YXPYIZUQEDQMPS-UHFFFAOYSA-N	6-methoxyquinoline-2-carboxylic acid		5	paper	Europe PMC	"""6-methoxyquinoline-2-carboxylic acid"""	exact_name	medium	How Can Plant-Derived Natural Products and Plant Biotechnology Help Against Emerging Viruses?	2025	40806173	https://doi.org/10.3390/ijms26157046	Zahmanova G, Takova K, Tonova V, Minkov I, Barbolov M, Nedeva N, Vankova D, Ivanova D, Kiselova-Kaneva Y, Lukov GL.	Int J Mol Sci		papers_only
WX614387	O=C(O)c1cnc2[nH]ncc2c1	21408148	DRCBQOFOFJGWGA-UHFFFAOYSA-N	1H-pyrazolo[3,4-b]pyridine-5-carboxylic acid		5	paper	Europe PMC	"""1H-pyrazolo[3,4-b]pyridine-5-carboxylic acid"""	exact_name	medium	Synthesis and biological data of 4-amino-1-(2-chloro-2-phenylethyl)-1H-pyrazolo[3,4-b]pyridine-5-carboxylic acid ethyl esters, a new series of A1-adenosine receptor (A1AR) ligands.	2001	11549462	https://doi.org/10.1016/s0960-894x(01)00483-8	Schenone S, Bruno O, Fossa P, Ranise A, Menozzi G, Mosti L, Bondavalli F, Martini C, Trincavelli L.	Bioorg Med Chem Lett		papers_only
WX614387	O=C(O)c1cnc2[nH]ncc2c1	21408148	DRCBQOFOFJGWGA-UHFFFAOYSA-N	1H-pyrazolo[3,4-b]pyridine-5-carboxylic acid		5	paper	Europe PMC	"""1H-pyrazolo[3,4-b]pyridine-5-carboxylic acid"""	exact_name	medium	Identification of amides derived from 1H-pyrazolo[3,4-b]pyridine-5-carboxylic acid as potent inhibitors of human nicotinamide phosphoribosyltransferase (NAMPT).	2013	24021463	https://doi.org/10.1016/j.bmcl.2013.08.074	Zheng X, Bair KW, Bauer P, Baumeister T, Bowman KK, Buckmelter AJ, Caligiuri M, Clodfelter KH, Feng Y, Han B, Ho YC, Kley N, Li H, Liang X, Liederer BM, Lin J, Ly J, O'Brien T, Oeh J, Oh A, Reynolds DJ, Sampath D, Sharma G, Skelton N, Smith CC, Tremayne J, Wang L, Wang W, Wang Z, Wu H, Wu J, Xiao Y, Yang G, Yuen PW, Zak M, Dragovich PS.	Bioorg Med Chem Lett		papers_only
WX614387	O=C(O)c1cnc2[nH]ncc2c1	21408148	DRCBQOFOFJGWGA-UHFFFAOYSA-N	1H-pyrazolo[3,4-b]pyridine-5-carboxylic acid		5	paper	Europe PMC	"""1H-pyrazolo[3,4-b]pyridine-5-carboxylic acid"""	exact_name	medium	Synthesis and structure-activity relationships of a series of anxioselective pyrazolopyridine ester and amide anxiolytic agents.	1989	2573731	https://doi.org/10.1021/jm00132a011	Bare TM, McLaren CD, Campbell JB, Firor JW, Resch JF, Walters CP, Salama AI, Meiners BA, Patel JB.	J Med Chem		papers_only
WX614387	O=C(O)c1cnc2[nH]ncc2c1	21408148	DRCBQOFOFJGWGA-UHFFFAOYSA-N	1H-pyrazolo[3,4-b]pyridine-5-carboxylic acid		5	paper	Europe PMC	"""1H-pyrazolo[3,4-b]pyridine-5-carboxylic acid"""	exact_name	medium	Selected β<sup>2</sup>-, β<sup>3</sup>- and β<sup>2,3</sup>-Amino Acid Heterocyclic Derivatives and Their Biological Perspective.	2021	33467741	https://doi.org/10.3390/molecules26020438	Bąchor U, Mączyński M.	Molecules		papers_only
WX614387	O=C(O)c1cnc2[nH]ncc2c1	21408148	DRCBQOFOFJGWGA-UHFFFAOYSA-N	1H-pyrazolo[3,4-b]pyridine-5-carboxylic acid		5	paper	Europe PMC	"""1H-pyrazolo[3,4-b]pyridine-5-carboxylic acid"""	exact_name	medium	Design, Synthesis, and Characterization of [<sup>18</sup>F]mG2P026 as a High-Contrast PET Imaging Ligand for Metabotropic Glutamate Receptor 2.	2022	35802702	https://doi.org/10.1021/acs.jmedchem.2c00593	Yuan G, Dhaynaut M, Guehl NJ, Afshar S, Huynh D, Moon SH, Iyengar SM, Jain MK, Pickett JE, Kang HJ, Ondrechen MJ, El Fakhri G, Normandin MD, Brownell AL.	J Med Chem		papers_only
WX618016	CCOC(=O)c1cc(C(=O)OCC)[nH]n1	142184	MBWXLICVQZUJOW-UHFFFAOYSA-N	diethyl 1H-pyrazole-3,5-dicarboxylate		5	paper	Europe PMC	"""diethyl 1H-pyrazole-3,5-dicarboxylate"""	exact_name	medium	The structure of ammonium pyrazolates in the solid state.	2006	16991111	https://doi.org/10.1002/mrc.1897	Navarro P, Reviriego F, Alkorta I, Elguero J, López C, Claramunt RM, García-España E.	Magn Reson Chem		papers_only
WX618016	CCOC(=O)c1cc(C(=O)OCC)[nH]n1	142184	MBWXLICVQZUJOW-UHFFFAOYSA-N	diethyl 1H-pyrazole-3,5-dicarboxylate		5	paper	Europe PMC	"""diethyl 1H-pyrazole-3,5-dicarboxylate"""	exact_name	medium	The sodium salt of diethyl 1H-pyrazole-3,5-dicarboxylate as an efficient amphiphilic receptor for dopamine and amphetamines. crystal structure and solution studies.	2006	17177368	https://doi.org/10.1021/ja064657h	Reviriego F, Rodríguez-Franco MI, Navarro P, García-España E, Liu-Gonzalez M, Verdejo B, Domènech A.	J Am Chem Soc		papers_only
WX618016	CCOC(=O)c1cc(C(=O)OCC)[nH]n1	142184	MBWXLICVQZUJOW-UHFFFAOYSA-N	diethyl 1H-pyrazole-3,5-dicarboxylate		5	paper	Europe PMC	"""diethyl 1H-pyrazole-3,5-dicarboxylate"""	exact_name	medium	Preliminary investigation of 6,7-dihydropyrazolo[1,5-a]pyrazin-4-one derivatives as a novel series of mGlu5 receptor positive allosteric modulators with efficacy in preclinical models of schizophrenia.	2016	26684851	https://doi.org/10.1016/j.bmcl.2015.11.098	Conde-Ceide S, Alcázar J, Alonso de Diego SA, López S, Martín-Martín ML, Martínez-Viturro CM, Pena MA, Tong HM, Lavreysen H, Mackie C, Bridges TM, Daniels JS, Niswender CM, Jones CK, Macdonald GJ, Steckler T, Conn PJ, Stauffer SR, Lindsley CW, Bartolomé-Nebreda JM.	Bioorg Med Chem Lett		papers_only
WX618016	CCOC(=O)c1cc(C(=O)OCC)[nH]n1	142184	MBWXLICVQZUJOW-UHFFFAOYSA-N	diethyl 1H-pyrazole-3,5-dicarboxylate		5	paper	Europe PMC	"""diethyl 1H-pyrazole-3,5-dicarboxylate"""	exact_name	medium	Non-contact identification and differentiation of illicit drugs using fluorescent films.	2018	29703929	https://doi.org/10.1038/s41467-018-04119-6	Liu K, Shang C, Wang Z, Qi Y, Miao R, Liu K, Liu T, Fang Y.	Nat Commun		papers_only
WX618016	CCOC(=O)c1cc(C(=O)OCC)[nH]n1	142184	MBWXLICVQZUJOW-UHFFFAOYSA-N	diethyl 1H-pyrazole-3,5-dicarboxylate		5	paper	Europe PMC	"""diethyl 1H-pyrazole-3,5-dicarboxylate"""	exact_name	medium	Molecular properties and In silico bioactivity evaluation of (4-fluorophenyl)[5)-3-phen-(4-nitrophenyl yl-4,5-dihydro-1<i>H</i>-pyrazol-1-yl]methanone derivatives: DFT and molecular docking approaches.	2023	37324403	https://doi.org/10.1016/j.jtumed.2023.05.011	Omotayo IA, Banjo S, Emmanuel OT, Felix LD, Kolawole OA, Dele OA, Olasegun AI, Dasola AM, Ayobami OO.	J Taibah Univ Med Sci		papers_only
WX618166	CCOC(=O)c1cn2ccccc2n1	818807	GNFACXDTRBVZJE-UHFFFAOYSA-N	ethyl imidazo[1,2-a]pyridine-2-carboxylate		4	paper	Europe PMC	"""ethyl imidazo[1,2-a]pyridine-2-carboxylate"""	exact_name	medium	Imidazopyridine hydrazone derivatives exert antiproliferative effect on lung and pancreatic cancer cells and potentially inhibit receptor tyrosine kinases including c-Met.	2021	33574356	https://doi.org/10.1038/s41598-021-83069-4	Damghani T, Moosavi F, Khoshneviszadeh M, Mortazavi M, Pirhadi S, Kayani Z, Saso L, Edraki N, Firuzi O.	Sci Rep		papers_only
WX618166	CCOC(=O)c1cn2ccccc2n1	818807	GNFACXDTRBVZJE-UHFFFAOYSA-N	ethyl imidazo[1,2-a]pyridine-2-carboxylate		4	paper	Europe PMC	"""ethyl imidazo[1,2-a]pyridine-2-carboxylate"""	exact_name	medium	Exploratory toxicology studies of 2,3-substituted imidazo[1,2-<i>a</i>]pyridines with antiparasitic and anti-inflammatory properties.	2022	36337253	https://doi.org/10.1093/toxres/tfac046	Serrano-Contreras JI, Meléndez-Camargo ME, Márquez-Flores YK, Soria-Serrano MP, Campos-Aldrete ME.	Toxicol Res (Camb)		papers_only
WX618166	CCOC(=O)c1cn2ccccc2n1	818807	GNFACXDTRBVZJE-UHFFFAOYSA-N	ethyl imidazo[1,2-a]pyridine-2-carboxylate		4	paper	Europe PMC	"""ethyl imidazo[1,2-a]pyridine-2-carboxylate"""	exact_name	medium	Synthesis and cytotoxic activity evaluation of novel imidazopyridine carbohydrazide derivatives.	2024	38184605	https://doi.org/10.1186/s13065-023-01073-3	Firouzi M, Haghighijoo Z, Eskandari M, Mohabbati M, Miri R, Jamei MH, Poustforoosh A, Nazari S, Firuzi O, Khoshneviszadeh M, Edraki N.	BMC Chem		papers_only
WX618166	CCOC(=O)c1cn2ccccc2n1	818807	GNFACXDTRBVZJE-UHFFFAOYSA-N	ethyl imidazo[1,2-a]pyridine-2-carboxylate		4	paper	Europe PMC	"""ethyl imidazo[1,2-a]pyridine-2-carboxylate"""	exact_name	medium	Efficient Synthesis of 1-Chloroimidazo[1,2-a:4,5-c']dipyridines, Versatile Synthons for Position-1 Functionalisation with Various Reagents.	2025	40504706	https://doi.org/10.1002/open.202500178	Dussart R, Pénichon M, Delaye PO, Enguehard-Gueiffier C.	ChemistryOpen		papers_only
WX618198	CCOC(=O)c1c(C)nc2ccccn12	743829	FLAQFBICEAEEOA-UHFFFAOYSA-N	ethyl 2-methylimidazo[1,2-a]pyridine-3-carboxylate		1	paper	Europe PMC	"""ethyl 2-methylimidazo[1,2-a]pyridine-3-carboxylate"""	exact_name	medium	Fused heterocycles: synthesis of some new imidazo[1,2-a]- pyridine derivatives.	2004	18007490	https://doi.org/10.3390/91000894	Kasimogullari BO, Cesur Z.	Molecules		papers_only
WX618267	CCOC(=O)c1cnccn1	81341	SZYQPTAROQANMV-UHFFFAOYSA-N	ethyl pyrazine-2-carboxylate		1	paper	Europe PMC	"""ethyl pyrazine-2-carboxylate"""	exact_name	medium	Natural Products Diversity of Marine Ascidians (Tunicates; Ascidiacea) and Successful Drugs in Clinical Development.	2017	28097641	https://doi.org/10.1007/s13659-016-0115-5	Palanisamy SK, Rajendran NM, Marino A.	Nat Prod Bioprospect		papers_only
WX618269	CCOC(=O)c1nc[nH]c1C(=O)OCC	350670	NQKKUSLBNWTXQI-UHFFFAOYSA-N	diethyl 1H-imidazole-4,5-dicarboxylate		2	paper	Europe PMC	"""diethyl 1H-imidazole-4,5-dicarboxylate"""	exact_name	medium	Synthesis of [1,3, NH2-(15)N3] (5'S)-8,5'-cyclo-2'-deoxyguanosine.	2013	24285476	https://doi.org/10.1002/jlcr.3051	Malik CK, Das RS, Basu AK.	J Labelled Comp Radiopharm		papers_only
WX618269	CCOC(=O)c1nc[nH]c1C(=O)OCC	350670	NQKKUSLBNWTXQI-UHFFFAOYSA-N	diethyl 1H-imidazole-4,5-dicarboxylate		2	paper	Europe PMC	"""diethyl 1H-imidazole-4,5-dicarboxylate"""	exact_name	medium	Evaluation of a Series of β-Secretase 1 Inhibitors Containing Novel Heteroaryl-Fused-Piperazine Amidine Warheads.	2019	31413800	https://doi.org/10.1021/acsmedchemlett.9b00181	Oehlrich D, Peschiulli A, Tresadern G, Van Gool M, Vega JA, De Lucas AI, Alonso de Diego SA, Prokopcova H, Austin N, Van Brandt S, Surkyn M, De Cleyn M, Vos A, Rombouts FJR, Macdonald G, Moechars D, Gijsen HJM, Trabanco AA.	ACS Med Chem Lett		papers_only
WX618308	CCOC(=O)c1cc[nH]n1	7147518	MSPOSRHJXMILNK-UHFFFAOYSA-N	ethyl 1H-pyrazole-5-carboxylate		5	paper	Europe PMC	"""ethyl 1H-pyrazole-5-carboxylate"""	exact_name	medium	Discovery of novel fragments inhibiting O-acetylserine sulphhydrylase by combining scaffold hopping and ligand-based drug design.	2018	30221554	https://doi.org/10.1080/14756366.2018.1512596	Magalhães J, Franko N, Annunziato G, Welch M, Dolan SK, Bruno A, Mozzarelli A, Armao S, Jirgensons A, Pieroni M, Costantino G, Campanini B.	J Enzyme Inhib Med Chem		papers_only
WX618308	CCOC(=O)c1cc[nH]n1	7147518	MSPOSRHJXMILNK-UHFFFAOYSA-N	ethyl 1H-pyrazole-5-carboxylate		5	paper	Europe PMC	"""ethyl 1H-pyrazole-5-carboxylate"""	exact_name	medium	Potent Antimalarials with Development Potential Identified by Structure-Guided Computational Optimization of a Pyrrole-Based Dihydroorotate Dehydrogenase Inhibitor Series.	2021	33876936	https://doi.org/10.1021/acs.jmedchem.1c00173	Palmer MJ, Deng X, Watts S, Krilov G, Gerasyuto A, Kokkonda S, El Mazouni F, White J, White KL, Striepen J, Bath J, Schindler KA, Yeo T, Shackleford DM, Mok S, Deni I, Lawong A, Huang A, Chen G, Wang W, Jayaseelan J, Katneni K, Patil R, Saunders J, Shahi SP, Chittimalla R, Angulo-Barturen I, Jiménez-Díaz MB, Wittlin S, Tumwebaze PK, Rosenthal PJ, Cooper RA, Aguiar ACC, Guido RVC, Pereira DB, Mittal N, Winzeler EA, Tomchick DR, Laleu B, Burrows JN, Rathod PK, Fidock DA, Charman SA, Phillips MA.	J Med Chem		papers_only
WX618308	CCOC(=O)c1cc[nH]n1	7147518	MSPOSRHJXMILNK-UHFFFAOYSA-N	ethyl 1H-pyrazole-5-carboxylate		5	paper	Europe PMC	"""ethyl 1H-pyrazole-5-carboxylate"""	exact_name	medium	Discovery of small-molecule positive allosteric modulators of Parkin E3 ligase.	2022	35024585	https://doi.org/10.1016/j.isci.2021.103650	Shlevkov E, Murugan P, Montagna D, Stefan E, Hadzipasic A, Harvey JS, Kumar PR, Entova S, Bansal N, Bickford S, Wong LY, Hirst WD, Weihofen A, Silvian LF.	iScience		papers_only
WX618308	CCOC(=O)c1cc[nH]n1	7147518	MSPOSRHJXMILNK-UHFFFAOYSA-N	ethyl 1H-pyrazole-5-carboxylate		5	paper	Europe PMC	"""ethyl 1H-pyrazole-5-carboxylate"""	exact_name	medium	Structure-Based Bioisosterism Design, Synthesis, Biological Activity and Toxicity of 1,2,4-Oxadiazole Substituted Benzamides Analogues Containing Pyrazole Rings.	2022	35897869	https://doi.org/10.3390/molecules27154692	Tu MT, Shao YY, Yang S, Sun BL, Wang YY, Tan CX, Wang XD.	Molecules		papers_only
WX618308	CCOC(=O)c1cc[nH]n1	7147518	MSPOSRHJXMILNK-UHFFFAOYSA-N	ethyl 1H-pyrazole-5-carboxylate		5	paper	Europe PMC	"""ethyl 1H-pyrazole-5-carboxylate"""	exact_name	medium	Pyrazole-based lamellarin O analogues: synthesis, biological evaluation and structure-activity relationships.	2023	36909769	https://doi.org/10.1039/d3ra00972f	Dzedulionytė K, Fuxreiter N, Schreiber-Brynzak E, Žukauskaitė A, Šačkus A, Pichler V, Arbačiauskienė E.	RSC Adv		papers_only
WX618344	COC(=O)c1cccc(-c2ccncc2)c1	5152687	OURDGCXMAZZEBC-UHFFFAOYSA-N	methyl 3-pyridin-4-ylbenzoate		1	paper	Europe PMC	"""methyl 3-pyridin-4-ylbenzoate"""	exact_name	medium	Structure-Function Analysis of &lt;i&gt;Mycobacterium tuberculosis&lt;/i&gt; Drug Target Cytochrome P450 125 (CYP125) Enzyme Family.	2025	40943450	https://doi.org/10.3390/ijms26178531	Masinga N, Nelson DR, Syed K.	Int J Mol Sci		papers_only
WX618386	CCOc1cc(OCC)cc(C(=O)OC)c1	53961617	TWYWKJRUBYVESZ-UHFFFAOYSA-N	methyl 3,5-diethoxybenzoate		1	paper	Europe PMC	"""methyl 3,5-diethoxybenzoate"""	exact_name	medium	Exploration of Aromatic Hydrazides as Inhibitors of Human Carbonic Anhydrases.	2025	40165649	https://doi.org/10.1002/ardp.202400963	Menendez GB, Giovannuzzi S, Bonardi A, Nocentini A, Gratteri P, Supuran CT.	Arch Pharm (Weinheim)		papers_only
WX618469	CCOC(=O)c1cc[nH]c1	13070719	ICJYWDHNTMJKFP-UHFFFAOYSA-N	ethyl 1H-pyrrole-3-carboxylate		5	paper	Europe PMC	"""ethyl 1H-pyrrole-3-carboxylate"""	exact_name	medium	Synthesis and biological evaluation of 3-substituted-indolin-2-one derivatives containing chloropyrrole moieties.	2011	22068619	https://doi.org/10.3390/molecules16119368	Jin YZ, Fu DX, Ma N, Li ZC, Liu QH, Xiao L, Zhang RH.	Molecules		papers_only
WX618469	CCOC(=O)c1cc[nH]c1	13070719	ICJYWDHNTMJKFP-UHFFFAOYSA-N	ethyl 1H-pyrrole-3-carboxylate		5	paper	Europe PMC	"""ethyl 1H-pyrrole-3-carboxylate"""	exact_name	medium	Synthesis, DFT Study, and In Vitro Evaluation of Antioxidant Properties and Cytotoxic and Cytoprotective Effects of New Hydrazones on SH-SY5Y Neuroblastoma Cell Lines.	2023	37765006	https://doi.org/10.3390/ph16091198	Tzankova D, Kuteva H, Mateev E, Stefanova D, Dzhemadan A, Yordanov Y, Mateeva A, Tzankova V, Kondeva-Burdina M, Zlatkov A, Georgieva M.	Pharmaceuticals (Basel)		papers_only
WX618469	CCOC(=O)c1cc[nH]c1	13070719	ICJYWDHNTMJKFP-UHFFFAOYSA-N	ethyl 1H-pyrrole-3-carboxylate		5	paper	Europe PMC	"""ethyl 1H-pyrrole-3-carboxylate"""	exact_name	medium	An Overview on the Synthesis of Lamellarins and Related Compounds with Biological Interest.	2024	39274880	https://doi.org/10.3390/molecules29174032	Mitsiou VM, Antonaki AN, Douka MD, Litinas KE.	Molecules		papers_only
WX618469	CCOC(=O)c1cc[nH]c1	13070719	ICJYWDHNTMJKFP-UHFFFAOYSA-N	ethyl 1H-pyrrole-3-carboxylate		5	paper	Europe PMC	"""ethyl 1H-pyrrole-3-carboxylate"""	exact_name	medium	Regioselective Synthesis of 1,2,3-Trisubstituted Pyrroles via Addition-Cyclization of Crotonate-Derived Sulfonium Salts with a Carboxylic Acid and an Amine.	2026	41771776	https://doi.org/10.1021/acs.joc.5c03146	Chavan LN, Pashikanti G, Goodman MM, Liebeskind LS.	J Org Chem		papers_only
WX618469	CCOC(=O)c1cc[nH]c1	13070719	ICJYWDHNTMJKFP-UHFFFAOYSA-N	ethyl 1H-pyrrole-3-carboxylate		5	paper	Europe PMC	"""ethyl 1H-pyrrole-3-carboxylate"""	exact_name	medium	An Overview of the Synthesis of 3,4-Fused Pyrrolocoumarins of Biological Interest	2024	PMC11206682	https://europepmc.org/article/PMC/PMC11206682		Molecules		papers_only
WX618477	COC(=O)c1cnc(C)cn1	465065	CRBOSZMVDHYLJE-UHFFFAOYSA-N	methyl 5-methylpyrazine-2-carboxylate		1	paper	Europe PMC	"""methyl 5-methylpyrazine-2-carboxylate"""	exact_name	medium	Design, Synthesis, and Cytotoxic Analysis of Novel Hederagenin⁻Pyrazine Derivatives Based on Partial Least Squares Discriminant Analysis.	2018	30274380	https://doi.org/10.3390/ijms19102994	Fang K, Zhang XH, Han YT, Wu GR, Cai DS, Xue NN, Guo WB, Yang YQ, Chen M, Zhang XY, Wang H, Ma T, Wang PL, Lei HM.	Int J Mol Sci		papers_only
WX618487	CCOC(=O)c1cn2nc(Cl)ccc2n1	2779714	AZEPEWATPYRPBM-UHFFFAOYSA-N	ethyl 6-chloroimidazo[1,2-b]pyridazine-2-carboxylate		1	paper	Europe PMC	"""ethyl 6-chloroimidazo[1,2-b]pyridazine-2-carboxylate"""	exact_name	medium	Structure-Activity relationships of replacements for the triazolopyridazine of Anti-Cryptosporidium lead SLU-2633.	2023	37148788	https://doi.org/10.1016/j.bmc.2023.117295	Oboh E, Teixeira JE, Schubert TJ, Maribona AS, Denman BN, Patel R, Huston CD, Meyers MJ.	Bioorg Med Chem		papers_only
WX618491	COC(=O)c1ccc(CN2CCN(C)CC2)cc1	782222	MEYCYFIWDAQKQK-UHFFFAOYSA-N	methyl 4-[(4-methylpiperazin-1-yl)methyl]benzoate		2	paper	Europe PMC	"""methyl 4-[(4-methylpiperazin-1-yl)methyl]benzoate"""	exact_name	medium	HDAC3 and HDAC8 PROTAC dual degrader reveals roles of histone acetylation in gene regulation.	2023	37572669	https://doi.org/10.1016/j.chembiol.2023.07.010	Xiao Y, Hale S, Awasthee N, Meng C, Zhang X, Liu Y, Ding H, Huo Z, Lv D, Zhang W, He M, Zheng G, Liao D.	Cell Chem Biol		papers_only
WX618491	COC(=O)c1ccc(CN2CCN(C)CC2)cc1	782222	MEYCYFIWDAQKQK-UHFFFAOYSA-N	methyl 4-[(4-methylpiperazin-1-yl)methyl]benzoate		2	paper	Europe PMC	"""methyl 4-[(4-methylpiperazin-1-yl)methyl]benzoate"""	exact_name	medium	Development of Masitinib Derivatives with Enhanced M<sup>pro</sup> Ligand Efficiency and Reduced Cytotoxicity.	2023	37764425	https://doi.org/10.3390/molecules28186643	Menendez CA, Mohamed A, Perez-Lemus GR, Weiss AM, Rawe BW, Liu G, Crolais AE, Kenna E, Byléhn F, Alvarado W, Mendels D, Rowan SJ, Tay S, de Pablo JJ.	Molecules		papers_only
WX618492	COC(=O)c1cc(Br)cc2[nH]ncc12	24728062	FEPRHRPOKPTRQZ-UHFFFAOYSA-N	methyl 6-bromo-1H-indazole-4-carboxylate		2	paper	Europe PMC	"""methyl 6-bromo-1H-indazole-4-carboxylate"""	exact_name	medium	Non-nucleoside inhibitors of BasE, an adenylating enzyme in the siderophore biosynthetic pathway of the opportunistic pathogen Acinetobacter baumannii.	2013	23437866	https://doi.org/10.1021/jm301709s	Neres J, Engelhart CA, Drake EJ, Wilson DJ, Fu P, Boshoff HI, Barry CE, Gulick AM, Aldrich CC.	J Med Chem		papers_only
WX618492	COC(=O)c1cc(Br)cc2[nH]ncc12	24728062	FEPRHRPOKPTRQZ-UHFFFAOYSA-N	methyl 6-bromo-1H-indazole-4-carboxylate		2	paper	Europe PMC	"""methyl 6-bromo-1H-indazole-4-carboxylate"""	exact_name	medium	Design, Synthesis and Biological Evaluation of 6-(2,6-Dichloro-3,5-dimethoxyphenyl)-4-substituted-1H-indazoles as Potent Fibroblast Growth Factor Receptor Inhibitors.	2016	27782099	https://doi.org/10.3390/molecules21101407	Zhang Z, Zhao D, Dai Y, Cheng M, Geng M, Shen J, Ma Y, Ai J, Xiong B.	Molecules		papers_only
WX618527	CCOC(=O)c1cnn2cccnc12	7021267	JEMAMNBFHPIPCR-UHFFFAOYSA-N	ethyl pyrazolo[1,5-a]pyrimidine-3-carboxylate		1	paper	Europe PMC	"""ethyl pyrazolo[1,5-a]pyrimidine-3-carboxylate"""	exact_name	medium	Discovery of small-molecule inhibitors of RUVBL1/2 ATPase.	2022	35364523	https://doi.org/10.1016/j.bmc.2022.116726	Zhang G, Wang F, Li S, Cheng KW, Zhu Y, Huo R, Abdukirim E, Kang G, Chou TF.	Bioorg Med Chem		papers_only
WX618546	COC(=O)C=C1CN(C(=O)OC(C)(C)C)C1	56923823	DHTIDVBYPXKXSK-UHFFFAOYSA-N	tert-butyl 3-(2-methoxy-2-oxoethylidene)azetidine-1-carboxylate		2	paper	Europe PMC	"""tert-butyl 3-(2-methoxy-2-oxoethylidene)azetidine-1-carboxylate"""	exact_name	medium	Synthesis of New Azetidine and Oxetane Amino Acid Derivatives through Aza-Michael Addition of NH-Heterocycles with Methyl 2-(Azetidin- or Oxetan-3-Ylidene)Acetates.	2023	36770762	https://doi.org/10.3390/molecules28031091	Gudelis E, Krikštolaitytė S, Stančiauskaitė M, Šachlevičiūtė U, Bieliauskas A, Milišiūnaitė V, Jankauskas R, Kleizienė N, Sløk FA, Šačkus A.	Molecules		papers_only
WX618546	COC(=O)C=C1CN(C(=O)OC(C)(C)C)C1	56923823	DHTIDVBYPXKXSK-UHFFFAOYSA-N	tert-butyl 3-(2-methoxy-2-oxoethylidene)azetidine-1-carboxylate		2	paper	Europe PMC	"""tert-butyl 3-(2-methoxy-2-oxoethylidene)azetidine-1-carboxylate"""	exact_name	medium	Precise Conformational Control Yielding Highly Potent and Exceptionally Selective BRD4 Degraders with Strong Antitumor Activity.	2023	37289649	https://doi.org/10.1021/acs.jmedchem.3c00520	Hu J, Hu B, Xu F, Wang M, Qin C, McEachern D, Stuckey J, Wang S.	J Med Chem		papers_only
WX619003	NC(=O)c1ccc(I)c([N+](=O)[O-])c1	9796068	MDOJTZQKHMAPBK-UHFFFAOYSA-N	4-iodo-3-nitrobenzamide		5	paper	Europe PMC	"""4-iodo-3-nitrobenzamide"""	exact_name	medium	Phase II Trials of Iniparib (BSI-201) in Combination with Gemcitabine and Carboplatin in Patients with Recurrent Ovarian Cancer.	2023	36718018	https://doi.org/10.1093/oncolo/oyac275	Penson RT, Ambrosio AJ, Whalen CA, Krasner CN, Konstantinopoulos PA, Bradley C, Matulonis UA, Birrer MJ.	Oncologist		papers_only
WX619003	NC(=O)c1ccc(I)c([N+](=O)[O-])c1	9796068	MDOJTZQKHMAPBK-UHFFFAOYSA-N	4-iodo-3-nitrobenzamide		5	paper	Europe PMC	"""4-iodo-3-nitrobenzamide"""	exact_name	medium	METHODS OF TREATING PLATINUM-SENSITIVE RECURRENT OVARIAN CANCER WITH 4-IODO-3-NITROBENZAMIDE IN COMBINATION WITH AN ANTI-METABOLITE AND PLATINUM COMPOUND	2011	WO2011153382	https://europepmc.org/article/PAT/WO2011153382	BRADLEY CHARLES.	PAT		papers_only
WX619003	NC(=O)c1ccc(I)c([N+](=O)[O-])c1	9796068	MDOJTZQKHMAPBK-UHFFFAOYSA-N	4-iodo-3-nitrobenzamide		5	paper	Europe PMC	"""4-iodo-3-nitrobenzamide"""	exact_name	medium	METHODS OF TREATING PLATINUM-RESISTANT RECURRENT OVARIAN CANCER WITH 4-IODO-3-NITROBENZAMIDE IN COMBINATION WITH AN ANTI-METABOLITE AND A PLATINUM COMPOUND	2011	WO2011153383	https://europepmc.org/article/PAT/WO2011153383	BRALEY CHARLES.	PAT		papers_only
WX619003	NC(=O)c1ccc(I)c([N+](=O)[O-])c1	9796068	MDOJTZQKHMAPBK-UHFFFAOYSA-N	4-iodo-3-nitrobenzamide		5	paper	Europe PMC	"""4-iodo-3-nitrobenzamide"""	exact_name	medium	METHODS OF TREATING BREAST CANCER USING 4-IODO-3-NITROBENZAMIDE IN COMBINATION WITH ANTI-TUMOR AGENTS	2012	WO2012012448	https://europepmc.org/article/PAT/WO2012012448	BRADLEY CHARLES.	PAT		papers_only
WX619003	NC(=O)c1ccc(I)c([N+](=O)[O-])c1	9796068	MDOJTZQKHMAPBK-UHFFFAOYSA-N	4-iodo-3-nitrobenzamide		5	paper	Europe PMC	"""4-iodo-3-nitrobenzamide"""	exact_name	medium	METHODS OF TREATING METASTATIC BREAST CANCER WITH 4-IODO-3-NITROBENZAMIDE AND IRINOTECAN	2012	WO2012012454	https://europepmc.org/article/PAT/WO2012012454	BRADLEY CHARLES.	PAT		papers_only
WX619005	O=C1CN(Cc2ccccc2)CCN1	11458177	SBWVHKNCFZRBRJ-UHFFFAOYSA-N	4-benzylpiperazin-2-one		2	paper	Europe PMC	"""4-benzylpiperazin-2-one"""	exact_name	medium	Enantioselective synthesis of α-secondary and α-tertiary piperazin-2-ones and piperazines by catalytic asymmetric allylic alkylation.	2015	25382664	https://doi.org/10.1002/anie.201408609	Korch KM, Eidamshaus C, Behenna DC, Nam S, Horne D, Stoltz BM.	Angew Chem Int Ed Engl		papers_only
WX619005	O=C1CN(Cc2ccccc2)CCN1	11458177	SBWVHKNCFZRBRJ-UHFFFAOYSA-N	4-benzylpiperazin-2-one		2	paper	Europe PMC	"""4-benzylpiperazin-2-one"""	exact_name	medium	Current progress, challenges and future prospects of diagnostic and therapeutic interventions in Alzheimer's disease.	2018	35540246	https://doi.org/10.1039/c8ra03620a	Rajasekhar K, Govindaraju T.	RSC Adv		papers_only
WX619075	CON(C)C(=O)C1CCN(C(=O)OC(C)(C)C)CC1	11065582	ITCQNWXLNZGEHP-UHFFFAOYSA-N	tert-butyl 4-[methoxy(methyl)carbamoyl]piperidine-1-carboxylate		4	paper	Europe PMC	"""tert-butyl 4-[methoxy(methyl)carbamoyl]piperidine-1-carboxylate"""	exact_name	medium	Heteroaromatic and aniline derivatives of piperidines as potent ligands for vesicular acetylcholine transporter.	2013	23802889	https://doi.org/10.1021/jm400664x	Li J, Zhang X, Zhang Z, Padakanti PK, Jin H, Cui J, Li A, Zeng D, Rath NP, Flores H, Perlmutter JS, Parsons SM, Tu Z.	J Med Chem		papers_only
WX619075	CON(C)C(=O)C1CCN(C(=O)OC(C)(C)C)CC1	11065582	ITCQNWXLNZGEHP-UHFFFAOYSA-N	tert-butyl 4-[methoxy(methyl)carbamoyl]piperidine-1-carboxylate		4	paper	Europe PMC	"""tert-butyl 4-[methoxy(methyl)carbamoyl]piperidine-1-carboxylate"""	exact_name	medium	Syntheses and radiosyntheses of two carbon-11 labeled potent and selective radioligands for imaging vesicular acetylcholine transporter.	2014	24875230	https://doi.org/10.1007/s11307-014-0748-x	Padakanti PK, Zhang X, Li J, Parsons SM, Perlmutter JS, Tu Z.	Mol Imaging Biol		papers_only
WX619075	CON(C)C(=O)C1CCN(C(=O)OC(C)(C)C)CC1	11065582	ITCQNWXLNZGEHP-UHFFFAOYSA-N	tert-butyl 4-[methoxy(methyl)carbamoyl]piperidine-1-carboxylate		4	paper	Europe PMC	"""tert-butyl 4-[methoxy(methyl)carbamoyl]piperidine-1-carboxylate"""	exact_name	medium	Stereoselective Activity of 1-Propargyl-4-styrylpiperidine-like Analogues That Can Discriminate between Monoamine Oxidase Isoforms A and B.	2020	31917923	https://doi.org/10.1021/acs.jmedchem.9b01886	Knez D, Colettis N, Iacovino LG, Sova M, Pišlar A, Konc J, Lešnik S, Higgs J, Kamecki F, Mangialavori I, Dolšak A, Žakelj S, Trontelj J, Kos J, Binda C, Marder M, Gobec S.	J Med Chem		papers_only
WX619075	CON(C)C(=O)C1CCN(C(=O)OC(C)(C)C)CC1	11065582	ITCQNWXLNZGEHP-UHFFFAOYSA-N	tert-butyl 4-[methoxy(methyl)carbamoyl]piperidine-1-carboxylate		4	paper	Europe PMC	"""tert-butyl 4-[methoxy(methyl)carbamoyl]piperidine-1-carboxylate"""	exact_name	medium	The Benzoylpiperidine Fragment as a Privileged Structure in Medicinal Chemistry: A Comprehensive Review.	2024	38731421	https://doi.org/10.3390/molecules29091930	Bononi G, Lonzi C, Tuccinardi T, Minutolo F, Granchi C.	Molecules		papers_only
WX619176	CC(C)(C)OC(=O)NCC(N)=O	10910064	RHONTQZNLFIDCQ-UHFFFAOYSA-N	tert-butyl N-(2-amino-2-oxoethyl)carbamate		1	paper	Europe PMC	"""CC(C)(C)OC(=O)NCC(=O)N"""	exact_smiles	low	Insight into the structure of antitubercular Callyaerins: conformational studies and synthesis of a unique dehydroamino acid, β-aminodehydroalanine.	2025	40826284	https://doi.org/10.1007/s00726-025-03473-2	Banaś K, Lenartowicz P, Siodłak D.	Amino Acids		papers_only
WX619206	COc1cc2nc(C)nc(O)c2cc1OC	135427503	WMDKXNXSIGTHGJ-UHFFFAOYSA-N	6,7-dimethoxy-2-methyl-3H-quinazolin-4-one		1	paper	Europe PMC	"""6,7-dimethoxy-2-methyl-3H-quinazolin-4-one"""	exact_name	medium	Synthesis and Characterization of Some New Quinoxalin-2(<i>1H</i>)one and 2-Methyl-3<i>H</i>-quinazolin-4-one Derivatives Targeting the Onset and Progression of CRC with SAR, Molecular Docking, and ADMET Analyses.	2021	34071141	https://doi.org/10.3390/molecules26113121	El-Sayed NNE, Al-Otaibi TM, Alonazi M, Masand VH, Barakat A, Almarhoon ZM, Ben Bacha A, Ben Bacha A.	Molecules		papers_only
WX622056	O=Cc1cc(Br)c2c(c1)OCO2	2320243	LFWAGNRBILVLBC-UHFFFAOYSA-N	7-bromo-1,3-benzodioxole-5-carbaldehyde		1	paper	Europe PMC	"""7-bromo-1,3-benzodioxole-5-carbaldehyde"""	exact_name	medium	Design and Microwave Synthesis of New (5<i>Z</i>) 5-Arylidene-2-thioxo-1,3-thiazolinidin-4-one and (5<i>Z</i>) 2-Amino-5-arylidene-1,3-thiazol-4(5<i>H</i>)-one as New Inhibitors of Protein Kinase DYRK1A.	2021	34832868	https://doi.org/10.3390/ph14111086	Bourahla K, Guihéneuf S, Limanton E, Paquin L, Le Guével R, Charlier T, Rahmouni M, Durieu E, Lozach O, Carreaux F, Meijer L, Bazureau JP.	Pharmaceuticals (Basel)		papers_only
WX622089	COc1cc(C=O)cc(F)c1O	598452	OOGOFUKAJDPHDJ-UHFFFAOYSA-N	3-fluoro-4-hydroxy-5-methoxybenzaldehyde		2	paper	Europe PMC	"""3-fluoro-4-hydroxy-5-methoxybenzaldehyde"""	exact_name	medium	In situ generation of a Zwitterionic fluorescent probe for detection of human serum albumin protein.	2022	35248557	https://doi.org/10.1016/j.ab.2022.114630	Choudhury R, Sharma AK, Paudel P, Wilson P, Pereira AB.	Anal Biochem		papers_only
WX622089	COc1cc(C=O)cc(F)c1O	598452	OOGOFUKAJDPHDJ-UHFFFAOYSA-N	3-fluoro-4-hydroxy-5-methoxybenzaldehyde		2	paper	Europe PMC	"""3-fluoro-4-hydroxy-5-methoxybenzaldehyde"""	exact_name	medium	An Insight into Fluorinated Imines and Hydrazones as Antibacterial Agents.	2024	38542315	https://doi.org/10.3390/ijms25063341	Sztanke M, Wilk A, Sztanke K.	Int J Mol Sci		papers_only
WX622091	COc1cc(Br)c(C=O)c(OC)c1	11402303	PEKSAHQVDKQWST-UHFFFAOYSA-N	2-bromo-4,6-dimethoxybenzaldehyde		4	paper	Europe PMC	"""2-bromo-4,6-dimethoxybenzaldehyde"""	exact_name	medium	Design and Synthesis of Fungal-Selective Resorcylate Aminopyrazole Hsp90 Inhibitors.	2020	31513387	https://doi.org/10.1021/acs.jmedchem.9b00826	Huang DS, LeBlanc EV, Shekhar-Guturja T, Robbins N, Krysan DJ, Pizarro J, Whitesell L, Cowen LE, Brown LE.	J Med Chem		papers_only
WX622091	COc1cc(Br)c(C=O)c(OC)c1	11402303	PEKSAHQVDKQWST-UHFFFAOYSA-N	2-bromo-4,6-dimethoxybenzaldehyde		4	paper	Europe PMC	"""2-bromo-4,6-dimethoxybenzaldehyde"""	exact_name	medium	Fungal-Selective Resorcylate Aminopyrazole Hsp90 Inhibitors: Optimization of Whole-Cell Anticryptococcal Activity and Insights into the Structural Origins of Cryptococcal Selectivity.	2021	33444025	https://doi.org/10.1021/acs.jmedchem.0c01777	Marcyk PT, LeBlanc EV, Kuntz DA, Xue A, Ortiz F, Trilles R, Bengtson S, Kenney TMG, Huang DS, Robbins N, Williams NS, Krysan DJ, Privé GG, Whitesell L, Cowen LE, Brown LE.	J Med Chem		papers_only
WX622091	COc1cc(Br)c(C=O)c(OC)c1	11402303	PEKSAHQVDKQWST-UHFFFAOYSA-N	2-bromo-4,6-dimethoxybenzaldehyde		4	paper	Europe PMC	"""2-bromo-4,6-dimethoxybenzaldehyde"""	exact_name	medium	Facile synthesis of corticiolic acid-a bioactive pharmacophore from natural sources.	2024	39582939	https://doi.org/10.1039/d4ra06585a	Deevi SK, Anilkumar B, Pinto PG, Ramani P, Vishnuprasad CN, Shanmugaraju S, Pandurangan N.	RSC Adv		papers_only
WX622091	COc1cc(Br)c(C=O)c(OC)c1	11402303	PEKSAHQVDKQWST-UHFFFAOYSA-N	2-bromo-4,6-dimethoxybenzaldehyde		4	paper	Europe PMC	"""2-bromo-4,6-dimethoxybenzaldehyde"""	exact_name	medium	Synthesis and Cytotoxicity Evaluation of Denitroaristolochic Acids: Structural Insights and Mechanistic Implications in Nephrotoxicity.	2025	40723885	https://doi.org/10.3390/biom15071014	Gao J, Zhao M, Su J, Gao Y, Zhang X, Ding Y, Liu X, Luan Y, Hu C.	Biomolecules		papers_only
WX624001	Cc1[nH]c2ccccc2c1C=O	73166	CYZIVXOEJNAIBS-UHFFFAOYSA-N	2-methyl-1H-indole-3-carbaldehyde		5	paper	Europe PMC	"""2-methyl-1H-indole-3-carbaldehyde"""	exact_name	medium	Anticancer activity of a novel small molecule tubulin inhibitor STK899704.	2017	28296906	https://doi.org/10.1371/journal.pone.0173311	Sakchaisri K, Kim SO, Hwang J, Soung NK, Lee KH, Choi TW, Lee Y, Park CM, Thimmegowda NR, Lee PY, Shwetha B, Srinivasrao G, Pham TT, Jang JH, Yum HW, Surh YJ, Lee KS, Park H, Kim SJ, Kwon YT, Ahn JS, Kim BY.	PLoS One		papers_only
WX624001	Cc1[nH]c2ccccc2c1C=O	73166	CYZIVXOEJNAIBS-UHFFFAOYSA-N	2-methyl-1H-indole-3-carbaldehyde		5	paper	Europe PMC	"""2-methyl-1H-indole-3-carbaldehyde"""	exact_name	medium	Indolyl-Pyridinyl-Propenone-Induced Methuosis through the Inhibition of PIKFYVE.	2018	30221232	https://doi.org/10.1021/acsomega.8b00202	Cho H, Geno E, Patoor M, Reid A, McDonald R, Hild M, Jenkins JL.	ACS Omega		papers_only
WX624001	Cc1[nH]c2ccccc2c1C=O	73166	CYZIVXOEJNAIBS-UHFFFAOYSA-N	2-methyl-1H-indole-3-carbaldehyde		5	paper	Europe PMC	"""2-methyl-1H-indole-3-carbaldehyde"""	exact_name	medium	Directed C-H Functionalization of C3-Aldehyde, Ketone, and Acid/Ester-Substituted Free (NH) Indoles with Iodoarenes <i>via</i> a Palladium Catalyst System.	2023	35609297	https://doi.org/10.1021/acs.joc.2c00716	Taskesenligil Y, Aslan M, Cogurcu T, Saracoglu N.	J Org Chem		papers_only
WX624001	Cc1[nH]c2ccccc2c1C=O	73166	CYZIVXOEJNAIBS-UHFFFAOYSA-N	2-methyl-1H-indole-3-carbaldehyde		5	paper	Europe PMC	"""2-methyl-1H-indole-3-carbaldehyde"""	exact_name	medium	Evaluating the therapeutic role of selected active compounds in <i>Plumula Nelumbinis</i> on pulmonary hypertension <i>via</i> network pharmacology and experimental analysis.	2022	36059960	https://doi.org/10.3389/fphar.2022.977921	Xiao X, Luo F, Fu M, Jiang Y, Liu S, Liu B.	Front Pharmacol		papers_only
WX624001	Cc1[nH]c2ccccc2c1C=O	73166	CYZIVXOEJNAIBS-UHFFFAOYSA-N	2-methyl-1H-indole-3-carbaldehyde		5	paper	Europe PMC	"""2-methyl-1H-indole-3-carbaldehyde"""	exact_name	medium	Synthesis of β-Carbolines with Electrocyclic Cyclization of 3-Nitrovinylindoles.	2023	37685914	https://doi.org/10.3390/ijms241713107	Aksenov NA, Arutiunov NA, Aksenov AV, Kirilov NK, Aksenova IV, Aksenov DA, Aleksandrova EV, Rubin M, Kornienko A.	Int J Mol Sci		papers_only
WX624034	O=Cc1cnc2ccccn12	10510981	KIMZVDLDHKECSU-UHFFFAOYSA-N	imidazo[1,2-a]pyridine-3-carbaldehyde		5	paper	Europe PMC	"""imidazo[1,2-a]pyridine-3-carbaldehyde"""	exact_name	medium	Synthesis of novel 4,5-dihydropyrrolo[1,2-a]quinoxalines, pyrrolo[1,2-a]quinoxalin]-2-ones and their antituberculosis and anticancer activity.	2020	32786042	https://doi.org/10.1002/ardp.202000192	Makane VB, Vamshi Krishna E, Karale UB, Babar DA, Kalari S, Kalari S, Rekha EM, Shukla M, Kaul G, Kaul G, Sriram D, Chopra S, Misra S, Rode HB.	Arch Pharm (Weinheim)		papers_only
WX624034	O=Cc1cnc2ccccn12	10510981	KIMZVDLDHKECSU-UHFFFAOYSA-N	imidazo[1,2-a]pyridine-3-carbaldehyde		5	paper	Europe PMC	"""imidazo[1,2-a]pyridine-3-carbaldehyde"""	exact_name	medium	Quinoxaline Moiety: A Potential Scaffold against <i>Mycobacterium tuberculosis</i>.	2021	34443334	https://doi.org/10.3390/molecules26164742	Montana M, Montero V, Khoumeri O, Vanelle P.	Molecules		papers_only
WX624034	O=Cc1cnc2ccccn12	10510981	KIMZVDLDHKECSU-UHFFFAOYSA-N	imidazo[1,2-a]pyridine-3-carbaldehyde		5	paper	Europe PMC	"""imidazo[1,2-a]pyridine-3-carbaldehyde"""	exact_name	medium	Mesoporous Silica Modified with 2-Phenylimidazo[1,2-a] pyridine-3-carbaldehyde as an Effective Adsorbent for Cu(II) from Aqueous Solutions: A Combined Experimental and Theoretical Study.	2022	36014408	https://doi.org/10.3390/molecules27165168	Saddik R, Hammoudan I, Tighadouini S, Roby O, Radi S, Al-Zaben MI, Ben Bacha A, Ben Bacha A, Masand VH, Almarhoon ZM.	Molecules		papers_only
WX624034	O=Cc1cnc2ccccn12	10510981	KIMZVDLDHKECSU-UHFFFAOYSA-N	imidazo[1,2-a]pyridine-3-carbaldehyde		5	paper	Europe PMC	"""imidazo[1,2-a]pyridine-3-carbaldehyde"""	exact_name	medium	Recent advances in magnetic nanocatalysts for synthesis of imidazo[1,2-&lt;i&gt;a&lt;/i&gt;]pyridine frameworks.	2025	41488532	https://doi.org/10.1039/d5ra08924g	Shuheil MA, Priya GP, Ali AM, Sasikumar Y, Aldulaimi A, Sharma R, Singh A, Ali R, Kazemi M.	RSC Adv		papers_only
WX624034	O=Cc1cnc2ccccn12	10510981	KIMZVDLDHKECSU-UHFFFAOYSA-N	imidazo[1,2-a]pyridine-3-carbaldehyde		5	paper	Europe PMC	"""imidazo[1,2-a]pyridine-3-carbaldehyde"""	exact_name	medium	A new SO&lt;sub&gt;2&lt;/sub&gt; probe ZSO targeting VDBP inhibits high glucose induced endothelial cell senescence and calcification.	2025	41561153	https://doi.org/10.3389/fphys.2025.1719853	Zhang Y, Yan X, Dong X, Zhao C, Chi X, Zhao B, Miao J, Lin Z.	Front Physiol		papers_only
WX624131	O=Cc1n[nH]c2ccccc12	11367068	VXOSGHMXAYBBBB-UHFFFAOYSA-N	2H-indazole-3-carbaldehyde		2	paper	Europe PMC	"""2H-indazole-3-carbaldehyde"""	exact_name	medium	A metabolomic perspective of pazopanib-induced acute hepatotoxicity in mice.	2019	29897827	https://doi.org/10.1080/00498254.2018.1489167	Wang YK, Yang XN, Liang WQ, Xiao Y, Zhao Q, Xiao XR, Gonzalez FJ, Li F.	Xenobiotica		papers_only
WX624131	O=Cc1n[nH]c2ccccc12	11367068	VXOSGHMXAYBBBB-UHFFFAOYSA-N	2H-indazole-3-carbaldehyde		2	paper	Europe PMC	"""2H-indazole-3-carbaldehyde"""	exact_name	medium	Recent Advances in Synthetic Strategies and Biological Properties of Indazole Scaffolds: A Review.	2025	40591193	https://doi.org/10.1007/s41061-025-00509-9	Boddapati SNM, Chalapaka B, Kola AE, Jonnalagadda SB.	Top Curr Chem (Cham)		papers_only
WX624144	O=Cc1c[nH]c2cccc(F)c12	22139006	CMNRHJOJYQIGDD-UHFFFAOYSA-N	4-fluoro-1H-indole-3-carbaldehyde		2	paper	Europe PMC	"""4-fluoro-1H-indole-3-carbaldehyde"""	exact_name	medium	Discovery and Preliminary Structure-Activity Investigation of 3-Substituted-1<i>H</i>-imidazol-5-yl-1<i>H</i>-indoles with In Vitro Activity towards Methicillin-Resistant <i>Staphylococcus aureus</i>.	2022	36290109	https://doi.org/10.3390/antibiotics11101450	Li SA, Zheng RJ, Sue K, Bourguet-Kondracki ML, Troudi A, Brunel JM, Copp BR, Cadelis MM.	Antibiotics (Basel)		papers_only
WX624144	O=Cc1c[nH]c2cccc(F)c12	22139006	CMNRHJOJYQIGDD-UHFFFAOYSA-N	4-fluoro-1H-indole-3-carbaldehyde		2	paper	Europe PMC	"""4-fluoro-1H-indole-3-carbaldehyde"""	exact_name	medium	High Target Homology Does Not Guarantee Inhibition: Aminothiazoles Emerge as Inhibitors of <i>Plasmodium falciparum</i>.	2024	38367280	https://doi.org/10.1021/acsinfecdis.3c00670	Johannsen S, Gierse RM, Krüger A, Edwards RL, Nanna V, Fontana A, Zhu D, Masini T, de Carvalho LP, Poizat M, Kieftenbelt B, Hodge DM, Alvarez S, Bunt D, Lacour A, Shams A, Meissner KA, de Souza EE, Dröge M, van Vliet B, den Hartog J, Hutter MC, Held J, Odom John AR, Wrenger C, Hirsch AKH.	ACS Infect Dis		papers_only
WX624209	Cc1nn(C)cc1C=O	847285	IGJREDVLGVEPFI-UHFFFAOYSA-N	1,3-dimethylpyrazole-4-carbaldehyde		1	paper	Europe PMC	"""1,3-dimethylpyrazole-4-carbaldehyde"""	exact_name	medium	Discovery, optimization, and pharmacological characterization of novel heteroaroylphenylureas antagonists of C-C chemokine ligand 2 function.	2011	21341682	https://doi.org/10.1021/jm1012903	Laborde E, Macsata RW, Meng F, Peterson BT, Robinson L, Schow SR, Simon RJ, Xu H, Baba K, Inagaki H, Ishiwata Y, Jomori T, Matsumoto Y, Miyachi A, Nakamura T, Okamoto M, Handel TM, Bernard CC.	J Med Chem		papers_only
WX625049	CC(C)(C)OC(=O)N1CCC(=O)CC1=O	23730999	SLCAHLSQXDNQSF-UHFFFAOYSA-N	tert-butyl 2,4-dioxopiperidine-1-carboxylate		5	paper	Europe PMC	"""tert-butyl 2,4-dioxopiperidine-1-carboxylate"""	exact_name	medium	Combinatorial synthesis of fused tetracyclic heterocycles containing [1,6]naphthyridine derivatives under catalyst free conditions.	2013	23581605	https://doi.org/10.1021/co400020w	Li C, Mu XY, Li YL, Liu Y, Wang XS.	ACS Comb Sci		papers_only
WX625049	CC(C)(C)OC(=O)N1CCC(=O)CC1=O	23730999	SLCAHLSQXDNQSF-UHFFFAOYSA-N	tert-butyl 2,4-dioxopiperidine-1-carboxylate		5	paper	Europe PMC	"""tert-butyl 2,4-dioxopiperidine-1-carboxylate"""	exact_name	medium	Heterocycle-to-Heterocycle Route to Quinoline-4-amines: Reductive Heterocyclization of 3-(2-Nitrophenyl)isoxazoles.	2014	26257574	https://doi.org/10.1002/ejoc.201403065	Coffman KC, Duong V, Bagdasarian AL, Fettinger JC, Haddadin MJ, Kurth MJ.	European J Org Chem		papers_only
WX625049	CC(C)(C)OC(=O)N1CCC(=O)CC1=O	23730999	SLCAHLSQXDNQSF-UHFFFAOYSA-N	tert-butyl 2,4-dioxopiperidine-1-carboxylate		5	paper	Europe PMC	"""tert-butyl 2,4-dioxopiperidine-1-carboxylate"""	exact_name	medium	Discovery and Optimization of 2&lt;i&gt;H&lt;/i&gt;-1λ&lt;sup&gt;2&lt;/sup&gt;-Pyridin-2-one Inhibitors of Mutant Isocitrate Dehydrogenase 1 for the Treatment of Cancer.	2021	33822623	https://doi.org/10.1021/acs.jmedchem.1c00019	Rohde JM, Karavadhi S, Pragani R, Liu L, Fang Y, Zhang W, McIver A, Zheng H, Liu Q, Davis MI, Urban DJ, Lee TD, Cheff DM, Hollingshead M, Henderson MJ, Martinez NJ, Brimacombe KR, Yasgar A, Zhao W, Klumpp-Thomas C, Michael S, Covey J, Moore WJ, Stott GM, Li Z, Simeonov A, Jadhav A, Frye S, Hall MD, Shen M, Wang X, Patnaik S, Boxer MB.	J Med Chem		papers_only
WX625049	CC(C)(C)OC(=O)N1CCC(=O)CC1=O	23730999	SLCAHLSQXDNQSF-UHFFFAOYSA-N	tert-butyl 2,4-dioxopiperidine-1-carboxylate		5	paper	Europe PMC	"""tert-butyl 2,4-dioxopiperidine-1-carboxylate"""	exact_name	medium	Study on Pharmacokinetics and Metabolic Profiles of Novel Potential PLK-1 Inhibitors by UHPLC-MS/MS Combined with UHPLC-Q-Orbitrap/HRMS.	2023	36985522	https://doi.org/10.3390/molecules28062550	Wang L, Lei H, Lu J, Wang W, Liu C, Wang Y, Yang Y, Tian J, Zhang J.	Molecules		papers_only
WX625049	CC(C)(C)OC(=O)N1CCC(=O)CC1=O	23730999	SLCAHLSQXDNQSF-UHFFFAOYSA-N	tert-butyl 2,4-dioxopiperidine-1-carboxylate		5	paper	Europe PMC	"""tert-butyl 2,4-dioxopiperidine-1-carboxylate"""	exact_name	medium	Recent advances of Raman spectroscopy for the analysis of bacteria.	2023	38715923	https://doi.org/10.1002/ansa.202200066	Rodriguez L, Zhang Z, Wang D.	Anal Sci Adv		papers_only
WX625109	CC(=O)Cc1ccccc1[N+](=O)[O-]	12507933	VBJUDFZTSGSTGO-UHFFFAOYSA-N	1-(2-nitrophenyl)propan-2-one		2	paper	Europe PMC	"""1-(2-nitrophenyl)propan-2-one"""	exact_name	medium	Heterocycle-heterocycle strategies: (2-nitrophenyl)isoxazole precursors to 4-aminoquinolines, 1H-indoles, and quinolin-4(1H)-ones.	2013	23557405	https://doi.org/10.1021/ol400787y	Coffman KC, Palazzo TA, Hartley TP, Fettinger JC, Tantillo DJ, Kurth MJ.	Org Lett		papers_only
WX625109	CC(=O)Cc1ccccc1[N+](=O)[O-]	12507933	VBJUDFZTSGSTGO-UHFFFAOYSA-N	1-(2-nitrophenyl)propan-2-one		2	paper	Europe PMC	"""1-(2-nitrophenyl)propan-2-one"""	exact_name	medium	A Photolabile Carboxyl Protecting Group for Solid Phase Peptide Synthesis.	2021	33908701	https://doi.org/10.1002/open.202000324	Yang H, Peng T, Wen X, Chen T, Sun Y, Liu S, Wang G, Zhang S, Wang L.	ChemistryOpen		papers_only
WX625123	CC(C)(C)OC(=O)N1CCC(=O)C(C)(C)C1	22278899	MXCAGVCUIHYAGH-UHFFFAOYSA-N	tert-butyl 3,3-dimethyl-4-oxopiperidine-1-carboxylate		1	paper	Europe PMC	"""tert-butyl 3,3-dimethyl-4-oxopiperidine-1-carboxylate"""	exact_name	medium	From Inhibitors to PET: SAR-Based Development of [&lt;sup&gt;18&lt;/sup&gt;F]SK60 for mIDH1 Imaging.	2025	40581853	https://doi.org/10.1021/acs.jmedchem.5c00584	Kaur S, Dukic-Stefanovic S, Deuther-Conrad W, Toussaint M, Wenzel B, Lönnecke P, Donat CK, Moldovan RP, Kopka K.	J Med Chem		papers_only
WX626026	CC(=O)c1n[nH]c2ccccc12	15684169	BJEQUPDOOXOTLG-UHFFFAOYSA-N	1-(1H-indazol-3-yl)ethanone		2	paper	Europe PMC	"""1-(1H-indazol-3-yl)ethanone"""	exact_name	medium	An optimized procedure for direct access to 1<i>H</i>-indazole-3-carboxaldehyde derivatives by nitrosation of indoles.	2018	35542511	https://doi.org/10.1039/c8ra01546e	Chevalier A, Ouahrouch A, Arnaud A, Gallavardin T, Franck X.	RSC Adv		papers_only
WX626026	CC(=O)c1n[nH]c2ccccc12	15684169	BJEQUPDOOXOTLG-UHFFFAOYSA-N	1-(1H-indazol-3-yl)ethanone		2	paper	Europe PMC	"""1-(1H-indazol-3-yl)ethanone"""	exact_name	medium	SAR Studies around the SULT1A1-Activated Alkylator YC-1 as Cytotoxic Agents against Biliary Tract Cancer Cells.	2025	40955818	https://doi.org/10.1021/acs.jmedchem.5c00489	Kong K, Zhao W, Shrimp JH, Vava M, Sinha R, Sharma S, Lee TD, Roth JS, Lee OW, Lewis D, Kearney SE, Rohde JM, Davis MI, Shah P, Wang AQ, Xu X, Shi L, Shen M, Boxer MB, Bardeesy N, Hall MD, Patnaik S.	J Med Chem		papers_only
WX626038	COc1ccc2c(c1)CCC2=O	78787	QOPRWBRNMPANKN-UHFFFAOYSA-N	5-methoxy-2,3-dihydroinden-1-one		2	paper	Europe PMC	"""5-methoxy-2,3-dihydroinden-1-one"""	exact_name	medium	Multifunctional Donepezil Analogues as Cholinesterase and BACE1 Inhibitors.	2018	30544832	https://doi.org/10.3390/molecules23123252	Green KD, Fosso MY, Garneau-Tsodikova S.	Molecules		papers_only
WX626038	COc1ccc2c(c1)CCC2=O	78787	QOPRWBRNMPANKN-UHFFFAOYSA-N	5-methoxy-2,3-dihydroinden-1-one		2	paper	Europe PMC	"""5-methoxy-2,3-dihydroinden-1-one"""	exact_name	medium	New Insights on the Activity and Selectivity of MAO-B Inhibitors through In Silico Methods.	2023	37298535	https://doi.org/10.3390/ijms24119583	Pacureanu L, Bora A, Crisan L.	Int J Mol Sci		papers_only
WX626073	CC(=O)c1c[nH]c2ncc(Br)cc12	59699914	AYSQNMFURHMHBB-UHFFFAOYSA-N	1-(5-bromo-1H-pyrrolo[2,3-b]pyridin-3-yl)ethanone		1	paper	Europe PMC	"""1-(5-bromo-1H-pyrrolo[2,3-b]pyridin-3-yl)ethanone"""	exact_name	medium	Synthesis and antiproliferative activity of thiazolyl-bis-pyrrolo[2,3-b]pyridines and indolyl-thiazolyl-pyrrolo[2,3-c]pyridines, nortopsentin analogues.	2015	25603343	https://doi.org/10.3390/md13010460	Carbone A, Parrino B, Di Vita G, Attanzio A, Spanò V, Montalbano A, Barraja P, Tesoriere L, Livrea MA, Diana P, Cirrincione G.	Mar Drugs		papers_only
WX628004	O=C(c1ccccc1)c1ccccc1[N+](=O)[O-]	137514	UJHSIDUUJPTLDY-UHFFFAOYSA-N	(2-nitrophenyl)-phenylmethanone		1	paper	Europe PMC	"""(2-nitrophenyl)-phenylmethanone"""	exact_name	medium	Crystallization and preliminary X-ray diffraction studies of a catechol-O-methyltransferase/inhibitor complex.	2005	16508109	https://doi.org/10.1107/s1744309104031197	Rodrigues ML, Bonifácio MJ, Soares-da-Silva P, Carrondo MA, Archer M.	Acta Crystallogr Sect F Struct Biol Cryst Commun		papers_only
WX628005	O=C(c1ccccc1)c1ccccc1Br	2735534	ABEVIHIQUUXDMS-UHFFFAOYSA-N	(2-bromophenyl)-phenylmethanone		1	paper	Europe PMC	"""(2-bromophenyl)-phenylmethanone"""	exact_name	medium	A biomimetic phosphor that can build a rigid microenvironment for its long-lived afterglow in aqueous medium.	2024	39550449	https://doi.org/10.1038/s42004-024-01347-4	Su Y, Wang G, Fu B, Piao X, Zhang K.	Commun Chem		papers_only
WX630019	Cc1nc(CCl)cs1	736341	AQBBZYVPKBIILN-UHFFFAOYSA-N	4-(chloromethyl)-2-methyl-1,3-thiazole		1	paper	Europe PMC	"""4-(chloromethyl)-2-methyl-1,3-thiazole"""	exact_name	medium	BAY-9835: Discovery of the First Orally Bioavailable ADAMTS7 Inhibitor.	2024	38348661	https://doi.org/10.1021/acs.jmedchem.3c02036	Meibom D, Wasnaire P, Beyer K, Broehl A, Cancho-Grande Y, Elowe N, Henninger K, Johannes S, Jungmann N, Krainz T, Lindner N, Maassen S, MacDonald B, Menshykau D, Mittendorf J, Sanchez G, Schaefer M, Stefan E, Torge A, Xing Y, Zubov D.	J Med Chem		papers_only
WX630091	CC(C)(C)OC(=O)N1CC(I)C1	11000522	XPDIKRMPZNLBAC-UHFFFAOYSA-N	tert-butyl 3-iodoazetidine-1-carboxylate		5	paper	Europe PMC	"""tert-butyl 3-iodoazetidine-1-carboxylate"""	exact_name	medium	End-to-End Automated Synthesis of C(sp<sup>3</sup>)-Enriched Drug-like Molecules <i>via</i> Negishi Coupling and Novel, Automated Liquid-Liquid Extraction.	2023	36520521	https://doi.org/10.1021/acs.jmedchem.2c01646	Abdiaj I, Cañellas S, Dieguez A, Linares ML, Pijper B, Fontana A, Rodriguez R, Trabanco A, Palao E, Alcázar J.	J Med Chem		papers_only
WX630091	CC(C)(C)OC(=O)N1CC(I)C1	11000522	XPDIKRMPZNLBAC-UHFFFAOYSA-N	tert-butyl 3-iodoazetidine-1-carboxylate		5	paper	Europe PMC	"""tert-butyl 3-iodoazetidine-1-carboxylate"""	exact_name	medium	Precise Conformational Control Yielding Highly Potent and Exceptionally Selective BRD4 Degraders with Strong Antitumor Activity.	2023	37289649	https://doi.org/10.1021/acs.jmedchem.3c00520	Hu J, Hu B, Xu F, Wang M, Qin C, McEachern D, Stuckey J, Wang S.	J Med Chem		papers_only
WX630091	CC(C)(C)OC(=O)N1CC(I)C1	11000522	XPDIKRMPZNLBAC-UHFFFAOYSA-N	tert-butyl 3-iodoazetidine-1-carboxylate		5	paper	Europe PMC	"""tert-butyl 3-iodoazetidine-1-carboxylate"""	exact_name	medium	Evaluation of potency and metabolic stability of diphyllin-derived Vacuolar-ATPase inhibitors.	2024	38875806	https://doi.org/10.1016/j.ejmech.2024.116537	Sanford LM, Keiser P, Fujii N, Woods H, Zhang C, Xu Z, Mahajani NS, Cortés JG, Plescia CB, Knipp G, Stahelin RV, Davey R, Davisson VJ.	Eur J Med Chem		papers_only
WX630091	CC(C)(C)OC(=O)N1CC(I)C1	11000522	XPDIKRMPZNLBAC-UHFFFAOYSA-N	tert-butyl 3-iodoazetidine-1-carboxylate		5	paper	Europe PMC	"""tert-butyl 3-iodoazetidine-1-carboxylate"""	exact_name	medium	Electrochemical Glycosylation via Halogen-Atom-Transfer for <i>C</i>-Glycoside Assembly.	2024	39114086	https://doi.org/10.1021/acscatal.4c02322	Wu J, Purushothaman R, Kallert F, Homölle SL, Ackermann L.	ACS Catal		papers_only
WX630091	CC(C)(C)OC(=O)N1CC(I)C1	11000522	XPDIKRMPZNLBAC-UHFFFAOYSA-N	tert-butyl 3-iodoazetidine-1-carboxylate		5	paper	Europe PMC	"""tert-butyl 3-iodoazetidine-1-carboxylate"""	exact_name	medium	Catalyst-free photoinduced dehalogenation and functionalization of alkyl halides using Lewis bases.	2025	41200392	https://doi.org/10.1039/d5ra07627g	Sachidanandan K, Umunnah A, Hahn AT, Laulhé S.	RSC Adv		papers_only
WX630170	BrCc1cccc(Br)n1	12954796	LSRDTCMNGSMEEI-UHFFFAOYSA-N	2-bromo-6-(bromomethyl)pyridine		2	paper	Europe PMC	"""2-bromo-6-(bromomethyl)pyridine"""	exact_name	medium	Pd-catalyzed amination in the synthesis of a new family of macropolycyclic compounds comprising diazacrown ether moieties.	2014	24434669	https://doi.org/10.3390/molecules19010940	Yakushev AA, Chernichenko NM, Anokhin MV, Averin AD, Buryak AK, Denat F, Beletskaya IP.	Molecules		papers_only
WX630170	BrCc1cccc(Br)n1	12954796	LSRDTCMNGSMEEI-UHFFFAOYSA-N	2-bromo-6-(bromomethyl)pyridine		2	paper	Europe PMC	"""2-bromo-6-(bromomethyl)pyridine"""	exact_name	medium	2-Aminopyridines with a Truncated Side Chain To Improve Human Neuronal Nitric Oxide Synthase Inhibitory Potency and Selectivity.	2015	26120733	https://doi.org/10.1021/acs.jmedchem.5b00573	Kang S, Li H, Tang W, Martásek P, Roman LJ, Poulos TL, Silverman RB.	J Med Chem		papers_only
WX630229	Cc1ccccc1NC(=O)CCl	101479	LPMANECYGPQBOX-UHFFFAOYSA-N	2-chloro-N-(2-methylphenyl)acetamide		1	paper	Europe PMC	"""2-chloro-N-(2-methylphenyl)acetamide"""	exact_name	medium	Design, synthesis, and computational studies of phenylacetamides as antidepressant agents.	2022	35128584	https://doi.org/10.1007/s11030-021-10374-5	Suryawanshi MR, Kanhed AM, Kulkarni VM, Bhosale SH, Yadav MR.	Mol Divers		papers_only
WX630247	N#Cc1ccc(CBr)cc1F	2778466	DJOXAJDFHGJTAP-UHFFFAOYSA-N	4-(bromomethyl)-2-fluorobenzonitrile		1	paper	Europe PMC	"""4-(bromomethyl)-2-fluorobenzonitrile"""	exact_name	medium	Impact of Type III Secretion Effectors and of Phenoxyacetamide Inhibitors of Type III Secretion on Abscess Formation in a Mouse Model of Pseudomonas aeruginosa Infection.	2017	28807906	https://doi.org/10.1128/aac.01202-17	Berube BJ, Murphy KR, Torhan MC, Bowlin NO, Williams JD, Bowlin TL, Moir DT, Hauser AR.	Antimicrob Agents Chemother		papers_only
WX630288	N#Cc1ccc(OCCBr)cc1	2452212	IVKAPFWKLFIYCG-UHFFFAOYSA-N	4-(2-bromoethoxy)benzonitrile		2	paper	Europe PMC	"""4-(2-bromoethoxy)benzonitrile"""	exact_name	medium	Analogs of pentamidine as potential anti-Pneumocystis chemotherapeutics.	2012	22200403	https://doi.org/10.1016/j.ejmech.2011.12.010	Maciejewska D, Zabinski J, Kaźmierczak P, Rezler M, Krassowska-Świebocka B, Collins MS, Cushion MT.	Eur J Med Chem		papers_only
WX630288	N#Cc1ccc(OCCBr)cc1	2452212	IVKAPFWKLFIYCG-UHFFFAOYSA-N	4-(2-bromoethoxy)benzonitrile		2	paper	Europe PMC	"""4-(2-bromoethoxy)benzonitrile"""	exact_name	medium	Structure-Activity Studies with Bis-Amidines That Potentiate Gram-Positive Specific Antibiotics against Gram-Negative Pathogens.	2021	34766746	https://doi.org/10.1021/acsinfecdis.1c00466	Wesseling CMJ, Slingerland CJ, Veraar S, Lok S, Martin NI.	ACS Infect Dis		papers_only
WX633020	Brc1ccc2cn[nH]c2c1	17842471	WMKDUJVLNZANRN-UHFFFAOYSA-N	6-bromo-1H-indazole		5	paper	Europe PMC	"""6-bromo-1H-indazole"""	exact_name	medium	Lactoperoxidase, an antimicrobial enzyme, is inhibited by some indazoles.	2020	30126312	https://doi.org/10.1080/01480545.2018.1488861	Köksal Z, Alim Z.	Drug Chem Toxicol		papers_only
WX633020	Brc1ccc2cn[nH]c2c1	17842471	WMKDUJVLNZANRN-UHFFFAOYSA-N	6-bromo-1H-indazole		5	paper	Europe PMC	"""6-bromo-1H-indazole"""	exact_name	medium	The Relationship between the IC<sub>50</sub> Values and the Apparent Inhibition Constant in the Study of Inhibitors of Tyrosinase Diphenolase Activity Helps Confirm the Mechanism of Inhibition.	2022	35630619	https://doi.org/10.3390/molecules27103141	Garcia-Molina P, Garcia-Molina F, Teruel-Puche JA, Rodriguez-Lopez JN, Garcia-Canovas F, Muñoz-Muñoz JL.	Molecules		papers_only
WX633020	Brc1ccc2cn[nH]c2c1	17842471	WMKDUJVLNZANRN-UHFFFAOYSA-N	6-bromo-1H-indazole		5	paper	Europe PMC	"""6-bromo-1H-indazole"""	exact_name	medium	Tetraethylammonium Salts as Solid, Easy to Handle Ethylene Precursors and Their Application in Mizoroki-Heck Coupling.	2024	38466932	https://doi.org/10.1021/acs.joc.3c02867	Papaplioura E, Mercier M, Muratore ME, Biberger T, Jerhaoui S, Schnürch M.	J Org Chem		papers_only
WX633020	Brc1ccc2cn[nH]c2c1	17842471	WMKDUJVLNZANRN-UHFFFAOYSA-N	6-bromo-1H-indazole		5	paper	Europe PMC	"""6-bromo-1H-indazole"""	exact_name	medium	Development of a Second-Generation, <i>In Vivo</i> Chemical Probe for PIKfyve.	2025	39838960	https://doi.org/10.1021/acs.jmedchem.4c02531	Min SM, Bashore FM, Smith JL, Havener TM, Howell S, Li H, Couñago RM, Popov KI, Axtman AD.	J Med Chem		papers_only
WX633020	Brc1ccc2cn[nH]c2c1	17842471	WMKDUJVLNZANRN-UHFFFAOYSA-N	6-bromo-1H-indazole		5	paper	Europe PMC	"""6-bromo-1H-indazole"""	exact_name	medium	Recent progress of METTL3 inhibitors for cancer therapeutics: design, optimization and potential applications.	2026	41574236	https://doi.org/10.1039/d5md00867k	Zhang Y, Quan M, Chen Q, Han H, Zhang X, Xu X, Wang Z.	RSC Med Chem		papers_only
WX633102	CCOC(=O)c1ccc(Br)c(Br)c1	12288596	KFYLGKGKNMCPKV-UHFFFAOYSA-N	ethyl 3,4-dibromobenzoate		1	paper	Europe PMC	"""ethyl 3,4-dibromobenzoate"""	exact_name	medium	Selective removal of copper from complex biological media with an agarose-immobilized high-affinity PSP ligand.	2024	39066798	https://doi.org/10.1007/s00775-024-02065-x	Nabatilan A, Thomas Morgan M, Netzer S, Fahrni CJ.	J Biol Inorg Chem		papers_only
WX633106	COC(=O)c1cnc(Br)cn1	27282430	PVTAJWAGBTWOPG-UHFFFAOYSA-N	methyl 5-bromopyrazine-2-carboxylate		1	paper	Europe PMC	"""methyl 5-bromopyrazine-2-carboxylate"""	exact_name	medium	Discovery and druggability evaluation of pyrrolamide-type GyrB/ParE inhibitor against drug-resistant bacterial infection.	2023	38045053	https://doi.org/10.1016/j.apsb.2023.08.030	Zhao X, Feng J, Zhang J, Han Z, Hu Y, Shao HH, Li T, Xia J, Lei K, Wang W, Lai F, Lin Y, Liu B, Zhang K, Zhang C, Yang Q, Luo X, Zhang H, Li C, Zhang W, Wu S.	Acta Pharm Sin B		papers_only
WX634026	CC(=O)Nc1ccc(Br)cc1I	4339008	CKKIHKFIJOFIHZ-UHFFFAOYSA-N	N-(4-bromo-2-iodophenyl)acetamide		1	paper	Europe PMC	"""N-(4-bromo-2-iodophenyl)acetamide"""	exact_name	medium	Total synthesis of kealiiquinone: the regio-controlled strategy for accessing its 1-methyl-4-arylbenzimidazolone core.	2018	35548717	https://doi.org/10.1039/c8ra06676k	Ramadoss V, Alonso-Castro AJ, Campos-Xolalpa N, Ortiz-Alvarado R, Yahuaca-Juárez B, Solorio-Alvarado CR.	RSC Adv		papers_only
WX636050	Cc1cc2c(Cl)ncnc2s1	2757710	NNEBWENPZIGRQK-UHFFFAOYSA-N	4-chloro-6-methylthieno[2,3-d]pyrimidine		2	paper	Europe PMC	"""4-chloro-6-methylthieno[2,3-d]pyrimidine"""	exact_name	medium	Thieno[2,3-<i>d</i>]pyrimidine-Based Positive Allosteric Modulators of Human Mas-Related G Protein-Coupled Receptor X1 (MRGPRX1).	2022	35119273	https://doi.org/10.1021/acs.jmedchem.1c01709	Berhane I, Hin N, Thomas AG, Huang Q, Zhang C, Veeravalli V, Wu Y, Ng J, Alt J, Rojas C, Hihara H, Aoki M, Yoshizawa K, Nishioka T, Suzuki S, He SQ, Peng Q, Guan Y, Dong X, Raja SN, Slusher BS, Rais R, Tsukamoto T.	J Med Chem		papers_only
WX636050	Cc1cc2c(Cl)ncnc2s1	2757710	NNEBWENPZIGRQK-UHFFFAOYSA-N	4-chloro-6-methylthieno[2,3-d]pyrimidine		2	paper	Europe PMC	"""4-chloro-6-methylthieno[2,3-d]pyrimidine"""	exact_name	medium	The Identification of Potent, Selective, and Brain Penetrant PI5P4Kγ Inhibitors as In Vivo-Ready Tool Molecules.	2023	36516442	https://doi.org/10.1021/acs.jmedchem.2c01693	Rooney TPC, Aldred GG, Boffey HK, Willems HMG, Edwards S, Chawner SJ, Scott DE, Green C, Winpenny D, Skidmore J, Clarke JH, Andrews SP.	J Med Chem		papers_only
WX636080	CN(C)c1nc(Cl)cc(Cl)n1	2763624	PWJNRLSPEYCEMV-UHFFFAOYSA-N	4,6-dichloro-N,N-dimethylpyrimidin-2-amine		1	paper	Europe PMC	"""4,6-dichloro-N,N-dimethylpyrimidin-2-amine"""	exact_name	medium	Synthesis and Anti-HIV-1 Evaluation of Some Novel MC-1220 Analogs as Non-Nucleoside Reverse Transcriptase Inhibitors.	2016	26996241	https://doi.org/10.1002/ardp.201600008	Loksha YM, Pedersen EB, Loddo R, La Colla P.	Arch Pharm (Weinheim)		papers_only
WX636107	Cn1ncc([N+](=O)[O-])c1Cl	12344836	POXLZEWCWNUVDW-UHFFFAOYSA-N	5-chloro-1-methyl-4-nitropyrazole		1	paper	Europe PMC	"""5-chloro-1-methyl-4-nitropyrazole"""	exact_name	medium	Synthesis and Biological Profiling of Pyrazolo-Fused 7-Deazapurine Nucleosides.	2020	32692916	https://doi.org/10.1021/acs.joc.0c00928	Fleuti M, Bártová K, Slavětínská LP, Tloušt'ová E, Tichý M, Gurská S, Pavliš P, Džubák P, Hajdúch M, Hocek M.	J Org Chem		papers_only
WX636108	Clc1nccc(-c2ccccc2)n1	605356	AAZYJKNISGEWEV-UHFFFAOYSA-N	2-chloro-4-phenylpyrimidine		5	paper	Europe PMC	"""2-chloro-4-phenylpyrimidine"""	exact_name	medium	Synthesis, biological evaluation, X-ray structure, and pharmacokinetics of aminopyrimidine c-jun-N-terminal kinase (JNK) inhibitors.	2010	19947601	https://doi.org/10.1021/jm901351f	Kamenecka T, Jiang R, Song X, Duckett D, Chen W, Ling YY, Habel J, Laughlin JD, Chambers J, Figuera-Losada M, Cameron MD, Lin L, Ruiz CH, LoGrasso PV.	J Med Chem		papers_only
WX636108	Clc1nccc(-c2ccccc2)n1	605356	AAZYJKNISGEWEV-UHFFFAOYSA-N	2-chloro-4-phenylpyrimidine		5	paper	Europe PMC	"""2-chloro-4-phenylpyrimidine"""	exact_name	medium	One-pot Double Suzuki Couplings of Dichloropyrimidines.	2010	22368305	https://doi.org/10.1055/s-0030-1258150	Anderson SC, Handy ST.	Synthesis (Stuttg)		papers_only
WX636108	Clc1nccc(-c2ccccc2)n1	605356	AAZYJKNISGEWEV-UHFFFAOYSA-N	2-chloro-4-phenylpyrimidine		5	paper	Europe PMC	"""2-chloro-4-phenylpyrimidine"""	exact_name	medium	Synthetic Strategies of Pyrimidine-Based Scaffolds as Aurora Kinase and Polo-like Kinase Inhibitors.	2021	34500603	https://doi.org/10.3390/molecules26175170	Jadhav M, Sankhe K, Bhandare RR, Edis Z, Bloukh SH, Khan TA.	Molecules		papers_only
WX636108	Clc1nccc(-c2ccccc2)n1	605356	AAZYJKNISGEWEV-UHFFFAOYSA-N	2-chloro-4-phenylpyrimidine		5	paper	Europe PMC	"""2-chloro-4-phenylpyrimidine"""	exact_name	medium	Identification of Novel 2,4,5-Trisubstituted Pyrimidines as Potent Dual Inhibitors of Plasmodial <i>Pf</i>GSK3/<i>Pf</i>PK6 with Activity against Blood Stage Parasites In Vitro.	2022	36166733	https://doi.org/10.1021/acs.jmedchem.2c00996	Galal KA, Truong A, Kwarcinski F, de Silva C, Avalani K, Havener TM, Chirgwin ME, Merten E, Ong HW, Willis C, Abdelwaly A, Helal MA, Derbyshire ER, Zutshi R, Drewry DH.	J Med Chem		papers_only
WX636108	Clc1nccc(-c2ccccc2)n1	605356	AAZYJKNISGEWEV-UHFFFAOYSA-N	2-chloro-4-phenylpyrimidine		5	paper	Europe PMC	"""2-chloro-4-phenylpyrimidine"""	exact_name	medium	Heterocyclic core modifications in trypanosomacidal 2-[(phenylheteroaryl)ethyl]ureas.	2025	39967782	https://doi.org/10.1039/d4md00764f	Toynton A, Ferrins L, Newson HL, Sykes ML, Varghese S, Nguyen N, Russell S, Rahmani R, Cheang J, Flematti GR, Skelton BW, Zulfiqar B, Avery VM, Baell JB, Piggott MJ.	RSC Med Chem		papers_only
WX636109	Clc1cccc2nccn12	10953722	BSDNWDAKIVSEAV-UHFFFAOYSA-N	5-chloroimidazo[1,2-a]pyridine		1	paper	Europe PMC	"""5-chloroimidazo[1,2-a]pyridine"""	exact_name	medium	Design and synthesis of pyrazolopyridine derivatives as sphingosine 1-phosphate receptor 2 ligands.	2018	29249563	https://doi.org/10.1016/j.bmcl.2017.12.010	Luo Z, Yue X, Yang H, Liu H, Klein RS, Tu Z.	Bioorg Med Chem Lett		papers_only
WX636136	Clc1ncnc2[nH]cc(I)c12	14809281	CBWBJFJMNBPWAL-UHFFFAOYSA-N	4-chloro-5-iodo-7H-pyrrolo[2,3-d]pyrimidine		5	paper	Europe PMC	"""4-chloro-5-iodo-7H-pyrrolo[2,3-d]pyrimidine"""	exact_name	medium	Structure-based drug discovery of novel fused-pyrazolone carboxamide derivatives as potent and selective AXL inhibitors.	2023	38045061	https://doi.org/10.1016/j.apsb.2023.10.002	Fang F, Dai Y, Wang H, Ji Y, Liang X, Peng X, Li J, Zhao Y, Li C, Wang D, Li Y, Zhang D, Zhang D, Geng M, Liu H, Ai J, Zhou Y.	Acta Pharm Sin B		papers_only
WX636136	Clc1ncnc2[nH]cc(I)c12	14809281	CBWBJFJMNBPWAL-UHFFFAOYSA-N	4-chloro-5-iodo-7H-pyrrolo[2,3-d]pyrimidine		5	paper	Europe PMC	"""4-chloro-5-iodo-7H-pyrrolo[2,3-d]pyrimidine"""	exact_name	medium	Promotion of Water as Solvent in Amination of 4-Chloropyrrolopyrimidines and Related Heterocycles under Acidic Conditions.	2024	38559978	https://doi.org/10.1021/acsomega.3c09673	Yasuda S, Svergja H, Olsen CE, Hoff BH.	ACS Omega		papers_only
WX636136	Clc1ncnc2[nH]cc(I)c12	14809281	CBWBJFJMNBPWAL-UHFFFAOYSA-N	4-chloro-5-iodo-7H-pyrrolo[2,3-d]pyrimidine		5	paper	Europe PMC	"""4-chloro-5-iodo-7H-pyrrolo[2,3-d]pyrimidine"""	exact_name	medium	Metabolic RNA labeling in non-engineered cells following spontaneous uptake of fluorescent nucleoside phosphate analogues.	2024	39162218	https://doi.org/10.1093/nar/gkae722	Pfeiffer P, Nilsson JR, Gallud A, Baladi T, Le HN, Bood M, Lemurell M, Dahlén A, Grøtli M, Esbjörner EK, Wilhelmsson LM.	Nucleic Acids Res		papers_only
WX636136	Clc1ncnc2[nH]cc(I)c12	14809281	CBWBJFJMNBPWAL-UHFFFAOYSA-N	4-chloro-5-iodo-7H-pyrrolo[2,3-d]pyrimidine		5	paper	Europe PMC	"""4-chloro-5-iodo-7H-pyrrolo[2,3-d]pyrimidine"""	exact_name	medium	Targeting biofilm formation in Candida albicans with halogenated pyrrolopyrimidine derivatives.	2025	40121868	https://doi.org/10.1016/j.ejmech.2025.117528	Kim YG, Jeon H, Boya BR, Lee JH, Lee J.	Eur J Med Chem		papers_only
WX636136	Clc1ncnc2[nH]cc(I)c12	14809281	CBWBJFJMNBPWAL-UHFFFAOYSA-N	4-chloro-5-iodo-7H-pyrrolo[2,3-d]pyrimidine		5	paper	Europe PMC	"""4-chloro-5-iodo-7H-pyrrolo[2,3-d]pyrimidine"""	exact_name	medium	Design, Synthesis, and Biological Evaluation of 5',7-Disubstituted 7-Deaza-adenosine Analogues as Irreversible Pan-FGFR Inhibitors.	2025	41304987	https://doi.org/10.3390/ph18111745	Park JH, Tran PT, Ko HL, Mun S, Jang SC, Moon DH, Han J, Kim J, Kim G, Choi H, Kim SW, Kim M, Lee SK, Han BW, Kang KW, Jeong LS.	Pharmaceuticals (Basel)		papers_only
WX636138	Clc1ccn2ncc(Br)c2n1	45480507	IYSBSUPWYUVHKG-UHFFFAOYSA-N	3-bromo-5-chloropyrazolo[1,5-a]pyrimidine		2	paper	Europe PMC	"""3-bromo-5-chloropyrazolo[1,5-a]pyrimidine"""	exact_name	medium	Synthesis and Biological Evaluation of Pyrazolo[1,5-a]pyrimidine Compounds as Potent and Selective Pim-1 Inhibitors.	2015	25589932	https://doi.org/10.1021/ml500300c	Xu Y, Brenning BG, Kultgen SG, Foulks JM, Clifford A, Lai S, Chan A, Merx S, McCullar MV, Kanner SB, Ho KK.	ACS Med Chem Lett		papers_only
WX636138	Clc1ccn2ncc(Br)c2n1	45480507	IYSBSUPWYUVHKG-UHFFFAOYSA-N	3-bromo-5-chloropyrazolo[1,5-a]pyrimidine		2	paper	Europe PMC	"""3-bromo-5-chloropyrazolo[1,5-a]pyrimidine"""	exact_name	medium	An Efficient Synthesis of 3,5-Bis-Aminated Pyrazolo[1,5-<i>a</i>]Pyrimidines: Microwave-Assisted Copper Catalyzed C-3 Amination of 5-Amino-3-Bromo-Substituted Precursors.	2025	39942563	https://doi.org/10.3390/molecules30030458	Iorkula TH, Tolman BA, Ganiyu LO, Peterson MA.	Molecules		papers_only
WX636157	Cc1csc2ncnc(Cl)c12	290225	UAIXPCWTEUFSNI-UHFFFAOYSA-N	4-chloro-5-methylthieno[2,3-d]pyrimidine		3	paper	Europe PMC	"""4-chloro-5-methylthieno[2,3-d]pyrimidine"""	exact_name	medium	Probing the Anticancer Action of Novel Ferrocene Analogues of MNK Inhibitors.	2018	30142961	https://doi.org/10.3390/molecules23092126	Sansook S, Lineham E, Hassell-Hart S, Tizzard GJ, Coles SJ, Spencer J, Morley SJ.	Molecules		papers_only
WX636157	Cc1csc2ncnc(Cl)c12	290225	UAIXPCWTEUFSNI-UHFFFAOYSA-N	4-chloro-5-methylthieno[2,3-d]pyrimidine		3	paper	Europe PMC	"""4-chloro-5-methylthieno[2,3-d]pyrimidine"""	exact_name	medium	Molecular design, synthesis and <i>in vitro</i> biological evaluation of thienopyrimidine-hydroxamic acids as chimeric kinase HDAC inhibitors: a challenging approach to combat cancer.	2021	34187263	https://doi.org/10.1080/14756366.2021.1933465	Abdel-Atty MM, Farag NA, Serya RAT, Abouzid KAM, Mowafy S.	J Enzyme Inhib Med Chem		papers_only
WX636157	Cc1csc2ncnc(Cl)c12	290225	UAIXPCWTEUFSNI-UHFFFAOYSA-N	4-chloro-5-methylthieno[2,3-d]pyrimidine		3	paper	Europe PMC	"""4-chloro-5-methylthieno[2,3-d]pyrimidine"""	exact_name	medium	Thieno[2,3-<i>d</i>]pyrimidine-Based Positive Allosteric Modulators of Human Mas-Related G Protein-Coupled Receptor X1 (MRGPRX1).	2022	35119273	https://doi.org/10.1021/acs.jmedchem.1c01709	Berhane I, Hin N, Thomas AG, Huang Q, Zhang C, Veeravalli V, Wu Y, Ng J, Alt J, Rojas C, Hihara H, Aoki M, Yoshizawa K, Nishioka T, Suzuki S, He SQ, Peng Q, Guan Y, Dong X, Raja SN, Slusher BS, Rais R, Tsukamoto T.	J Med Chem		papers_only
WX636174	Clc1cc2cc[nH]c2cn1	14822070	XAIYMAHUJMVDHR-UHFFFAOYSA-N	5-chloro-1H-pyrrolo[2,3-c]pyridine		1	paper	Europe PMC	"""5-chloro-1H-pyrrolo[2,3-c]pyridine"""	exact_name	medium	Synthesis of the new ring system bispyrido[4',3':4,5]pyrrolo [1,2-a:1',2'-d]pyrazine and its deaza analogue.	2014	25178059	https://doi.org/10.3390/molecules190913342	Parrino B, Spanò V, Carbone A, Barraja P, Diana P, Cirrincione G, Montalbano A.	Molecules		papers_only
WX636195	Cc1nc(Cl)c2ccsc2n1	818255	VYUDXHRVZLZWMP-UHFFFAOYSA-N	4-chloro-2-methylthieno[2,3-d]pyrimidine		1	paper	Europe PMC	"""4-chloro-2-methylthieno[2,3-d]pyrimidine"""	exact_name	medium	The Identification of Potent, Selective, and Brain Penetrant PI5P4Kγ Inhibitors as In Vivo-Ready Tool Molecules.	2023	36516442	https://doi.org/10.1021/acs.jmedchem.2c01693	Rooney TPC, Aldred GG, Boffey HK, Willems HMG, Edwards S, Chawner SJ, Scott DE, Green C, Winpenny D, Skidmore J, Clarke JH, Andrews SP.	J Med Chem		papers_only
WX636223	Clc1nccn2cnnc12	12582612	VKZJRJVVFDDJKP-UHFFFAOYSA-N	8-chloro-[1,2,4]triazolo[4,3-a]pyrazine		2	paper	Europe PMC	"""8-chloro-[1,2,4]triazolo[4,3-a]pyrazine"""	exact_name	medium	A Greener and Efficient Method for Nucleophilic Aromatic Substitution of Nitrogen-Containing Fused Heterocycles.	2018	29562645	https://doi.org/10.3390/molecules23030684	Campos JF, Loubidi M, Scherrmann MC, Berteina-Raboin S.	Molecules		papers_only
WX636223	Clc1nccn2cnnc12	12582612	VKZJRJVVFDDJKP-UHFFFAOYSA-N	8-chloro-[1,2,4]triazolo[4,3-a]pyrazine		2	paper	Europe PMC	"""8-chloro-[1,2,4]triazolo[4,3-a]pyrazine"""	exact_name	medium	Discovery of Potent and Selective Pyridone-Based Small Molecule Kinetic Stabilizers of Amyloidogenic Immunoglobulin Light Chains.	2024	39626211	https://doi.org/10.1021/acs.jmedchem.4c01773	Lederberg OL, Yan NL, Sanchez J, Ren W, Ash C, Wilkens SJ, Qiu H, Qin B, Grant VH, Jackman AB, Stanfield RL, Wilson IA, Petrassi HM, Rhoades D, Kelly JW.	J Med Chem		papers_only
WX636323	Clc1ncc2scc(Br)c2n1	56965724	OJKRQQNUFWOJAV-UHFFFAOYSA-N	7-bromo-2-chlorothieno[3,2-d]pyrimidine		2	paper	Europe PMC	"""7-bromo-2-chlorothieno[3,2-d]pyrimidine"""	exact_name	medium	Antiproliferative activities of halogenated thieno[3,2-d]pyrimidines.	2014	24631358	https://doi.org/10.1016/j.bmc.2014.02.033	Temburnikar KW, Zimmermann SC, Kim NT, Ross CR, Gelbmann C, Salomon CE, Wilson GM, Balzarini J, Seley-Radtke KL.	Bioorg Med Chem		papers_only
WX636323	Clc1ncc2scc(Br)c2n1	56965724	OJKRQQNUFWOJAV-UHFFFAOYSA-N	7-bromo-2-chlorothieno[3,2-d]pyrimidine		2	paper	Europe PMC	"""7-bromo-2-chlorothieno[3,2-d]pyrimidine"""	exact_name	medium	A novel NLRP3 inhibitor as a therapeutic agent against monosodium urate-induced gout.	2023	38371945	https://doi.org/10.3389/fimmu.2023.1307739	Park K, Shin I, Kim Y, Kang H, Oh SJ, Jang E, Sim T, Youn J, Lee MS.	Front Immunol		papers_only
WX637002	Cc1c[nH]nc1Br	21680102	NIKFLRLLYKEJJK-UHFFFAOYSA-N	5-bromo-4-methyl-1H-pyrazole		1	paper	Europe PMC	"""5-bromo-4-methyl-1H-pyrazole"""	exact_name	medium	Structure Activity of β-Amidomethyl Vinyl Sulfones as Covalent Inhibitors of <i>Chikungunya</i> nsP2 Cysteine Protease with Antialphavirus Activity.	2024	39235978	https://doi.org/10.1021/acs.jmedchem.4c01346	Ghoshal A, Asressu KH, Hossain MA, Brown PJ, Nandakumar M, Vala A, Merten EM, Sears JD, Law I, Burdick JE, Morales NL, Perveen S, Pearce KH, Popov KI, Moorman NJ, Heise MT, Willson TM.	J Med Chem		papers_only
WX637018	Brc1cnc2[nH]ncc2c1	40427454	BASYLPMLKGQZOG-UHFFFAOYSA-N	5-bromo-1H-pyrazolo[3,4-b]pyridine		5	paper	Europe PMC	"""5-bromo-1H-pyrazolo[3,4-b]pyridine"""	exact_name	medium	Organometallic 3-(1H-benzimidazol-2-yl)-1H-pyrazolo[3,4-b]pyridines as potential anticancer agents.	2011	22032295	https://doi.org/10.1021/ic201704u	Stepanenko IN, Novak MS, Mühlgassner G, Roller A, Hejl M, Arion VB, Jakupec MA, Keppler BK.	Inorg Chem		papers_only
WX637018	Brc1cnc2[nH]ncc2c1	40427454	BASYLPMLKGQZOG-UHFFFAOYSA-N	5-bromo-1H-pyrazolo[3,4-b]pyridine		5	paper	Europe PMC	"""5-bromo-1H-pyrazolo[3,4-b]pyridine"""	exact_name	medium	Conjugation of organoruthenium(II) 3-(1H-benzimidazol-2-yl)pyrazolo[3,4-b]pyridines and indolo[3,2-d]benzazepines to recombinant human serum albumin: a strategy to enhance cytotoxicity in cancer cells.	2011	22111668	https://doi.org/10.1021/ic201801e	Stepanenko IN, Casini A, Edafe F, Novak MS, Arion VB, Dyson PJ, Jakupec MA, Keppler BK.	Inorg Chem		papers_only
WX637018	Brc1cnc2[nH]ncc2c1	40427454	BASYLPMLKGQZOG-UHFFFAOYSA-N	5-bromo-1H-pyrazolo[3,4-b]pyridine		5	paper	Europe PMC	"""5-bromo-1H-pyrazolo[3,4-b]pyridine"""	exact_name	medium	Design, synthesis, and biological evaluation of Bcr-Abl PROTACs to overcome T315I mutation.	2021	34094836	https://doi.org/10.1016/j.apsb.2020.11.009	Jiang L, Wang Y, Li Q, Tu Z, Zhu S, Tu S, Zhang Z, Ding K, Lu X.	Acta Pharm Sin B		papers_only
WX637018	Brc1cnc2[nH]ncc2c1	40427454	BASYLPMLKGQZOG-UHFFFAOYSA-N	5-bromo-1H-pyrazolo[3,4-b]pyridine		5	paper	Europe PMC	"""5-bromo-1H-pyrazolo[3,4-b]pyridine"""	exact_name	medium	Expanding the scope of native chemical ligation - templated small molecule drug synthesis <i>via</i> benzanilide formation.	2021	34777764	https://doi.org/10.1039/d1sc00513h	Houska R, Stutz MB, Seitz O.	Chem Sci		papers_only
WX637018	Brc1cnc2[nH]ncc2c1	40427454	BASYLPMLKGQZOG-UHFFFAOYSA-N	5-bromo-1H-pyrazolo[3,4-b]pyridine		5	paper	Europe PMC	"""5-bromo-1H-pyrazolo[3,4-b]pyridine"""	exact_name	medium	Design, synthesis and biological evaluation of pyrazolo[3,4-<i>b</i>]pyridine derivatives as TRK inhibitors.	2023	36760745	https://doi.org/10.1039/d2md00334a	Liu N, Wang X, Fu Q, Qin Q, Wu T, Lv R, Zhao D, Cheng M.	RSC Med Chem		papers_only
WX637032	Cc1cc(Br)n[nH]1	1201423	SVRPUGWCOWUQOY-UHFFFAOYSA-N	3-bromo-5-methyl-1H-pyrazole		4	paper	Europe PMC	"""3-bromo-5-methyl-1H-pyrazole"""	exact_name	medium	Making a new bromo-containing cellulosic dye with antibacterial properties for use on various fabrics using computational research.	2023	37344546	https://doi.org/10.1038/s41598-023-36688-y	El-Shall FN, Fahim AM, Dacrory S.	Sci Rep		papers_only
WX637032	Cc1cc(Br)n[nH]1	1201423	SVRPUGWCOWUQOY-UHFFFAOYSA-N	3-bromo-5-methyl-1H-pyrazole		4	paper	Europe PMC	"""3-bromo-5-methyl-1H-pyrazole"""	exact_name	medium	Indole-Pyrazole Hybrids: Synthesis, Structure, and Assessment of Their Hemolytic and Cytoprotective Properties.	2025	41009581	https://doi.org/10.3390/ijms26189018	Babijczuk K, Wawrzyniak K, Warżajtis B, Rychlewska U, Nowak D, da Victoria Banda Y, Mrówczyńska L, Jasiewicz B.	Int J Mol Sci		papers_only
WX637032	Cc1cc(Br)n[nH]1	1201423	SVRPUGWCOWUQOY-UHFFFAOYSA-N	3-bromo-5-methyl-1H-pyrazole		4	paper	Europe PMC	"""3-bromo-5-methyl-1H-pyrazole"""	exact_name	medium	Unlocking radioluminescence in copper cyclic trinuclear complexes.	2025	41160679	https://doi.org/10.1126/sciadv.aea4133	Chen YX, Li YG, Fan J, Zhuo H, Zhou Z, Tong H, Yang M, Li WG, Wu J, Pang H, Liu W, Wu C, Tian T, Ouyang G.	Sci Adv		papers_only
WX637032	Cc1cc(Br)n[nH]1	1201423	SVRPUGWCOWUQOY-UHFFFAOYSA-N	3-bromo-5-methyl-1H-pyrazole		4	paper	Europe PMC	"""3-bromo-5-methyl-1H-pyrazole"""	exact_name	medium	Systematic Optimization of Fragment TLX Ligands toward Agonism and Inverse Agonism.	2026	41603564	https://doi.org/10.1021/acs.jmedchem.5c02718	Hank EC, Knümann L, López-García Ú, Kardanov A, Morozov V, Höfner G, Merk D.	J Med Chem		papers_only
WX637056	Brc1cccc2[nH]ncc12	22352548	KJIODOACRIRBPB-UHFFFAOYSA-N	4-bromo-1H-indazole		5	paper	Europe PMC	"""4-bromo-1H-indazole"""	exact_name	medium	Synthesis and antibacterial activity of novel 4-bromo-1H-indazole derivatives as FtsZ inhibitors.	2015	25773717	https://doi.org/10.1002/ardp.201400412	Wang Y, Yan M, Ma R, Ma S.	Arch Pharm (Weinheim)		papers_only
WX637056	Brc1cccc2[nH]ncc12	22352548	KJIODOACRIRBPB-UHFFFAOYSA-N	4-bromo-1H-indazole		5	paper	Europe PMC	"""4-bromo-1H-indazole"""	exact_name	medium	Lactoperoxidase, an antimicrobial enzyme, is inhibited by some indazoles.	2020	30126312	https://doi.org/10.1080/01480545.2018.1488861	Köksal Z, Alim Z.	Drug Chem Toxicol		papers_only
WX637056	Brc1cccc2[nH]ncc12	22352548	KJIODOACRIRBPB-UHFFFAOYSA-N	4-bromo-1H-indazole		5	paper	Europe PMC	"""4-bromo-1H-indazole"""	exact_name	medium	Recent Advances in Indazole-Containing Derivatives: Synthesis and Biological Perspectives.	2018	30373212	https://doi.org/10.3390/molecules23112783	Zhang SG, Liang CG, Zhang WH.	Molecules		papers_only
WX637056	Brc1cccc2[nH]ncc12	22352548	KJIODOACRIRBPB-UHFFFAOYSA-N	4-bromo-1H-indazole		5	paper	Europe PMC	"""4-bromo-1H-indazole"""	exact_name	medium	Halogeno-substituted indazoles against copper corrosion in industrial pickling process: a combined electrochemical, morphological and theoretical approach.	2018	35558329	https://doi.org/10.1039/c8ra08238c	Qiang Y, Zhang S, Xiang Q, Tan B, Li W, Chen S, Guo L.	RSC Adv		papers_only
WX637056	Brc1cccc2[nH]ncc12	22352548	KJIODOACRIRBPB-UHFFFAOYSA-N	4-bromo-1H-indazole		5	paper	Europe PMC	"""4-bromo-1H-indazole"""	exact_name	medium	Exploiting the Cryptic αD Pocket of Casein Kinase 2α (CK2α) to Deliver Highly Potent and Selective Type 1 Inhibitors.	2025	41085029	https://doi.org/10.1021/acs.jmedchem.5c01807	Glossop PA, Brear P, Wright S, Flanagan N, Glossop MS, Lane CAL, Butt RP, Spring DR, Hyvönen M, Cawkill D.	J Med Chem		papers_only
WX637076	Cc1nc2ccc(Br)cc2c(=O)[nH]1	135408795	MNYWPPKPTICBPZ-UHFFFAOYSA-N	6-bromo-2-methyl-3H-quinazolin-4-one		2	paper	Europe PMC	"""6-bromo-2-methyl-3H-quinazolin-4-one"""	exact_name	medium	Synthesis and evaluation of anticancer, antiphospholipases, antiproteases, and antimetabolic syndrome activities of some 3H-quinazolin-4-one derivatives.	2019	30821525	https://doi.org/10.1080/14756366.2019.1574780	El-Sayed NNE, Almaneai NM, Ben Bacha A, Ben Bacha A, Al-Obeed O, Ahmad R, Abdulla M, Alafeefy AM.	J Enzyme Inhib Med Chem		papers_only
WX637076	Cc1nc2ccc(Br)cc2c(=O)[nH]1	135408795	MNYWPPKPTICBPZ-UHFFFAOYSA-N	6-bromo-2-methyl-3H-quinazolin-4-one		2	paper	Europe PMC	"""6-bromo-2-methyl-3H-quinazolin-4-one"""	exact_name	medium	Synthesis of Novel 3H-Quinazolin-4-ones Containing Pyrazolinone, Pyrazole and Pyrimidinone Moieties	2003	PMC6147013	https://europepmc.org/article/PMC/PMC6147013		Molecules		papers_only
WX637081	Brc1cnc2ccnn2c1	22236701	VDHTXLUCUNPVLO-UHFFFAOYSA-N	6-bromopyrazolo[1,5-a]pyrimidine		5	paper	Europe PMC	"""6-bromopyrazolo[1,5-a]pyrimidine"""	exact_name	medium	Structure-activity relationship study of bone morphogenetic protein (BMP) signaling inhibitors.	2008	18621530	https://doi.org/10.1016/j.bmcl.2008.06.052	Cuny GD, Yu PB, Laha JK, Xing X, Liu JF, Lai CS, Deng DY, Sachidanandan C, Bloch KD, Peterson RT.	Bioorg Med Chem Lett		papers_only
WX637081	Brc1cnc2ccnn2c1	22236701	VDHTXLUCUNPVLO-UHFFFAOYSA-N	6-bromopyrazolo[1,5-a]pyrimidine		5	paper	Europe PMC	"""6-bromopyrazolo[1,5-a]pyrimidine"""	exact_name	medium	Synthesis and structure-activity relationships of a novel and selective bone morphogenetic protein receptor (BMP) inhibitor derived from the pyrazolo[1.5-a]pyrimidine scaffold of dorsomorphin: the discovery of ML347 as an ALK2 versus ALK3 selective MLPCN probe.	2013	23639540	https://doi.org/10.1016/j.bmcl.2013.03.113	Engers DW, Frist AY, Lindsley CW, Hong CC, Hopkins CR.	Bioorg Med Chem Lett		papers_only
WX637081	Brc1cnc2ccnn2c1	22236701	VDHTXLUCUNPVLO-UHFFFAOYSA-N	6-bromopyrazolo[1,5-a]pyrimidine		5	paper	Europe PMC	"""6-bromopyrazolo[1,5-a]pyrimidine"""	exact_name	medium	Synthesis and identification of GZD856 as an orally bioavailable Bcr-Abl<sup>T315I</sup> inhibitor overcoming acquired imatinib resistance.	2017	28260399	https://doi.org/10.1080/14756366.2016.1250757	Lu X, Zhang Z, Ren X, Wang D, Ding K.	J Enzyme Inhib Med Chem		papers_only
WX637081	Brc1cnc2ccnn2c1	22236701	VDHTXLUCUNPVLO-UHFFFAOYSA-N	6-bromopyrazolo[1,5-a]pyrimidine		5	paper	Europe PMC	"""6-bromopyrazolo[1,5-a]pyrimidine"""	exact_name	medium	Ring-opening fluorination of bicyclic azaarenes.	2022	35173930	https://doi.org/10.1039/d1sc06273e	Komatsuda M, Suto A, Kondo H, Takada H, Kato K, Saito B, Yamaguchi J.	Chem Sci		papers_only
WX637081	Brc1cnc2ccnn2c1	22236701	VDHTXLUCUNPVLO-UHFFFAOYSA-N	6-bromopyrazolo[1,5-a]pyrimidine		5	paper	Europe PMC	"""6-bromopyrazolo[1,5-a]pyrimidine"""	exact_name	medium	Discovery of small-molecule inhibitors of RUVBL1/2 ATPase.	2022	35364523	https://doi.org/10.1016/j.bmc.2022.116726	Zhang G, Wang F, Li S, Cheng KW, Zhu Y, Huo R, Abdukirim E, Kang G, Chou TF.	Bioorg Med Chem		papers_only
WX637134	Brc1cnc2cnccn12	2771671	OZNGJOXLTIENCF-UHFFFAOYSA-N	3-bromoimidazo[1,2-a]pyrazine		1	paper	Europe PMC	"""3-bromoimidazo[1,2-a]pyrazine"""	exact_name	medium	Embracing the Diversity of Halogen Bonding Motifs in Fragment-Based Drug Discovery-Construction of a Diversity-Optimized Halogen-Enriched Fragment Library.	2019	30834240	https://doi.org/10.3389/fchem.2019.00009	Heidrich J, Sperl LE, Boeckler FM.	Front Chem		papers_only
WX637142	Cc1ncc(Br)cc1[N+](=O)[O-]	25067266	FZZLWWNOYMHSIS-UHFFFAOYSA-N	5-bromo-2-methyl-3-nitropyridine		1	paper	Europe PMC	"""5-bromo-2-methyl-3-nitropyridine"""	exact_name	medium	Nucleophilic Functionalization of 2-R-3-Nitropyridines as a Versatile Approach to Novel Fluorescent Molecules.	2022	36080461	https://doi.org/10.3390/molecules27175692	Nikol'skiy VV, Minyaev ME, Bastrakov MA, Starosotnikov AM.	Molecules		papers_only
WX637186	Brc1cnc2cc[nH]c2c1	24229256	OJFFFCVPCVATIV-UHFFFAOYSA-N	6-bromo-1H-pyrrolo[3,2-b]pyridine		3	paper	Europe PMC	"""6-bromo-1H-pyrrolo[3,2-b]pyridine"""	exact_name	medium	Discovery and Biological Evaluation of a Series of Pyrrolo[2,3-b]pyrazines as Novel FGFR Inhibitors.	2017	28379191	https://doi.org/10.3390/molecules22040583	Zhang Y, Liu H, Zhang Z, Wang R, Liu T, Wang C, Ma Y, Ai J, Zhao D, Shen J, Xiong B.	Molecules		papers_only
WX637186	Brc1cnc2cc[nH]c2c1	24229256	OJFFFCVPCVATIV-UHFFFAOYSA-N	6-bromo-1H-pyrrolo[3,2-b]pyridine		3	paper	Europe PMC	"""6-bromo-1H-pyrrolo[3,2-b]pyridine"""	exact_name	medium	Synthesis and preliminary evaluation of novel <sup>11</sup>C-labeled GluN2B-selective NMDA receptor negative allosteric modulators.	2021	32661351	https://doi.org/10.1038/s41401-020-0456-9	Sun JY, Kumata K, Chen Z, Zhang YD, Chen JH, Hatori A, Fu HL, Rong J, Deng XY, Yamasaki T, Xie L, Hu K, Fujinaga M, Yu QZ, Shao T, Collier TL, Josephson L, Shao YH, Du YF, Wang L, Xu H, Zhang MR, Liang SH.	Acta Pharmacol Sin		papers_only
WX637186	Brc1cnc2cc[nH]c2c1	24229256	OJFFFCVPCVATIV-UHFFFAOYSA-N	6-bromo-1H-pyrrolo[3,2-b]pyridine		3	paper	Europe PMC	"""6-bromo-1H-pyrrolo[3,2-b]pyridine"""	exact_name	medium	Optimization and Characterization of N-Acetamide Indoles as Antimalarials That Target PfATP4.	2025	40228810	https://doi.org/10.1021/acs.jmedchem.5c00614	Awalt JK, Ooi ZK, Ashton TD, Mansouri M, Calic PPS, Zhou Q, Vasanthan S, Lee S, Loi K, Jarman KE, Penington JS, Qiu D, Zhang X, Lehane AM, Mao EY, Gancheva MR, Wilson DW, Giannangelo C, MacRaild CA, Creek DJ, Yeo T, Sheth T, Fidock DA, Churchyard A, Baum J, Famodimu MT, Delves MJ, Kristan M, Stewart L, Sutherland CJ, Coyle R, Jagoe H, Lee MCS, Chowdury M, de Koning-Ward TF, Baud D, Brand S, Jackson PF, Cowman AF, Dans MG, Sleebs BE.	J Med Chem		papers_only
WX637189	Brc1ccnc2[nH]ccc12	22273643	LEZHTYOQWQEBLH-UHFFFAOYSA-N	4-bromo-1H-pyrrolo[2,3-b]pyridine		4	paper	Europe PMC	"""4-bromo-1H-pyrrolo[2,3-b]pyridine"""	exact_name	medium	Palladium-catalyzed C-N and C-O bond formation of N-substituted 4-bromo-7-azaindoles with amides, amines, amino acid esters and phenols.	2012	23209536	https://doi.org/10.3762/bjoc.8.227	Surasani R, Kalita D, Rao AV, Chandrasekhar KB.	Beilstein J Org Chem		papers_only
WX637189	Brc1ccnc2[nH]ccc12	22273643	LEZHTYOQWQEBLH-UHFFFAOYSA-N	4-bromo-1H-pyrrolo[2,3-b]pyridine		4	paper	Europe PMC	"""4-bromo-1H-pyrrolo[2,3-b]pyridine"""	exact_name	medium	Development of Potent &lt;i&gt;Pf&lt;/i&gt;CLK3 Inhibitors Based on TCMDC-135051 as a New Class of Antimalarials.	2020	32787140	https://doi.org/10.1021/acs.jmedchem.0c00451	Mahindra A, Janha O, Mapesa K, Sanchez-Azqueta A, Alam MM, Amambua-Ngwa A, Nwakanma DC, Tobin AB, Jamieson AG.	J Med Chem		papers_only
WX637189	Brc1ccnc2[nH]ccc12	22273643	LEZHTYOQWQEBLH-UHFFFAOYSA-N	4-bromo-1H-pyrrolo[2,3-b]pyridine		4	paper	Europe PMC	"""4-bromo-1H-pyrrolo[2,3-b]pyridine"""	exact_name	medium	Design and synthesis of novel 8-(azaindolyl)-benzoazepinones as potent and selective ROCK inhibitors.	2024	39297059	https://doi.org/10.1039/d4md00313f	Pala D, Clark D, Edwards C, Pasqua E, Tigli L, Pioselli B, Malysa P, Facchinetti F, Rancati F, Accetta A.	RSC Med Chem		papers_only
WX637189	Brc1ccnc2[nH]ccc12	22273643	LEZHTYOQWQEBLH-UHFFFAOYSA-N	4-bromo-1H-pyrrolo[2,3-b]pyridine		4	paper	Europe PMC	"""4-bromo-1H-pyrrolo[2,3-b]pyridine"""	exact_name	medium	Targeting <i>Pf</i>CLK3 with Covalent Inhibitors: A Novel Strategy for Malaria Treatment.	2024	39441986	https://doi.org/10.1021/acs.jmedchem.4c01300	Brettell SB, Janha O, Begen A, Cann G, Sharma S, Olaniyan N, Yelland T, Hole AJ, Alam B, Mayville E, Gillespie R, Capper M, Fidock DA, Milligan G, Clarke DJ, Tobin AB, Jamieson AG.	J Med Chem		papers_only
WX637192	O=c1nc[nH]c2ccc(Br)cc12	135444905	OVEISJPVPHWEHR-UHFFFAOYSA-N	6-bromo-3H-quinazolin-4-one		1	paper	Europe PMC	"""6-bromo-3H-quinazolin-4-one"""	exact_name	medium	Rhodium-Catalyzed Merging of 2-Arylquinazolinone and 2,2-Difluorovinyl Tosylate: Diverse Synthesis of Monofluoroolefin Quinazolinone Derivatives.	2020	32596601	https://doi.org/10.1021/acsomega.0c01344	Wang N, Yang Q, Deng Z, Mao X, Peng Y.	ACS Omega		papers_only
WX637230	COC(=O)c1ccc(Br)[nH]1	11600885	ZYBOXSDTMZRWBC-UHFFFAOYSA-N	methyl 5-bromo-1H-pyrrole-2-carboxylate		1	paper	Europe PMC	"""methyl 5-bromo-1H-pyrrole-2-carboxylate"""	exact_name	medium	Binding characteristics of pyrrole-scaffold hepatitis B virus capsid inhibitors and identification of novel potent compounds.	2023	37807973	https://doi.org/10.1039/d3ra04720b	Ruengsatra T, Meeprasert A, Rattanangkool E, Deesiri S, Srisa J, Udomnilobol U, Dunkoksung W, Chuaypen N, Kiatbumrung R, Tangkijvanich P, Vimolmangkang S, Pudhom K, Prueksaritanont T.	RSC Adv		papers_only
WX637271	COc1ncc(Br)c2cc[nH]c12	11806401	OHOIMHHFHQTXLQ-UHFFFAOYSA-N	4-bromo-7-methoxy-1H-pyrrolo[2,3-c]pyridine		1	paper	Europe PMC	"""4-bromo-7-methoxy-1H-pyrrolo[2,3-c]pyridine"""	exact_name	medium	Epigenetic modulation through BET bromodomain inhibitors as a novel therapeutic strategy for progranulin-deficient frontotemporal dementia.	2024	38643236	https://doi.org/10.1038/s41598-024-59110-7	Rosenthal ZC, Fass DM, Payne NC, She A, Patnaik D, Hennig KM, Tesla R, Werthmann GC, Guhl C, Reis SA, Wang X, Chen Y, Placzek M, Williams NS, Hooker J, Herz J, Mazitschek R, Haggarty SJ.	Sci Rep		papers_only
WX637275	COc1ccncc1Br	642827	DSFJKFHIMBVWAV-UHFFFAOYSA-N	3-bromo-4-methoxypyridine		2	paper	Europe PMC	"""3-bromo-4-methoxypyridine"""	exact_name	medium	Improved synthesis of aryltrialkoxysilanes via treatment of aryl Grignard or lithium reagents with tetraalkyl orthosilicates.	2004	15549801	https://doi.org/10.1021/jo048667h	Manoso AS, Ahn C, Soheili A, Handy CJ, Correia R, Seganish WM, Deshong P.	J Org Chem		papers_only
WX637275	COc1ccncc1Br	642827	DSFJKFHIMBVWAV-UHFFFAOYSA-N	3-bromo-4-methoxypyridine		2	paper	Europe PMC	"""3-bromo-4-methoxypyridine"""	exact_name	medium	Identification of the 4-Position of 3-Alkynyl and 3-Heteroaromatic Substituted Pyridine Methanamines as a Key Modification Site Eliciting Increased Potency and Enhanced Selectivity for Cytochrome P-450 2A6 Inhibition.	2018	29995408	https://doi.org/10.1021/acs.jmedchem.8b00084	Denton TT, Srivastava P, Xia Z, Chen G, Watson CJW, Wynd A, Lazarus P.	J Med Chem		papers_only
WX637305	Clc1ccnc2[nH]cc(I)c12	11550874	IDEYYMSXMIFGMV-UHFFFAOYSA-N	4-chloro-3-iodo-1H-pyrrolo[2,3-b]pyridine		1	paper	Europe PMC	"""4-chloro-3-iodo-1H-pyrrolo[2,3-b]pyridine"""	exact_name	medium	Inhibitors of the Hippo Pathway Kinases STK3/MST2 and STK4/MST1 Have Utility for the Treatment of Acute Myeloid Leukemia.	2022	34807584	https://doi.org/10.1021/acs.jmedchem.1c00804	Bata N, Chaikuad A, Bakas NA, Limpert AS, Lambert LJ, Sheffler DJ, Berger LM, Liu G, Yuan C, Wang L, Peng Y, Dong J, Celeridad M, Layng F, Knapp S, Cosford NDP.	J Med Chem		papers_only
WX637392	COc1cc(Br)cnc1OC	12563084	VSXDRIVAPWWONE-UHFFFAOYSA-N	5-bromo-2,3-dimethoxypyridine		2	paper	Europe PMC	"""5-bromo-2,3-dimethoxypyridine"""	exact_name	medium	Aryl and Arylalkyl Substituted 3-Hydroxypyridin-2(1H)-ones: Synthesis and Evaluation as Inhibitors of Influenza A Endonuclease.	2019	30983160	https://doi.org/10.1002/cmdc.201900084	Sagong HY, Bauman JD, Nogales A, Martínez-Sobrido L, Arnold E, LaVoie EJ.	ChemMedChem		papers_only
WX637392	COc1cc(Br)cnc1OC	12563084	VSXDRIVAPWWONE-UHFFFAOYSA-N	5-bromo-2,3-dimethoxypyridine		2	paper	Europe PMC	"""5-bromo-2,3-dimethoxypyridine"""	exact_name	medium	Beyond natural flavonoids: exploring bioisosterism in design and synthesis of influenza endonuclease inhibitors.	2025	40510903	https://doi.org/10.1039/d5md00071h	Reiberger R, Kráľ M, Radilová K, Kotačka T, Dračínský M, Tsalyy A, Brynda J, Majer P, Konvalinka J, Kožíšek M, Machara A.	RSC Med Chem		papers_only
WX637393	COC(=O)c1cc(Br)c(Br)o1	4135083	OIOPUTCGINQNRL-UHFFFAOYSA-N	methyl 4,5-dibromofuran-2-carboxylate		1	paper	Europe PMC	"""methyl 4,5-dibromofuran-2-carboxylate"""	exact_name	medium	Development of the First Small-Molecule Inhibitor Targeting Oncostatin M for Treatment of Breast Cancer.	2025	40747931	https://doi.org/10.1021/acs.jmedchem.4c03233	Wolf CL, Feci A, Tuccinardi JP, Coughlin GH, Holdaway KA, Muhammed T, Pruett C, Lighter D, McGrath C, Engmann T, Pou-Torres M, Rushing B, Woodbury L, Haile SE, Scott H, Tawara K, Dinca S, Xu D, King MD, Warner LR, Jorcyk CL, Warner DL.	J Med Chem		papers_only
WX637394	COC(=O)c1cc(Br)co1	12239443	RKEXKLRKXLRNMV-UHFFFAOYSA-N	methyl 4-bromofuran-2-carboxylate		3	paper	Europe PMC	"""methyl 4-bromofuran-2-carboxylate"""	exact_name	medium	Synthesis and evaluation of novel heteroaromatic substrates of GABA aminotransferase.	2012	22944334	https://doi.org/10.1016/j.bmc.2012.08.009	Hawker DD, Silverman RB.	Bioorg Med Chem		papers_only
WX637394	COC(=O)c1cc(Br)co1	12239443	RKEXKLRKXLRNMV-UHFFFAOYSA-N	methyl 4-bromofuran-2-carboxylate		3	paper	Europe PMC	"""methyl 4-bromofuran-2-carboxylate"""	exact_name	medium	Identification and Optimization of Novel Inhibitors of the Polyketide Synthase 13 Thioesterase Domain with Antitubercular Activity.	2023	37948640	https://doi.org/10.1021/acs.jmedchem.3c01514	Green SR, Wilson C, Eadsforth TC, Punekar AS, Tamaki FK, Wood G, Caldwell N, Forte B, Norcross NR, Kiczun M, Post JM, Lopez-Román EM, Engelhart CA, Lukac I, Zuccotto F, Epemolu O, Boshoff HIM, Schnappinger D, Walpole C, Gilbert IH, Read KD, Wyatt PG, Baragaña B.	J Med Chem		papers_only
WX637394	COC(=O)c1cc(Br)co1	12239443	RKEXKLRKXLRNMV-UHFFFAOYSA-N	methyl 4-bromofuran-2-carboxylate		3	paper	Europe PMC	"""methyl 4-bromofuran-2-carboxylate"""	exact_name	medium	SAR study of N'-(Salicylidene)heteroarenecarbohydrazides as promising antifungal agents.	2024	38306882	https://doi.org/10.1016/j.bmc.2024.117610	Sun Y, Kim S, Shin S, Takemura K, Matos GS, Lazzarini C, Haranahalli K, Zambito J, Garg A, Del Poeta M, Ojima I.	Bioorg Med Chem		papers_only
WX637405	Clc1ncnc2scc(Br)c12	45480299	IKCKRHCJPVDELP-UHFFFAOYSA-N	5-bromo-4-chlorothieno[2,3-d]pyrimidine		1	paper	Europe PMC	"""5-bromo-4-chlorothieno[2,3-d]pyrimidine"""	exact_name	medium	Inhibition of PIP4Kγ ameliorates the pathological effects of mutant huntingtin protein.	2017	29256861	https://doi.org/10.7554/elife.29123	Al-Ramahi I, Giridharan SSP, Chen YC, Patnaik S, Safren N, Hasegawa J, Hasegawa J, de Haro M, Wagner Gee AK, Titus SA, Jeong H, Clarke J, Krainc D, Zheng W, Irvine RF, Barmada S, Ferrer M, Southall N, Weisman LS, Botas J, Marugan JJ.	Elife		papers_only
WX637446	Brc1cc2cc[nH]c2cn1	53443442	HIYAJEAFUVCOFA-UHFFFAOYSA-N	5-bromo-1H-pyrrolo[2,3-c]pyridine		1	paper	Europe PMC	"""5-bromo-1H-pyrrolo[2,3-c]pyridine"""	exact_name	medium	Discovery of antivirally active inhibitors of adaptor protein-2 associated kinase 1 based on various bicyclic heteroaromatic scaffolds derived from a 7-azaindole analogue.	2025	40803164	https://doi.org/10.1016/j.ejmech.2025.118001	Anthonissen S, Van Eynde W, Karim M, Gao LJ, Nhu Tran DH, Schols D, Voet A, Einav S, Dehaen W, De Jonghe S.	Eur J Med Chem		papers_only
WX638023	Ic1ccc2[nH]ncc2c1	21894739	CGCHCLICSHIAAM-UHFFFAOYSA-N	5-iodo-1H-indazole		1	paper	Europe PMC	"""5-iodo-1H-indazole"""	exact_name	medium	An optimized procedure for direct access to 1<i>H</i>-indazole-3-carboxaldehyde derivatives by nitrosation of indoles.	2018	35542511	https://doi.org/10.1039/c8ra01546e	Chevalier A, Ouahrouch A, Arnaud A, Gallavardin T, Franck X.	RSC Adv		papers_only
WX638028	Cn1cc(I)cn1	2734773	RSDRDHPLXWMTRJ-UHFFFAOYSA-N	4-iodo-1-methylpyrazole		2	paper	Europe PMC	"""4-iodo-1-methylpyrazole"""	exact_name	medium	Scalable, Chemoselective Nickel Electrocatalytic Sulfinylation of Aryl Halides with SO<sub>2</sub>.	2022	35819400	https://doi.org/10.1002/anie.202208080	Lou TS, Kawamata Y, Ewing T, Correa-Otero GA, Collins MR, Baran PS.	Angew Chem Int Ed Engl		papers_only
WX638028	Cn1cc(I)cn1	2734773	RSDRDHPLXWMTRJ-UHFFFAOYSA-N	4-iodo-1-methylpyrazole		2	paper	Europe PMC	"""4-iodo-1-methylpyrazole"""	exact_name	medium	Catalytic System for Cross-Coupling of Heteroaryl Iodides with a Nitronyl Nitroxide Gold Derivative at Room Temperature.	2023	38005383	https://doi.org/10.3390/molecules28227661	Zayakin I, Romanenko G, Bagryanskaya I, Ugrak B, Fedin M, Tretyakov E.	Molecules		papers_only
WX638030	Ic1cc[nH]n1	1239830	RUKDVLFJSMVBLV-UHFFFAOYSA-N	5-iodo-1H-pyrazole		1	paper	Europe PMC	"""5-iodo-1H-pyrazole"""	exact_name	medium	5-Iodo-3-ethoxypyrazoles: an entry point to new chemical entities.	2010	20333718	https://doi.org/10.1002/chem.200903442	Guillou S, Janin YL.	Chemistry		papers_only
WX638035	Clc1nccc(I)c1Cl	44887038	WRPBPDPXVUBWCR-UHFFFAOYSA-N	2,3-dichloro-4-iodopyridine		4	paper	Europe PMC	"""2,3-dichloro-4-iodopyridine"""	exact_name	medium	Regiocontrolled microwave assisted bifunctionalization of 7,8-dihalogenated imidazo[1,2-a]pyridines: a one pot double-coupling approach.	2012	22955457	https://doi.org/10.3390/molecules170910683	Marie E, Bouclé S, Enguehard-Gueiffier C, Gueiffier A.	Molecules		papers_only
WX638035	Clc1nccc(I)c1Cl	44887038	WRPBPDPXVUBWCR-UHFFFAOYSA-N	2,3-dichloro-4-iodopyridine		4	paper	Europe PMC	"""2,3-dichloro-4-iodopyridine"""	exact_name	medium	Achieving &lt;i&gt;In Vivo&lt;/i&gt; Target Depletion through the Discovery and Optimization of Benzimidazolone BCL6 Degraders.	2020	32275432	https://doi.org/10.1021/acs.jmedchem.9b02076	Bellenie BR, Cheung KJ, Varela A, Pierrat OA, Collie GW, Box GM, Bright MD, Gowan S, Hayes A, Rodrigues MJ, Shetty KN, Carter M, Davis OA, Henley AT, Innocenti P, Johnson LD, Liu M, de Klerk S, Le Bihan YV, Lloyd MG, McAndrew PC, Shehu E, Talbot R, Woodward HL, Burke R, Kirkin V, van Montfort RLM, Raynaud FI, Rossanese OW, Hoelder S.	J Med Chem		papers_only
WX638035	Clc1nccc(I)c1Cl	44887038	WRPBPDPXVUBWCR-UHFFFAOYSA-N	2,3-dichloro-4-iodopyridine		4	paper	Europe PMC	"""2,3-dichloro-4-iodopyridine"""	exact_name	medium	Development of Inhibitors of SAICAR Synthetase (PurC) from &lt;i&gt;Mycobacterium abscessus&lt;/i&gt; Using a Fragment-Based Approach.	2022	35037462	https://doi.org/10.1021/acsinfecdis.1c00432	Charoensutthivarakul S, Thomas SE, Curran A, Brown KP, Belardinelli JM, Whitehouse AJ, Acebrón-García-de-Eulate M, Sangan J, Gramani SG, Jackson M, Mendes V, Floto RA, Blundell TL, Coyne AG, Abell C.	ACS Infect Dis		papers_only
WX638035	Clc1nccc(I)c1Cl	44887038	WRPBPDPXVUBWCR-UHFFFAOYSA-N	2,3-dichloro-4-iodopyridine		4	paper	Europe PMC	"""2,3-dichloro-4-iodopyridine"""	exact_name	medium	Discovery of an <i>In Vivo</i> Chemical Probe for BCL6 Inhibition by Optimization of Tricyclic Quinolinones.	2023	37026591	https://doi.org/10.1021/acs.jmedchem.3c00155	Harnden AC, Davis OA, Box GM, Hayes A, Johnson LD, Henley AT, de Haven Brandon AK, Valenti M, Cheung KJ, Brennan A, Huckvale R, Pierrat OA, Talbot R, Bright MD, Akpinar HA, Miller DSJ, Tarantino D, Gowan S, de Klerk S, McAndrew PC, Le Bihan YV, Meniconi M, Burke R, Kirkin V, van Montfort RLM, Raynaud FI, Rossanese OW, Bellenie BR, Hoelder S.	J Med Chem		papers_only
WX638043	Fc1cc(I)ccn1	7023570	ADPRIAVYIGHFSO-UHFFFAOYSA-N	2-fluoro-4-iodopyridine		5	paper	Europe PMC	"""2-fluoro-4-iodopyridine"""	exact_name	medium	Small molecule cardiogenol C upregulates cardiac markers and induces cardiac functional properties in lineage-committed progenitor cells.	2014	24481283	https://doi.org/10.1159/000356663	Mike AK, Koenig X, Koley M, Heher P, Wahl G, Rubi L, Schnürch M, Mihovilovic MD, Weitzer G, Hilber K.	Cell Physiol Biochem		papers_only
WX638043	Fc1cc(I)ccn1	7023570	ADPRIAVYIGHFSO-UHFFFAOYSA-N	2-fluoro-4-iodopyridine		5	paper	Europe PMC	"""2-fluoro-4-iodopyridine"""	exact_name	medium	Pd-Catalyzed γ-C(sp<sup>3</sup>)-H Arylation of Free Amines Using a Transient Directing Group.	2016	27786439	https://doi.org/10.1021/jacs.6b09653	Wu Y, Chen YQ, Liu T, Eastgate MD, Yu JQ.	J Am Chem Soc		papers_only
WX638043	Fc1cc(I)ccn1	7023570	ADPRIAVYIGHFSO-UHFFFAOYSA-N	2-fluoro-4-iodopyridine		5	paper	Europe PMC	"""2-fluoro-4-iodopyridine"""	exact_name	medium	Light-Mediated Cross-Coupling of Anomeric Trifluoroborates.	2021	34029464	https://doi.org/10.1021/acs.orglett.1c01035	Miller EM, Walczak MA.	Org Lett		papers_only
WX638043	Fc1cc(I)ccn1	7023570	ADPRIAVYIGHFSO-UHFFFAOYSA-N	2-fluoro-4-iodopyridine		5	paper	Europe PMC	"""2-fluoro-4-iodopyridine"""	exact_name	medium	Novel Reversible-Binding PET Ligands for Imaging Monoacylglycerol Lipase Based on the Piperazinyl Azetidine Scaffold.	2021	34569803	https://doi.org/10.1021/acs.jmedchem.1c00747	Rong J, Mori W, Xia X, Schafroth MA, Zhao C, Van RS, Yamasaki T, Chen J, Xiao Z, Haider A, Ogasawara D, Hiraishi A, Shao T, Zhang Y, Chen Z, Pang F, Hu K, Hu K, Xie L, Fujinaga M, Kumata K, Gou Y, Fang Y, Gu S, Wei H, Bao L, Xu H, Collier TL, Shao Y, Carson RE, Cravatt BF, Wang L, Zhang MR, Liang SH.	J Med Chem		papers_only
WX638043	Fc1cc(I)ccn1	7023570	ADPRIAVYIGHFSO-UHFFFAOYSA-N	2-fluoro-4-iodopyridine		5	paper	Europe PMC	"""2-fluoro-4-iodopyridine"""	exact_name	medium	Biogenic Synthesis of Copper Nanoparticles: A Systematic Review of Their Features and Main Applications.	2023	37375393	https://doi.org/10.3390/molecules28124838	Luque-Jacobo CM, Cespedes-Loayza AL, Echegaray-Ugarte TS, Cruz-Loayza JL, Cruz I, de Carvalho JC, Goyzueta-Mamani LD.	Molecules		papers_only
WX638050	Cc1ccc2cc(I)ccc2n1	12585500	UZQAGMMXXQXWOK-UHFFFAOYSA-N	6-iodo-2-methylquinoline		2	paper	Europe PMC	"""6-iodo-2-methylquinoline"""	exact_name	medium	Evaluation of the antidepressant therapeutic potential of isocyanine and pseudoisocyanine analogues of the organic cation decynium-22.	2017	28624702	https://doi.org/10.1016/j.ejmech.2017.06.011	Krause-Heuer AM, Fraser-Spears R, Dobrowolski JC, Ashford ME, Wyatt NA, Roberts MP, Gould GG, Cheah WC, Ng CKL, Bhadbhade M, Zhang B, Greguric I, Wheate NJ, Kumar N, Koek W, Callaghan PD, Daws LC, Fraser BH.	Eur J Med Chem		papers_only
WX638050	Cc1ccc2cc(I)ccc2n1	12585500	UZQAGMMXXQXWOK-UHFFFAOYSA-N	6-iodo-2-methylquinoline		2	paper	Europe PMC	"""6-iodo-2-methylquinoline"""	exact_name	medium	New Library of Iodo-Quinoline Derivatives Obtained by an Alternative Synthetic Pathway and Their Antimicrobial Activity.	2024	38398524	https://doi.org/10.3390/molecules29040772	Al-Matarneh CM, Nicolescu A, Marinaş IC, Găboreanu MD, Shova S, Dascălu A, Silion M, Pinteală M.	Molecules		papers_only
WX638065	Cn1ccc(I)n1	13334057	SITJXRWLFQGWCB-UHFFFAOYSA-N	3-iodo-1-methylpyrazole		1	paper	Europe PMC	"""3-iodo-1-methylpyrazole"""	exact_name	medium	Catalytic System for Cross-Coupling of Heteroaryl Iodides with a Nitronyl Nitroxide Gold Derivative at Room Temperature.	2023	38005383	https://doi.org/10.3390/molecules28227661	Zayakin I, Romanenko G, Bagryanskaya I, Ugrak B, Fedin M, Tretyakov E.	Molecules		papers_only
WX638068	COC(=O)c1cc(I)c[nH]1	11673249	KRNGDJYQOKCQCD-UHFFFAOYSA-N	methyl 4-iodo-1H-pyrrole-2-carboxylate		1	paper	Europe PMC	"""methyl 4-iodo-1H-pyrrole-2-carboxylate"""	exact_name	medium	Regioselective Iodination of Arenes Using Iron- or Silver-Catalyzed Activation of &lt;i&gt;N&lt;/i&gt;-Iodosaccharin.	2026	41588997	https://doi.org/10.1021/acs.joc.5c03183	Majhi PK, Fleming CM, Sutherland A.	J Org Chem		papers_only
WX639013	Fc1cc(F)c2ncccc2c1	282970	TWMLBTXFCAIQRJ-UHFFFAOYSA-N	6,8-difluoroquinoline		3	paper	Europe PMC	"""6,8-difluoroquinoline"""	exact_name	medium	Glycerol and Q-Tubes: Green Catalyst and Technique for Synthesis of Polyfunctionally Substituted Heteroaromatics and Anilines.	2019	31083287	https://doi.org/10.3390/molecules24091806	AlMarzouq DS, Elnagdi NMH.	Molecules		papers_only
WX639013	Fc1cc(F)c2ncccc2c1	282970	TWMLBTXFCAIQRJ-UHFFFAOYSA-N	6,8-difluoroquinoline		3	paper	Europe PMC	"""6,8-difluoroquinoline"""	exact_name	medium	7-(2-Aminomethyl-1-azetidinyl)-4-oxoquinoline-3-carboxylic acids as potent antibacterial agents: design, synthesis, and antibacterial activity.	1998	9621413	https://doi.org/10.1248/cpb.46.787	Fujita M, Chiba K, Tominaga Y, Hino K.	Chem Pharm Bull (Tokyo)		papers_only
WX639013	Fc1cc(F)c2ncccc2c1	282970	TWMLBTXFCAIQRJ-UHFFFAOYSA-N	6,8-difluoroquinoline		3	paper	Europe PMC	"""6,8-difluoroquinoline"""	exact_name	medium	Novel quinolonecarboxylic acid derivatives	1989	EP0342675	https://europepmc.org/article/PAT/EP0342675	Nagano Hiroyuki, Yokota Takeshi, Katoh Yasuyuki.	PAT		papers_only
WX640061	Cc1oc(-c2ccccc2)nc1CCO	725585	JYWHQBLLIBQGCU-UHFFFAOYSA-N	2-(5-methyl-2-phenyl-1,3-oxazol-4-yl)ethanol		1	paper	Europe PMC	"""2-(5-methyl-2-phenyl-1,3-oxazol-4-yl)ethanol"""	exact_name	medium	ADDP and PS-PPh3: an efficient Mitsunobu protocol for the preparation of pyridine ether PPAR agonists.	2006	17076898	https://doi.org/10.1186/1860-5397-2-21	Humphries PS, Do QQ, Wilhite DM.	Beilstein J Org Chem		papers_only
WX640240	CC(C)(C)OC(=O)NCC(O)CO	4206999	OWAMQHJPVUGZSB-UHFFFAOYSA-N	tert-butyl N-(2,3-dihydroxypropyl)carbamate		2	paper	Europe PMC	"""tert-butyl N-(2,3-dihydroxypropyl)carbamate"""	exact_name	medium	Novel Pt(IV) prodrug self-assembled nanoparticles with enhanced blood circulation stability and improved antitumor capacity of oxaliplatin for cancer therapy.	2023	36744299	https://doi.org/10.1080/10717544.2023.2171158	Fu Y, Kong Y, Li X, Cheng D, Hou Y, Li Y, Li T, Xiao Y, Zhang Q, Rong R.	Drug Deliv		papers_only
WX640240	CC(C)(C)OC(=O)NCC(O)CO	4206999	OWAMQHJPVUGZSB-UHFFFAOYSA-N	tert-butyl N-(2,3-dihydroxypropyl)carbamate		2	paper	Europe PMC	"""tert-butyl N-(2,3-dihydroxypropyl)carbamate"""	exact_name	medium	Poly(carboxybetaine) lipids enhance mRNA therapeutics efficacy and reduce their immunogenicity.	2025	40442447	https://doi.org/10.1038/s41563-025-02240-8	Luozhong S, Liu P, Li R, Yuan Z, Debley E, Chen Y, Hu Y, Cao Z, Cui M, McIlhenny K, McCurdy C, Bhashyam D, Wilkens S, Zhang P, Kwan A, Grossman M, Lai R, Ma Y, Lipkin S, Jiang S.	Nat Mater		papers_only
WX640326	CC(C)(C)OC(=O)N1CCC(CCCO)CC1	2800739	OXPWHPCCUXESFQ-UHFFFAOYSA-N	tert-butyl 4-(3-hydroxypropyl)piperidine-1-carboxylate		3	paper	Europe PMC	"""tert-butyl 4-(3-hydroxypropyl)piperidine-1-carboxylate"""	exact_name	medium	Dopamine D<sub>3</sub>/D<sub>2</sub> Receptor Ligands Based on Cariprazine for the Treatment of Psychostimulant Use Disorders That May Be Dual Diagnosed with Affective Disorders.	2023	36661568	https://doi.org/10.1021/acs.jmedchem.2c01624	Gogarnoiu ES, Vogt CD, Sanchez J, Bonifazi A, Saab E, Shaik AB, Soler-Cedeño O, Bi GH, Klein B, Xi ZX, Lane JR, Newman AH.	J Med Chem		papers_only
WX640326	CC(C)(C)OC(=O)N1CCC(CCCO)CC1	2800739	OXPWHPCCUXESFQ-UHFFFAOYSA-N	tert-butyl 4-(3-hydroxypropyl)piperidine-1-carboxylate		3	paper	Europe PMC	"""tert-butyl 4-(3-hydroxypropyl)piperidine-1-carboxylate"""	exact_name	medium	Anticancer Activities of Novel Nicotinamide Phosphoribosyltransferase Inhibitors in Hematological Malignancies.	2023	36838885	https://doi.org/10.3390/molecules28041897	Biniecka P, Matsumoto S, Belotti A, Joussot J, Bai JF, Majjigapu SR, Thoueille P, Spaggiari D, Desfontaine V, Piacente F, Bruzzone S, Cea M, Decosterd LA, Vogel P, Nencioni A, Duchosal MA, Nahimana A.	Molecules		papers_only
WX640326	CC(C)(C)OC(=O)N1CCC(CCCO)CC1	2800739	OXPWHPCCUXESFQ-UHFFFAOYSA-N	tert-butyl 4-(3-hydroxypropyl)piperidine-1-carboxylate		3	paper	Europe PMC	"""tert-butyl 4-(3-hydroxypropyl)piperidine-1-carboxylate"""	exact_name	medium	Impact of Linker Composition on VHL PROTAC Cell Permeability.	2025	39693386	https://doi.org/10.1021/acs.jmedchem.4c02492	Abeje YE, Wieske LHE, Poongavanam V, Maassen S, Atilaw Y, Cromm P, Lehmann L, Erdelyi M, Meibom D, Kihlberg J.	J Med Chem		papers_only
WX642131	O=[N+]([O-])c1ccc2c(c1)CC(O)C2	3685927	VAPGHIYRAUSHOH-UHFFFAOYSA-N	5-nitro-2,3-dihydro-1H-inden-2-ol		1	paper	Europe PMC	"""5-nitro-2,3-dihydro-1H-inden-2-ol"""	exact_name	medium	Design, Synthesis and Evaluation of Indene Derivatives as Retinoic Acid Receptor α Agonists.	2016	28035983	https://doi.org/10.3390/molecules22010032	Guan X, Luo P, He Q, Hu Y, Ying H.	Molecules		papers_only
WX645036	CC(C)(C)OC(=O)N1CCc2cc(O)ccc2C1	10060623	IVHHZZKGSYGTKZ-UHFFFAOYSA-N	tert-butyl 6-hydroxy-3,4-dihydro-1H-isoquinoline-2-carboxylate		1	paper	Europe PMC	"""tert-butyl 6-hydroxy-3,4-dihydro-1H-isoquinoline-2-carboxylate"""	exact_name	medium	MTA-Cooperative PRMT5 Inhibitors: Mechanism Switching Through Structure-Based Design.	2025	39919252	https://doi.org/10.1021/acs.jmedchem.4c01998	Cottrell KM, Whittington DA, Briggs KJ, Jahic H, Ali JA, Amor AJ, Gotur D, Tonini MR, Zhang W, Huang A, Maxwell JP.	J Med Chem		papers_only
WX645071	Oc1ccccc1Oc1ccccc1	75491	KDTZBYPBMTXCSO-UHFFFAOYSA-N	2-phenoxyphenol		5	paper	Europe PMC	"""2-phenoxyphenol"""	exact_name	medium	Facile and scalable synthesis of baphicacanthin A by a two-pot procedure.	2023	34852687	https://doi.org/10.1080/14786419.2021.2011275	Cuan Y, Li W, Dou Y, Yang G.	Nat Prod Res		papers_only
WX645071	Oc1ccccc1Oc1ccccc1	75491	KDTZBYPBMTXCSO-UHFFFAOYSA-N	2-phenoxyphenol		5	paper	Europe PMC	"""2-phenoxyphenol"""	exact_name	medium	Selected dechlorination of triclosan by high-performance g-C<sub>3</sub>N<sub>4</sub>/Bi<sub>2</sub>MoO<sub>6</sub> composites: Mechanisms and pathways.	2023	36414036	https://doi.org/10.1016/j.chemosphere.2022.137247	Yu B, Yan W, Meng Y, Zhang Y, Li X, Li Y, Zhong Y, Ding J, Zhang H.	Chemosphere		papers_only
WX645071	Oc1ccccc1Oc1ccccc1	75491	KDTZBYPBMTXCSO-UHFFFAOYSA-N	2-phenoxyphenol		5	paper	Europe PMC	"""2-phenoxyphenol"""	exact_name	medium	Exploring the plasticity of the InhA substrate-binding site using new diaryl ether inhibitors.	2024	38128204	https://doi.org/10.1016/j.bioorg.2023.107032	Tamhaev R, Grosjean E, Ahamed H, Chebaiki M, Rodriguez F, Recchia D, Degiacomi G, Pasca MR, Maveyraud L, Mourey L, Lherbet C.	Bioorg Chem		papers_only
WX645071	Oc1ccccc1Oc1ccccc1	75491	KDTZBYPBMTXCSO-UHFFFAOYSA-N	2-phenoxyphenol		5	paper	Europe PMC	"""2-phenoxyphenol"""	exact_name	medium	Sequential Reductive Dechlorination of Triclosan by Sediment Microbiota Harboring Organohalide-Respiring <i>Dehalococcoidia</i>.	2024	39106339	https://doi.org/10.1021/acs.est.4c04594	Li X, Wang J, Yang Y, Jin H, Wang H, Zhang Z, Li X, Cui Y, Wang X, Yan J.	Environ Sci Technol		papers_only
WX645071	Oc1ccccc1Oc1ccccc1	75491	KDTZBYPBMTXCSO-UHFFFAOYSA-N	2-phenoxyphenol		5	paper	Europe PMC	"""2-phenoxyphenol"""	exact_name	medium	Pyrene-based conjugated porous polymers as photocatalysts for oxidative cycloaddition of phenols.	2026	41531771	https://doi.org/10.1039/d5sc08900j	Liu S, Liu X, Gu X, Dong S, Huang N, Shi L, Jiang J.	Chem Sci		papers_only
WX645092	COc1cc2c(cc1O)C(=O)CC2	233148	FEUMSMHGLKFCLZ-UHFFFAOYSA-N	6-hydroxy-5-methoxy-2,3-dihydroinden-1-one		1	paper	Europe PMC	"""6-hydroxy-5-methoxy-2,3-dihydroinden-1-one"""	exact_name	medium	Multifunctional Donepezil Analogues as Cholinesterase and BACE1 Inhibitors.	2018	30544832	https://doi.org/10.3390/molecules23123252	Green KD, Fosso MY, Garneau-Tsodikova S.	Molecules		papers_only
WX649041	COC(=O)c1ccncc1O	12414071	OJRUFSZEJPZKQV-UHFFFAOYSA-N	methyl 3-hydroxypyridine-4-carboxylate		1	paper	Europe PMC	"""methyl 3-hydroxypyridine-4-carboxylate"""	exact_name	medium	Structure of the PLP degradative enzyme 2-methyl-3-hydroxypyridine-5-carboxylic acid oxygenase from Mesorhizobium loti MAFF303099 and its mechanistic implications.	2009	19317437	https://doi.org/10.1021/bi900149f	McCulloch KM, Mukherjee T, Begley TP, Ealick SE.	Biochemistry		papers_only
WX649052	Oc1ccc2ccncc2c1	459767	WCRKBMABEPCYII-UHFFFAOYSA-N	isoquinolin-7-ol		5	paper	Europe PMC	"""isoquinolin-7-ol"""	exact_name	medium	Dihydrocodeine	2006	29999751	https://pubmed.ncbi.nlm.nih.gov/29999751/		MED		papers_only
WX649052	Oc1ccc2ccncc2c1	459767	WCRKBMABEPCYII-UHFFFAOYSA-N	isoquinolin-7-ol		5	paper	Europe PMC	"""isoquinolin-7-ol"""	exact_name	medium	Codeine	2006	30000271	https://pubmed.ncbi.nlm.nih.gov/30000271/		MED		papers_only
WX649052	Oc1ccc2ccncc2c1	459767	WCRKBMABEPCYII-UHFFFAOYSA-N	isoquinolin-7-ol		5	paper	Europe PMC	"""isoquinolin-7-ol"""	exact_name	medium	The Oxford Catalogue of Opioids: A systematic synthesis of opioid drug names and their pharmacology.	2021	33608948	https://doi.org/10.1111/bcp.14786	Richards GC, Sitkowski K, Heneghan C, Aronson JK.	Br J Clin Pharmacol		papers_only
WX649052	Oc1ccc2ccncc2c1	459767	WCRKBMABEPCYII-UHFFFAOYSA-N	isoquinolin-7-ol		5	paper	Europe PMC	"""isoquinolin-7-ol"""	exact_name	medium	Determination of pholcodine alone or in combination with ephedrine in human plasma using fluorescence spectroscopy.	2022	35672340	https://doi.org/10.1038/s41598-022-13194-1	Elmansi H, Belal F, Magdy G.	Sci Rep		papers_only
WX649052	Oc1ccc2ccncc2c1	459767	WCRKBMABEPCYII-UHFFFAOYSA-N	isoquinolin-7-ol		5	paper	Europe PMC	"""isoquinolin-7-ol"""	exact_name	medium	Design, synthesis, in-vivo, and in-silico studies of 1,2,3-triazole tethered derivatives of morphine as novel anti-nociceptive agents.	2025	40522900	https://doi.org/10.1371/journal.pone.0323189	Nourmandipour F, Emadi R, Salehi P, Zarin MKZ, Khoramjouy M, Beirami AD, Faizi M.	PLoS One		papers_only
WX649065	Cc1ccc2nc(O)ccc2c1	12237458	LOUXUHOSYWFSHV-UHFFFAOYSA-N	6-methyl-1H-quinolin-2-one		5	paper	Europe PMC	"""6-methyl-1H-quinolin-2-one"""	exact_name	medium	Virtual screening based identification of novel small-molecule inhibitors targeted to the HIV-1 capsid.	2011	21168336	https://doi.org/10.1016/j.bmc.2010.11.045	Curreli F, Zhang H, Zhang X, Pyatkin I, Victor Z, Altieri A, Debnath AK.	Bioorg Med Chem		papers_only
WX649065	Cc1ccc2nc(O)ccc2c1	12237458	LOUXUHOSYWFSHV-UHFFFAOYSA-N	6-methyl-1H-quinolin-2-one		5	paper	Europe PMC	"""6-methyl-1H-quinolin-2-one"""	exact_name	medium	Phase 2 study of cladribine followed by rituximab in patients with hairy cell leukemia.	2011	21821712	https://doi.org/10.1182/blood-2011-04-351502	Ravandi F, O'Brien S, Jorgensen J, Pierce S, Faderl S, Ferrajoli A, Koller C, Challagundla P, York S, Brandt M, Luthra R, Burger J, Thomas D, Keating M, Kantarjian H.	Blood		papers_only
WX649065	Cc1ccc2nc(O)ccc2c1	12237458	LOUXUHOSYWFSHV-UHFFFAOYSA-N	6-methyl-1H-quinolin-2-one		5	paper	Europe PMC	"""6-methyl-1H-quinolin-2-one"""	exact_name	medium	Bioaccumulation of ultraviolet sunscreen compounds (mycosporine-like amino acids) by the heterotrophic freshwater ciliate &lt;i&gt;Bursaridium&lt;/i&gt; living in alpine lakes.	2017	28690781	https://doi.org/10.1080/20442041.2017.1294348	Sonntag B, Kammerlander B, Summerer M.	Inland Waters		papers_only
WX649065	Cc1ccc2nc(O)ccc2c1	12237458	LOUXUHOSYWFSHV-UHFFFAOYSA-N	6-methyl-1H-quinolin-2-one		5	paper	Europe PMC	"""6-methyl-1H-quinolin-2-one"""	exact_name	medium	An exceptionally stable and widespread hydrated amorphous calcium carbonate precipitated by the dog vomit slime mold Fuligo septica (Myxogastria).	2022	35256681	https://doi.org/10.1038/s41598-022-07648-9	Garvie LAJ, Németh P, Trif L.	Sci Rep		papers_only
WX649065	Cc1ccc2nc(O)ccc2c1	12237458	LOUXUHOSYWFSHV-UHFFFAOYSA-N	6-methyl-1H-quinolin-2-one		5	paper	Europe PMC	"""6-methyl-1H-quinolin-2-one"""	exact_name	medium	Hosimosines A-E, structurally diverse cytisine derivatives from the seeds of Ormosia hosiei Hemsl. et Wils.	2023	37648030	https://doi.org/10.1016/j.fitote.2023.105661	Zhou QQ, Xie XY, Zhu JW, Pan WW, Xie BG, Zhou W, Xu JB.	Fitoterapia		papers_only
WX649067	Oc1ncnc2ccc(Cl)cc12	135402273	GOBVWEUSCRFCPB-UHFFFAOYSA-N	6-chloro-3H-quinazolin-4-one		1	paper	Europe PMC	"""6-chloro-3H-quinazolin-4-one"""	exact_name	medium	Rhodium-Catalyzed Merging of 2-Arylquinazolinone and 2,2-Difluorovinyl Tosylate: Diverse Synthesis of Monofluoroolefin Quinazolinone Derivatives.	2020	32596601	https://doi.org/10.1021/acsomega.0c01344	Wang N, Yang Q, Deng Z, Mao X, Peng Y.	ACS Omega		papers_only
WX665161	CON(C)C(=O)C1CCCN1C(=O)OC(C)(C)C	3517120	KPVRHJIGNMLCHG-UHFFFAOYSA-N	tert-butyl 2-[methoxy(methyl)carbamoyl]pyrrolidine-1-carboxylate		5	paper	Europe PMC	"""tert-butyl 2-[methoxy(methyl)carbamoyl]pyrrolidine-1-carboxylate"""	exact_name	medium	Unveiling the Significance of tert-Butoxides in Transition Metal-Free Cross-Coupling Reactions.	2024	39394383	https://doi.org/10.1007/s41061-024-00478-5	Kumar V, Majee S, Anjali K, Saha B, Ray D.	Top Curr Chem (Cham)		papers_only
WX665161	CON(C)C(=O)C1CCCN1C(=O)OC(C)(C)C	3517120	KPVRHJIGNMLCHG-UHFFFAOYSA-N	tert-butyl 2-[methoxy(methyl)carbamoyl]pyrrolidine-1-carboxylate		5	paper	Europe PMC	"""tert-butyl 2-[methoxy(methyl)carbamoyl]pyrrolidine-1-carboxylate"""	exact_name	medium	EPR Spectra Hyperfine Structure of Fluorine-Containing Nitroxide Radicals in Liquid Solutions: Prediction by DFT.	2025	39900458	https://doi.org/10.1002/mrc.5513	Matveev MV, Lunkov SS, Chumakova NA.	Magn Reson Chem		papers_only
WX665161	CON(C)C(=O)C1CCCN1C(=O)OC(C)(C)C	3517120	KPVRHJIGNMLCHG-UHFFFAOYSA-N	tert-butyl 2-[methoxy(methyl)carbamoyl]pyrrolidine-1-carboxylate		5	paper	Europe PMC	"""tert-butyl 2-[methoxy(methyl)carbamoyl]pyrrolidine-1-carboxylate"""	exact_name	medium	Rich spectroscopic, molecular docking, and molecular dynamics studies of DNA interaction with a new oxaliplatin analog containing tert-pentyl glycine.	2025	40769343	https://doi.org/10.1016/j.ijbiomac.2025.146573	Eslami Moghadam M, Alizadeh A, Hadian Rasanani S, Rezaeisadat M, Soleimani E.	Int J Biol Macromol		papers_only
WX665161	CON(C)C(=O)C1CCCN1C(=O)OC(C)(C)C	3517120	KPVRHJIGNMLCHG-UHFFFAOYSA-N	tert-butyl 2-[methoxy(methyl)carbamoyl]pyrrolidine-1-carboxylate		5	paper	Europe PMC	"""tert-butyl 2-[methoxy(methyl)carbamoyl]pyrrolidine-1-carboxylate"""	exact_name	medium	London Dispersion-Induced Contraction of the Cu─O Bond in Copper(I) Phenolates.	2025	41013975	https://doi.org/10.1002/anie.202513210	Huan Z, Han ZC, Dong L, Hu HS, Yang JD, Li J, Cheng JP.	Angew Chem Int Ed Engl		papers_only
WX665161	CON(C)C(=O)C1CCCN1C(=O)OC(C)(C)C	3517120	KPVRHJIGNMLCHG-UHFFFAOYSA-N	tert-butyl 2-[methoxy(methyl)carbamoyl]pyrrolidine-1-carboxylate		5	paper	Europe PMC	"""tert-butyl 2-[methoxy(methyl)carbamoyl]pyrrolidine-1-carboxylate"""	exact_name	medium	Rich spectroscopic, molecular docking, and molecular dynamics studies of DNA interaction with a new oxaliplatin analog containing tert-pentyl glycine	2025	IND609280625	https://europepmc.org/article/AGR/IND609280625	Eslami Moghadam M, Alizadeh A, Hadian Rasanani S, Rezaeisadat M, Soleimani E.	International Journal of Biological Macromolecules.		papers_only
WX683085	N#CCc1nc2ccccc2s1	342465	ZMZSYUSDGRJZNT-UHFFFAOYSA-N	2-(1,3-benzothiazol-2-yl)acetonitrile		1	paper	Europe PMC	"""2-(1,3-benzothiazol-2-yl)acetonitrile"""	exact_name	medium	Detection of HSO<sub>3</sub><sup>-</sup>: A Rapid Colorimetric and Fluorimetric Selective Sensor for Detecting Biological SO<sub>2</sub> in Food and Living Cells.	2017	30023588	https://doi.org/10.1021/acsomega.7b01218	Paul S, Ghoshal K, Bhattacharyya M, Maiti DK.	ACS Omega		papers_only
WX683502	N#Cc1c[nH]cn1	564457	NWVGXXPWOYZODV-UHFFFAOYSA-N	1H-imidazole-5-carbonitrile		5	paper	Europe PMC	"""1H-imidazole-5-carbonitrile"""	exact_name	medium	Isomorphism and solid solution as shown by an accurate high-resolution diffraction experiment.	2014	25449620	https://doi.org/10.1107/s2052520614021325	Poulain A, Kubicki M, Lecomte C.	Acta Crystallogr B Struct Sci Cryst Eng Mater		papers_only
WX683502	N#Cc1c[nH]cn1	564457	NWVGXXPWOYZODV-UHFFFAOYSA-N	1H-imidazole-5-carbonitrile		5	paper	Europe PMC	"""1H-imidazole-5-carbonitrile"""	exact_name	medium	Prebiotic Chemistry of HCN Tetramerization by Automated Reaction Search.	2018	29369429	https://doi.org/10.1002/chem.201705492	Nandi S, Bhattacharyya D, Anoop A.	Chemistry		papers_only
WX683502	N#Cc1c[nH]cn1	564457	NWVGXXPWOYZODV-UHFFFAOYSA-N	1H-imidazole-5-carbonitrile		5	paper	Europe PMC	"""1H-imidazole-5-carbonitrile"""	exact_name	medium	How Does Adenine Form from Hydrogen Cyanide?	2026	41563031	https://doi.org/10.1021/jacs.5c09522	Cappelletti M, Rahm M.	J Am Chem Soc		papers_only
WX683502	N#Cc1c[nH]cn1	564457	NWVGXXPWOYZODV-UHFFFAOYSA-N	1H-imidazole-5-carbonitrile		5	paper	Europe PMC	"""1H-imidazole-5-carbonitrile"""	exact_name	medium	Molecular Dissipative Structuring: The Fundamental Creative Force in Biology.	2026	41751748	https://doi.org/10.3390/e28020246	Michaelian K.	Entropy (Basel)		papers_only
WX683502	N#Cc1c[nH]cn1	564457	NWVGXXPWOYZODV-UHFFFAOYSA-N	1H-imidazole-5-carbonitrile		5	paper	Europe PMC	"""1H-imidazole-5-carbonitrile"""	exact_name	medium	Fragmentation Pathways of Diaminomaleonitrile: Automated Discovery and High-Level Energetics Under Laser-Driven Conditions.	2026	41865241	https://doi.org/10.1002/cphc.202500844	Reis MC, Ramos AF.	Chemphyschem		papers_only
WX685414	CCOC(=O)C=C1CCN(C(=O)OC(C)(C)C)CC1	10333298	NJORMFNJZLXLCN-UHFFFAOYSA-N	tert-butyl 4-(2-ethoxy-2-oxoethylidene)piperidine-1-carboxylate		1	paper	Europe PMC	"""tert-butyl 4-(2-ethoxy-2-oxoethylidene)piperidine-1-carboxylate"""	exact_name	medium	Cycloaddition Strategies for the Synthesis of Diverse Heterocyclic Spirocycles for Fragment-Based Drug Discovery.	2019	31598091	https://doi.org/10.1002/ejoc.201900847	King TA, Stewart HL, Mortensen KT, North AJP, Sore HF, Spring DR.	European J Org Chem		papers_only
WX687904	CSc1ncc2ccc(=O)[nH]c2n1	1234763	WPUAPGRZGJOIBX-UHFFFAOYSA-N	2-methylsulfanyl-8H-pyrido[2,3-d]pyrimidin-7-one		2	paper	Europe PMC	"""2-methylsulfanyl-8H-pyrido[2,3-d]pyrimidin-7-one"""	exact_name	medium	Discovery of 8-cyclopentyl-2-[4-(4-methyl-piperazin-1-yl)-phenylamino]-7-oxo-7,8-dihydro-pyrido[2,3-d]pyrimidine-6-carbonitrile (7x) as a potent inhibitor of cyclin-dependent kinase 4 (CDK4) and AMPK-related kinase 5 (ARK5).	2014	24417566	https://doi.org/10.1021/jm401073p	Reddy MV, Akula B, Cosenza SC, Athuluridivakar S, Mallireddigari MR, Pallela VR, Billa VK, Subbaiah DR, Bharathi EV, Vasquez-Del Carpio R, Padgaonkar A, Baker SJ, Reddy EP.	J Med Chem		papers_only
WX687904	CSc1ncc2ccc(=O)[nH]c2n1	1234763	WPUAPGRZGJOIBX-UHFFFAOYSA-N	2-methylsulfanyl-8H-pyrido[2,3-d]pyrimidin-7-one		2	paper	Europe PMC	"""2-methylsulfanyl-8H-pyrido[2,3-d]pyrimidin-7-one"""	exact_name	medium	Optimization and Mechanistic Characterization of Pyridopyrimidine Inhibitors of Bacterial Biotin Carboxylase.	2019	31306011	https://doi.org/10.1021/acs.jmedchem.9b00625	Andrews LD, Kane TR, Dozzo P, Haglund CM, Hilderbrandt DJ, Linsell MS, Machajewski T, McEnroe G, Serio AW, Wlasichuk KB, Neau DB, Pakhomova S, Waldrop GL, Sharp M, Pogliano J, Cirz RT, Cohen F.	J Med Chem		papers_only
WX690082	c1ccc(Cn2ccnc2)cc1	77918	KKKDZZRICRFGSD-UHFFFAOYSA-N	1-benzylimidazole		5	paper	Europe PMC	"""1-benzylimidazole"""	exact_name	medium	Synthesis of 1,4-Dialkoxynaphthalene-Based Imidazolium Salts and Their Cytotoxicity in Cancer Cell Lines.	2023	36769036	https://doi.org/10.3390/ijms24032713	Lee H, Jeon Y, Moon H, Lee EH, Lee TH, Kim H.	Int J Mol Sci		papers_only
WX690082	c1ccc(Cn2ccnc2)cc1	77918	KKKDZZRICRFGSD-UHFFFAOYSA-N	1-benzylimidazole		5	paper	Europe PMC	"""1-benzylimidazole"""	exact_name	medium	1-Benzylimidazole attenuates the stemness of breast cancer cells through partially targeting CYP4Z1.	2024	37994574	https://doi.org/10.1002/tox.24050	Qin H, Zhou Y, Liu H, Yuan Y, Guo Q, Yuan M, Xi T, Zhang Y.	Environ Toxicol		papers_only
WX690082	c1ccc(Cn2ccnc2)cc1	77918	KKKDZZRICRFGSD-UHFFFAOYSA-N	1-benzylimidazole		5	paper	Europe PMC	"""1-benzylimidazole"""	exact_name	medium	Identification of New Substrates and Inhibitors of Human CYP2A7.	2024	38792050	https://doi.org/10.3390/molecules29102191	Ashraf RA, Liu S, Wolf CA, Wolber G, Bureik M.	Molecules		papers_only
WX690082	c1ccc(Cn2ccnc2)cc1	77918	KKKDZZRICRFGSD-UHFFFAOYSA-N	1-benzylimidazole		5	paper	Europe PMC	"""1-benzylimidazole"""	exact_name	medium	Antimicrobial and anticancer properties of carbon monoxide releasing molecules of the <i>fac</i>-[Re(CO)<sub>3</sub>(N-N)L]<sup>+</sup> family.	2024	38874948	https://doi.org/10.1039/d4dt00978a	Romão CC, Mendes SS, Rebelo C, Carvalho SM, Saraiva LM.	Dalton Trans		papers_only
WX690082	c1ccc(Cn2ccnc2)cc1	77918	KKKDZZRICRFGSD-UHFFFAOYSA-N	1-benzylimidazole		5	paper	Europe PMC	"""1-benzylimidazole"""	exact_name	medium	Integrating explainable artificial intelligence with multiomics systems biology and electronic health record data mining for personalized drug repurposing in Alzheimer's disease.	2025	41313603	https://doi.org/10.1093/bib/bbaf623	Mottaqi M, Zhang P, Xie L.	Brief Bioinform		papers_only
WX690249	c1ccc(-c2nnc(-c3ccccn3)nn2)nc1	315109	JFBIRMIEJBPDTQ-UHFFFAOYSA-N	3,6-dipyridin-2-yl-1,2,4,5-tetrazine		5	paper	Europe PMC	"""3,6-dipyridin-2-yl-1,2,4,5-tetrazine"""	exact_name	medium	Kinetic studies of inverse electron demand Diels-Alder reactions (iEDDA) of norbornenes and 3,6-dipyridin-2-yl-1,2,4,5-tetrazine.	2014	25152544	https://doi.org/10.1016/j.tetlet.2014.07.002	Knall AC, Hollauf M, Slugovc C.	Tetrahedron Lett		papers_only
WX690249	c1ccc(-c2nnc(-c3ccccn3)nn2)nc1	315109	JFBIRMIEJBPDTQ-UHFFFAOYSA-N	3,6-dipyridin-2-yl-1,2,4,5-tetrazine		5	paper	Europe PMC	"""3,6-dipyridin-2-yl-1,2,4,5-tetrazine"""	exact_name	medium	Tetrazine Click Chemistry for the Modification of 1-Hydroxy-1,1-methylenebisphosphonic Acids: Towards Bio-orthogonal Functionalization of Gold Nanoparticles.	2016	27572117	https://doi.org/10.1002/chem.201602899	Aufaure R, Hardouin J, Millot N, Motte L, Lalatonne Y, Guénin E.	Chemistry		papers_only
WX690249	c1ccc(-c2nnc(-c3ccccn3)nn2)nc1	315109	JFBIRMIEJBPDTQ-UHFFFAOYSA-N	3,6-dipyridin-2-yl-1,2,4,5-tetrazine		5	paper	Europe PMC	"""3,6-dipyridin-2-yl-1,2,4,5-tetrazine"""	exact_name	medium	Versatile one-pot synthesis of gold nanoclusters and nanoparticles using 3,6-(dipyridin-2-yl)-(1,2,4,5)-tetrazine.	2021	35423205	https://doi.org/10.1039/d0ra10961d	Rus YB, Bosmi M, Maisonneuve S, Guérineau V, Noël V, Courty A, Miomandre F.	RSC Adv		papers_only
WX690249	c1ccc(-c2nnc(-c3ccccn3)nn2)nc1	315109	JFBIRMIEJBPDTQ-UHFFFAOYSA-N	3,6-dipyridin-2-yl-1,2,4,5-tetrazine		5	paper	Europe PMC	"""3,6-dipyridin-2-yl-1,2,4,5-tetrazine"""	exact_name	medium	Computational insights into the inverse electron-demand Diels-Alder reaction of norbornenes with 1,2,4,5-tetrazines: norbornene substituents' effects on the reaction rate.	2022	35876298	https://doi.org/10.1039/d2ob01121b	García-Aznar P, Escorihuela J.	Org Biomol Chem		papers_only
WX690249	c1ccc(-c2nnc(-c3ccccn3)nn2)nc1	315109	JFBIRMIEJBPDTQ-UHFFFAOYSA-N	3,6-dipyridin-2-yl-1,2,4,5-tetrazine		5	paper	Europe PMC	"""3,6-dipyridin-2-yl-1,2,4,5-tetrazine"""	exact_name	medium	Computational Organic Chemistry: The Frontier for Understanding and Designing Bioorthogonal Cycloadditions.	2024	38727989	https://doi.org/10.1007/s41061-024-00461-0	Svatunek D.	Top Curr Chem (Cham)		papers_only
WX690274	CC(=O)N1CCc2ccccc21	27673	RNTCWULFNYNFGI-UHFFFAOYSA-N	1-(2,3-dihydroindol-1-yl)ethanone		2	paper	Europe PMC	"""1-(2,3-dihydroindol-1-yl)ethanone"""	exact_name	medium	A synthesis of functionalized dihydro-1Η-pyrrolizines and spiropyrrolizines via [2 + 3] cycloaddition reactions.	2017	28190225	https://doi.org/10.1007/s11030-017-9725-z	Yavari I, Baoosi L, Halvagar MR.	Mol Divers		papers_only
WX690274	CC(=O)N1CCc2ccccc21	27673	RNTCWULFNYNFGI-UHFFFAOYSA-N	1-(2,3-dihydroindol-1-yl)ethanone		2	paper	Europe PMC	"""1-(2,3-dihydroindol-1-yl)ethanone"""	exact_name	medium	Thermal Compatibility of New ACEI Derivatives with Popular Excipients Used to Produce Solid Pharmaceutical Formulations.	2024	39458964	https://doi.org/10.3390/ph17101323	Broncel M, Juszczak A, Szczolko W, Silvestri D, Białek-Dratwa A, Wacławek S, Kowalski O, Ramos P.	Pharmaceuticals (Basel)		papers_only
WX690294	O=P(O)(O)Oc1c[nH]c2ccc(Br)c(Cl)c12	65409	QRXMUCSWCMTJGU-UHFFFAOYSA-N	(5-bromo-4-chloro-1H-indol-3-yl) dihydrogen phosphate		4	paper	Europe PMC	"""QRXMUCSWCMTJGU-UHFFFAOYSA-N"""	exact_identifier	high	Neural crest cells organize the eye via TGF-β and canonical Wnt signalling.	2011	21468017	https://doi.org/10.1038/ncomms1269	Grocott T, Johnson S, Bailey AP, Streit A.	Nat Commun		papers_only
WX690294	O=P(O)(O)Oc1c[nH]c2ccc(Br)c(Cl)c12	65409	QRXMUCSWCMTJGU-UHFFFAOYSA-N	(5-bromo-4-chloro-1H-indol-3-yl) dihydrogen phosphate		4	paper	Europe PMC	"""(5-bromo-4-chloro-1H-indol-3-yl) dihydrogen phosphate"""	exact_name	medium	Involvement of neuronal IL-1β in acquired brain lesions in a rat model of neonatal encephalopathy.	2013	24007297	https://doi.org/10.1186/1742-2094-10-110	Savard A, Lavoie K, Brochu ME, Grbic D, Lepage M, Gris D, Sebire G.	J Neuroinflammation		papers_only
WX690294	O=P(O)(O)Oc1c[nH]c2ccc(Br)c(Cl)c12	65409	QRXMUCSWCMTJGU-UHFFFAOYSA-N	(5-bromo-4-chloro-1H-indol-3-yl) dihydrogen phosphate		4	paper	Europe PMC	"""(5-bromo-4-chloro-1H-indol-3-yl) dihydrogen phosphate"""	exact_name	medium	Stage-specific embryonic antigen-4 as a potential therapeutic target in glioblastoma multiforme and other cancers.	2014	24550271	https://doi.org/10.1073/pnas.1400283111	Lou YW, Wang PY, Yeh SC, Chuang PK, Li ST, Wu CY, Khoo KH, Hsiao M, Hsu TL, Wong CH.	Proc Natl Acad Sci U S A		papers_only
WX690294	O=P(O)(O)Oc1c[nH]c2ccc(Br)c(Cl)c12	65409	QRXMUCSWCMTJGU-UHFFFAOYSA-N	(5-bromo-4-chloro-1H-indol-3-yl) dihydrogen phosphate		4	paper	Europe PMC	"""(5-bromo-4-chloro-1H-indol-3-yl) dihydrogen phosphate"""	exact_name	medium	Structural basis for lipid-mediated activation of G protein-coupled receptor GPR55.	2025	40000629	https://doi.org/10.1038/s41467-025-57204-y	Claff T, Ebenhoch R, Kley JT, Magarkar A, Nar H, Weichert D.	Nat Commun		papers_only
WXC00010	O=C(O)CCc1nc(-c2cccnc2)no1	3159643	XFXBCTUNCOJZGA-UHFFFAOYSA-N	3-(3-pyridin-3-yl-1,2,4-oxadiazol-5-yl)propanoic acid		2	paper	Europe PMC	"""3-(3-pyridin-3-yl-1,2,4-oxadiazol-5-yl)propanoic acid"""	exact_name	medium	3-[3-(Pyridin-3-yl)-1,2,4-oxadiazol-5-yl]propanoic acid.	2010	21522695	https://doi.org/10.1107/s1600536810051639	Zhang F, Liu F, Chen Q, Dong M.	Acta Crystallogr Sect E Struct Rep Online		papers_only
WXC00010	O=C(O)CCc1nc(-c2cccnc2)no1	3159643	XFXBCTUNCOJZGA-UHFFFAOYSA-N	3-(3-pyridin-3-yl-1,2,4-oxadiazol-5-yl)propanoic acid		2	paper	Europe PMC	"""3-(3-pyridin-3-yl-1,2,4-oxadiazol-5-yl)propanoic acid"""	exact_name	medium	Elucidating the Unconventional Binding Mode of a DNA-Encoded Library Hit Provides a Blueprint for Sirtuin 6 Inhibitor Development.	2024	38940296	https://doi.org/10.1002/cmdc.202400273	You W, Montoya AL, Dana S, Franzini RM, Steegborn C.	ChemMedChem		papers_only
WXC00015	O=C(O)CCc1cc(-c2ccc(Br)cc2)no1	71524907	BCYAVYDNWLSIST-UHFFFAOYSA-N	3-[3-(4-bromophenyl)-1,2-oxazol-5-yl]propanoic acid		1	paper	Europe PMC	"""3-[3-(4-bromophenyl)-1,2-oxazol-5-yl]propanoic acid"""	exact_name	medium	Molecular docking and molecular dynamics simulation studies of inhibitor candidates against <i>Anopheles gambiae</i> 3-hydroxykynurenine transaminase and implications on vector control.	2025	39866405	https://doi.org/10.1016/j.heliyon.2025.e41633	Adedeji EO, Ogunlana OO, Oduselu GO, Koenig R, Adebiyi E, Soremekun OS, Fatumo S.	Heliyon		papers_only
