smiles	catalog_id	found_in_enaminestore
C#CCCC1(CCC(=O)O)N=N1	Z1889707950	yes
C#CCCC1(CCO)N=N1	Z1898593365	yes
C#CCCC1(CCN)N=N1	Z2681245905	yes
C#CCCC1(CCC(=O)N2CCN(Cc3cccc(F)c3)C(=O)C2)N=N1	Z2866902736	yes
C#CCCC1(CCC(=O)N2CCN(Cc3cccc(C(F)(F)F)c3)CC2)N=N1	Z2866902740	yes
C#CCCC1(CCC(=O)N2CCc3cc(OC)c(OC)cc3CC2)N=N1	Z2866902747	yes
C#CCCC1(CCC(=O)N2CCCC(N3CCOCC3)C2)N=N1	Z2866902757	yes
C#CCCC1(CCC(=O)N2CCN(c3ccccc3OCC)CC2)N=N1	Z2866902766	yes
C#CCCC1(CCC(=O)N2CCC(Cc3ccccc3OC)CC2)N=N1	Z2866902773	yes
C#CCCC1(CCC(=O)NCc2nnc3n2CCOCC3)N=N1	Z2866902789	yes
C#CCCC1(CCC(=O)N2CCOC(Cn3ccnn3)C2)N=N1	Z2866902791	yes
C#CCCC1(CCC(=O)N2CCN(Cc3ncon3)CC2)N=N1	Z2866902793	yes
C#CCCC1(CCC(=O)N2CCN(Cc3cc(Cl)ccc3OC)CC2)N=N1	Z2866902797	yes
C#CCCC1(CCC(=O)N2CCCC3(CCc4ccccc4O3)C2)N=N1	Z2866902803	yes
C#CCCC1(CCC(=O)N2C3CCC2CC(Oc2ccccc2)C3)N=N1	Z2866902805	yes
C#CCCC1(CCC(=O)Nc2ccc3c(c2)CCN3C(=O)c2cccnc2)N=N1	Z2866902812	yes
C#CCCC1(CCC(=O)N2CCCC(Cn3cncn3)C2)N=N1	Z2866902817	yes
C#CCCC1(CCC(=O)N2CCCC(n3ccnn3)CC2)N=N1	Z2866902819	yes
C#CCCC1(CCC(=O)N2CC(CC(=O)N(C)C)c3cc(Cl)ccc32)N=N1	Z2866902823	yes
C#CCCC1(CCC(=O)NC(C)c2cc3n(n2)CCCC3)N=N1	Z2866902832	yes
C#CCCC1(CCC(=O)N2CCc3c(ncn(C)c3=O)C2)N=N1	Z2866902836	yes
C#CCCC1(CCC(=O)Nc2cccc(-c3noc(C4CC4)n3)c2)N=N1	Z2866902840	yes
C#CCCC1(CCC(=O)N2CCc3cc(OC)c(OC)c(OC)c3CC2)N=N1	Z2866902846	yes
C#CCCC1(CCC(=O)N2CCN(c3ncccn3)CC2)N=N1	Z2866902847	yes
C#CCCC1(CCC(=O)N2CCCC(c3cccnc3)C2)N=N1	Z2866902874	yes
C#CCCC1(CCC(=O)N2CCCC(c3ccccn3)C2)N=N1	Z2866902877	yes
C#CCCC1(CCC(=O)N2CCCC(c3ccncc3)C2)N=N1	Z2866902879	yes
C#CCCC1(CCC(=O)N2CCN3CC(F)(F)C[C@H]3C2)N=N1	Z2866902884	yes
C#CCCC1(CCC(=O)N2CCCC(C(=O)N3CCOCC3)C2)N=N1	Z2866902887	yes
C#CCCC1(CCC(=O)N2CCC(C(=O)N3CCOCC3)CC2)N=N1	Z2866902889	yes
C#CCCC1(CCC(=O)N2CCCCC2C(=O)N2CCOCC2)N=N1	Z2866902892	yes
C#CCCC1(CCC(=O)NC2CCCOc3c(Cl)cccc32)N=N1	Z2866902900	yes
C#CCCC1(CCC(=O)N2CCC(C(=O)NCC(F)(F)F)C2)N=N1	Z2866902917	yes
C#CCCC1(CCC(=O)NC2CC3(CCN(C)CC3)Oc3ccccc32)N=N1	Z2866902920	yes
C#CCCC1(CCC(=O)NC2(Cc3ccc(Cl)cc3)CCC2)N=N1	Z2866902930	yes
C#CCCC1(CCC(=O)NC(C)c2nc(C3CCCCC3)no2)N=N1	Z2866902934	yes
C#CCCC1(CCC(=O)N2CCC(Oc3cccc(F)c3)CC2)N=N1	Z2866902938	yes
C#CCCC1(CCC(=O)N2CCCC(n3cc(C(=O)O)cn3)C2)N=N1	Z2866902947	yes
C#CCCC1(CCC(=O)N2CCOC(c3ccccc3C(F)(F)F)C2)N=N1	Z2866902960	yes
C#CCCC1(CCC(=O)N2CCOC(c3cccc(C(F)(F)F)c3)C2)N=N1	Z2866902966	yes
C#CCCC1(CCC(=O)N2CCN(c3cccc(F)c3)C(=O)C2)N=N1	Z2866902973	yes
C#CCCC1(CCC(=O)N2CCN(c3ccc(C(F)(F)F)cc3)CC2)N=N1	Z2866902978	yes
C#CCCC1(CCC(=O)NC2CCN(c3ccc(C(F)(F)F)cc3)C2)N=N1	Z2866902981	yes
C#CCCC1(CCC(=O)N2CCCC2(C)Cc2ccccc2F)N=N1	Z2866902985	yes
C#CCCC1(CCC(=O)N2CCOC(c3cccc(OC(F)F)c3)C2)N=N1	Z2866903017	yes
C#CCCC1(CCC(=O)N2CC(Oc3nccs3)C2)N=N1	Z2866903026	yes
C#CCCC1(CCC(=O)N2CCn3c(nnc3C(F)(F)F)C2)N=N1	Z2866903034	yes
C#CCCC1(CCC(=O)NC(C(=O)O)c2ccnn2C)N=N1	Z2866903045	yes
C#CCCC1(CCC(=O)N2CCC3(CCN(C)CC3)C2)N=N1	Z2866903078	yes
C#CCCC1(CCC(=O)N2CCCC3(CCN(C)C3)C2)N=N1	Z2866903084	yes
C#CCCC1(CCC(=O)N2CCC(C(N)=O)(c3ccccc3)C2)N=N1	Z2866903094	yes
C#CCCC1(CCC(=O)NC(C)c2ccc3c(c2)CCC(=O)N3)N=N1	Z2866903096	yes
C#CCCC1(CCC(=O)N2CCN(C(=O)c3c(F)cccc3F)CC2)N=N1	Z2866903114	yes
C#CCCC1(CCC(=O)NCc2cc3n(n2)CCCO3)N=N1	Z2866903116	yes
C#CCCC1(CCC(=O)N(C)Cc2oc3c(C)cccc3c2C)N=N1	Z2866903124	yes
C#CCCC1(CCC(=O)NCC2(c3cccc(Cl)c3)CCOCC2)N=N1	Z2866903130	yes
C#CCCC1(CCC(=O)N2CCCC2(C)Cc2ccc(C(F)F)cc2)N=N1	Z2866903134	yes
C#CCCC1(CCC(=O)NCc2cn(C3CCC3)nn2)N=N1	Z2866903137	yes
C#CCCC1(CCC(=O)N2CCC(n3ccnn3)CC2)N=N1	Z2866903143	yes
C#CCCC1(CCC(=O)N2CCC(c3ncco3)CC2)N=N1	Z2866903145	yes
C#CCCC1(CCC(=O)N2CCC3(C2)C(=O)Nc2ccccc23)N=N1	Z2866903161	yes
C#CCCC1(CCC(=O)N2CCN(Cc3cc(F)ccc3OC)CC2)N=N1	Z2866903174	yes
C#CCCC1(CCC(=O)N[C@@H]2C[C@H]2c2cnn(C)c2C)N=N1	Z2866903178	yes
C#CCCC1(CCC(=O)N2CC(c3ccccc3)C3(CCC3)C2)N=N1	Z2866903181	yes
C#CCCC1(CCC(=O)N2CCc3c2cccc3C(F)(F)F)N=N1	Z2866903187	yes
C#CCCC1(CCC(=O)Nc2ncn(CC(=O)N3CCCCCC3)n2)N=N1	Z2866903189	yes
C#CCCC1(CCC(=O)NC2CCN(c3nccn(CC)c3=O)CC2)N=N1	Z2866903203	yes
C#CCCC1(CCC(=O)NC2CCN(C(=O)c3ccccc3F)CC2)N=N1	Z2866903206	yes
C#CCCC1(CCC(=O)N2CCCC2c2ncccn2)N=N1	Z2866903211	yes
C#CCCC1(CCC(=O)NCc2ncc3c(n2)CCC3)N=N1	Z2866903215	yes
C#CCCC1(CCC(=O)N[C@@H]2C[C@H]2c2ccc(Cl)c(F)c2)N=N1	Z2866903218	yes
C#CCCC1(CCC(=O)Nc2cc3c(cc2Cl)OCCO3)N=N1	Z2866903225	yes
C#CCCC1(CCC(=O)N2CC(c3cnn(C)c3)C3(CCOCC3)C2)N=N1	Z2866903231	yes
C#CCCC1(CCC(=O)N2CCC(c3ccncc3)C2)N=N1	Z2866903236	yes
C#CCCC1(CCC(=O)NC[C@@H]2C[C@H]2c2cccnc2)N=N1	Z2866903238	yes
C#CCCC1(CCC(=O)Nc2nc(C3CCOCC3)cs2)N=N1	Z2866903240	yes
C#CCCC1(CCC(=O)N2CCCC(c3nnc4n3CCCCC4)C2)N=N1	Z2866903245	yes
C#CCCC1(CCC(=O)NCc2nnc3n2CCCC3C(F)(F)F)N=N1	Z2866903259	yes
C#CCCC1(CCC(=O)NCc2cc(Cl)cc3c2OCC3)N=N1	Z2866903265	yes
C#CCCC1(CCC(=O)N2CCC(N3CCCNC3=O)CC2)N=N1	Z2866903269	yes
C#CCCC1(CCC(=O)N2C[C@@H](OC)C[C@@H]2c2nc(C)no2)N=N1	Z2866903275	yes
C#CCCC1(CCC(=O)N2CCC(C(=O)O)(C(F)(F)F)C2)N=N1	Z2866903281	yes
C#CCCC1(CCC(=O)N2CCCC(CNC(=O)c3ccccc3)C2)N=N1	Z2866903314	yes
C#CCCC1(CCC(=O)N2CCN(C(=O)Cc3ccccc3C)CC2)N=N1	Z2866903316	yes
C#CCCC1(CCC(=O)NCC2CCN(C(=O)c3ccccc3)CC2)N=N1	Z2866903318	yes
C#CCCC1(CCC(=O)N2CCCN(C(=O)c3cccc(C)c3)CC2)N=N1	Z2866903320	yes
C#CCCC1(CCC(=O)Nc2cnn(Cc3nnc4n3CCCC4)c2)N=N1	Z2866903324	yes
C#CCCC1(CCC(=O)NC2(Cc3cccc(Cl)c3)CC2)N=N1	Z2866903331	yes
C#CCCC1(CCC(=O)N2CC(Cc3ccccc3Cl)C2)N=N1	Z2866903337	yes
C#CCCC1(CCC(=O)N2CCOCC2c2cccc(F)c2)N=N1	Z2866903346	yes
C#CCCC1(CCC(=O)N2CCc3cc(OC)c(F)cc3C2)N=N1	Z2866903348	yes
C#CCCC1(CCC(=O)N2CCC(n3cc(C(N)=O)nn3)C2)N=N1	Z2866903350	yes
C#CCCC1(CCC(=O)N2CCC3(CC2)COC3)N=N1	Z2866903354	yes
C#CCCC1(CCC(=O)Nc2cnn(C3CCN(C)CC3)c2)N=N1	Z2866903362	yes
C#CCCC1(CCC(=O)Nc2ccc3c(c2)CCC(=O)N3CC2CC2)N=N1	Z2866903373	yes
C#CCCC1(CCC(=O)N2CCN(Cc3nccn3C(F)F)CC2)N=N1	Z2866903375	yes
C#CCCC1(CCC(=O)NCc2nnc3ccc(C(F)(F)F)cn23)N=N1	Z2866903377	yes
C#CCCC1(CCC(=O)N2CCN(CC(N)=O)CC2)N=N1	Z2866903379	yes
C#CCCC1(CCC(=O)N2CCc3ccc(F)cc3C(C)C2)N=N1	Z2866903380	yes
C#CCCC1(CCC(=O)N2CCC(F)(c3ccccc3)CC2)N=N1	Z2866903381	yes
C#CCCC1(CCC(=O)NC2(Cc3cccc(F)c3)CCC2)N=N1	Z2866903382	yes
C#CCCC1(CCC(=O)NC2COc3cc(OC)ccc3C2)N=N1	Z2866903383	yes
C#CCCC1(CCC(=O)NCc2oc3ccc(F)cc3c2C)N=N1	Z2866903385	yes
C#CCCC1(CCC(=O)N2CCC(n3c(C)nc4ccccc43)CC2)N=N1	Z2866903388	yes
C#CCCC1(CCC(=O)N2CCCC2Cn2c(C)nc3ccccc32)N=N1	Z2866903389	yes
C#CCCC1(CCC(=O)N2Cc3ccccc3CC2c2nnc(C)o2)N=N1	Z2866903390	yes
C#CCCC1(CCC(=O)NCC2CC(=O)NC(C)C2)N=N1	Z2866903393	yes
C#CCCC1(CCC(=O)NC2CCN(c3ccc(Cl)c(F)c3)C2)N=N1	Z2866903403	yes
C#CCCC1(CCC(=O)Nc2ccc(-c3nnc4n3CCCC4)cc2)N=N1	Z2866903412	yes
C#CCCC1(CCC(=O)N2CCn3c(Cc4ccccc4)nnc3C2)N=N1	Z2866903418	yes
C#CCCC1(CCC(=O)NC2CCOC(c3ccccc3)C2)N=N1	Z2866903438	yes
C#CCCC1(CCC(=O)N2CCC(COc3ccccc3)C2)N=N1	Z2866903440	yes
C#CCCC1(CCC(=O)NC(C)C2Oc3ccccc3C2C)N=N1	Z2866903442	yes
C#CCCC1(CCC(=O)N2CCCC2Cc2c(F)cccc2Cl)N=N1	Z2866903452	yes
C#CCCC1(CCC(=O)Nc2ccc(-c3ncc4n3CCCC4)cc2)N=N1	Z2866903464	yes
C#CCCC1(CCC(=O)NC2c3ccccc3CCC2n2ccnc2)N=N1	Z2866903466	yes
C#CCCC1(CCC(=O)N2CCN(CC(=O)N3CCOCC3)CC2)N=N1	Z2866903468	yes
C#CCCC1(CCC(=O)N2CCC(N3CCC3)CC2)N=N1	Z2866903479	yes
C#CCCC1(CCC(=O)N[C@H]2C[C@@H](N3CCCC3)C2)N=N1	Z2866903485	yes
C#CCCC1(CCC(=O)N2CCN3CCOc4cccc2c43)N=N1	Z2866903500	yes
C#CCCC1(CCC(=O)Nc2cccc(-c3ccc4c(c3)CCO4)n2)N=N1	Z2866903512	yes
C#CCCC1(CCC(=O)N2CCCN(c3ccc(F)c(F)c3)CC2)N=N1	Z2866903529	yes
C#CCCC1(CCC(=O)NC2CCN(c3c(F)cccc3F)C2=O)N=N1	Z2866903539	yes
C#CCCC1(CCC(=O)N2CC(c3ccccc3)(C(C)C)C2)N=N1	Z2866903542	yes
C#CCCC1(CCC(=O)NCc2cnc(N3CCOCC3)c(F)c2)N=N1	Z2866903555	yes
C#CCCC1(CCC(=O)N2CCC(n3ccnn3)C2)N=N1	Z2866903559	yes
C#CCCC1(CCC(=O)NCCN2CCc3c(Cl)cccc3C2)N=N1	Z2866903566	yes
C#CCCC1(CCC(=O)N2CCNC(=O)C2c2ccccc2Cl)N=N1	Z2866903571	yes
C#CCCC1(CCC(=O)NCc2ccc3c(=O)cc[nH]c3c2)N=N1	Z2866903572	yes
C#CCCC1(CCC(=O)N(C)C[C@@H]2C[C@H](F)CN2c2ccncn2)N=N1	Z2866903580	yes
C#CCCC1(CCC(=O)N2CCN(c3c(F)cccc3OC)CC2)N=N1	Z2866903584	yes
C#CCCC1(CCC(=O)Nc2cnn(CC(=O)N3CCOCC3)c2)N=N1	Z2866903586	yes
C#CCCC1(CCC(=O)NC2(c3cncn3C)CC2)N=N1	Z2866903591	yes
C#CCCC1(CCC(=O)NC2(Cc3cccc(F)c3)CCOCC2)N=N1	Z2866903604	yes
C#CCCC1(CCC(=O)NC2(c3nc(C4CC4)no3)CCOCC2)N=N1	Z2866903609	yes
C#CCCC1(CCC(=O)NC[C@@H]2CCCN(C)[C@H]2c2ccnn2C)N=N1	Z2866903624	yes
C#CCCC1(CCC(=O)N2CCCN(Cc3nccn3CC)CC2)N=N1	Z2866903630	yes
C#CCCC1(CCC(=O)NC2CCCN(c3ccc(F)cc3C)C2)N=N1	Z2866903637	yes
C#CCCC1(CCC(=O)NC2CCCN(Cc3nccn3C)C2=O)N=N1	Z2866903651	yes
C#CCCC1(CCC(=O)N2CCC(NC(=O)c3ccoc3C)CC2)N=N1	Z2866903657	yes
C#CCCC1(CCC(=O)N2CCN(C(=O)c3cc(C)oc3C)CC2)N=N1	Z2866903660	yes
C#CCCC1(CCC(=O)N2CC3(CCOCC3)C2C(=O)O)N=N1	Z2866903665	yes
C#CCCC1(CCC(=O)N2CCN(c3cccc(OCC)n3)CC2)N=N1	Z2866903676	yes
C#CCCC1(CCC(=O)N2CCc3ncc(C)cc32)N=N1	Z2866903685	yes
C#CCCC1(CCC(=O)NC2CCN(c3cc(CC)ncn3)CC2)N=N1	Z2866903691	yes
C#CCCC1(CCC(=O)N2CCC(c3nnc4n3CCCC4)CC2)N=N1	Z2866903693	yes
C#CCCC1(CCC(=O)N2CCN(Cc3ccccc3OC)CC2)N=N1	Z2866903696	yes
C#CCCC1(CCC(=O)N2CCN(c3ccc(C(N)=O)cn3)CC2)N=N1	Z2866903699	yes
C#CCCC1(CCC(=O)N2CCN(c3ncccc3C(N)=O)CC2)N=N1	Z2866903702	yes
C#CCCC1(CCC(=O)Nc2ccc3c(c2)CCN3C(=O)COC)N=N1	Z2866903705	yes
C#CCCC1(CCC(=O)Nc2ccc(N3CCCC3=O)c(OC)c2)N=N1	Z2866903712	yes
C#CCCC1(CCC(=O)NC2CCN(c3ccccc3OC)C2=O)N=N1	Z2866903718	yes
C#CCCC1(CCC(=O)NCC2CCC3(CCCCC3)O2)N=N1	Z2866903734	yes
C#CCCC1(CCC(=O)N2CC3(CCOCC3)C2C(C)C)N=N1	Z2866903736	yes
C#CCCC1(CCC(=O)N2CC(OCc3nnc(C)o3)C2)N=N1	Z2866903742	yes
C#CCCC1(CCC(=O)N2CC(OCc3nc(C)no3)C2)N=N1	Z2866903748	yes
C#CCCC1(CCC(=O)N2CCOC(CC(F)(F)F)C2)N=N1	Z2866903751	yes
C#CCCC1(CCC(=O)N2CC(C)(C)C2c2nccn2CC2CC2)N=N1	Z2866903754	yes
C#CCCC1(CCC(=O)N(C)CC2CCCOC2c2ccccc2)N=N1	Z2866903762	yes
C#CCCC1(CCC(=O)N(C)C2CC(Oc3ccccc3)C2(C)C)N=N1	Z2866903766	yes
C#CCCC1(CCC(=O)Nc2cccc(CN3CCNC(=O)C3)c2)N=N1	Z2866903775	yes
C#CCCC1(CCC(=O)Nc2ccc3c(c2)CN(CC(N)=O)CC3)N=N1	Z2866903778	yes
C#CCCC1(CCC(=O)N2CCN(C(=O)Cc3ccncc3)CC2)N=N1	Z2866903780	yes
C#CCCC1(CCC(=O)NC2CCCN(Cc3ccccn3)C2=O)N=N1	Z2866903782	yes
C#CCCC1(CCC(=O)N2CCC(C(F)(F)F)n3nc(C)cc32)N=N1	Z2866903801	yes
C#CCCC1(CCC(=O)N2CCCNC(=O)C2Cc2ccccc2)N=N1	Z2866903827	yes
C#CCCC1(CCC(=O)N2CCC(NC(=O)c3ccccc3)CC2)N=N1	Z2866903829	yes
C#CCCC1(CCC(=O)N2CCc3ccc(Cl)cc3C2)N=N1	Z2866903839	yes
C#CCCC1(CCC(=O)NC2(c3cccc(Cl)c3)CC2)N=N1	Z2866903842	yes
C#CCCC1(CCC(=O)N2CC34CCCCC3(COC4)C2)N=N1	Z2866903844	yes
C#CCCC1(CCC(=O)N2CCC(c3nc(C)no3)CC2)N=N1	Z2866903846	yes
C#CCCC1(CCC(=O)N2CCCC(c3noc(C)n3)C2)N=N1	Z2866903849	yes
C#CCCC1(CCC(=O)N2CCCC(c3nc(C)no3)C2)N=N1	Z2866903852	yes
C#CCCC1(CCC(=O)N[C@@H]2CCOc3c(F)cccc32)N=N1	Z2866903859	yes
C#CCCC1(CCC(=O)N2CCC(CC(F)(F)F)CC2)N=N1	Z2866903863	yes
C#CCCC1(CCC(=O)N2CCc3occc3C2C(=O)O)N=N1	Z2866903866	yes
C#CCCC1(CCC(=O)N2CCS(=O)(=O)C3(CCCCC3)C2)N=N1	Z2866903871	yes
C#CCCC1(CCC(=O)N2C3CCC2c2cnc(C(C)C)nc2C3)N=N1	Z2866903874	yes
C#CCCC1(CCC(=O)N2CC3(CCOCC3)C2c2ccccc2)N=N1	Z2866903877	yes
C#CCCC1(CCC(=O)N2CCC[C@H]3O[C@@H](c4ccccc4)C[C@H]32)N=N1	Z2866903879	yes
C#CCCC1(CCC(=O)N2CCC3(CC2)OCCc2ccccc23)N=N1	Z2866903881	yes
C#CCCC1(CCC(=O)NC2CC3(CCCC3)Oc3ccccc32)N=N1	Z2866903884	yes
C#CCCC1(CCC(=O)Nc2ccc3ccn(CC(=O)NC)c3c2)N=N1	Z2866903888	yes
C#CCCC1(CCC(=O)NCc2cc(C(F)(F)F)on2)N=N1	Z2866903900	yes
C#CCCC1(CCC(=O)N2CCC(c3nnc4ccccn34)CC2)N=N1	Z2866903903	yes
C#CCCC1(CCC(=O)N2CCCCC2c2nc3ccccc3o2)N=N1	Z2866903908	yes
C#CCCC1(CCC(=O)N2CCCCC2c2ccnn2C)N=N1	Z2866903920	yes
C#CCCC1(CCC(=O)NC2(Cc3ccc(F)cc3)CC2)N=N1	Z2866903929	yes
C#CCCC1(CCC(=O)N2CCC(F)(c3ccccc3)C2)N=N1	Z2866903931	yes
C#CCCC1(CCC(=O)N2CCCC3(CCCc4ccccc43)C2)N=N1	Z2866903945	yes
C#CCCC1(CCC(=O)Nc2cc(C3CC3)nn2-c2ncccn2)N=N1	Z2866903952	no
C#CCCC1(CCC(=O)Nc2cccc(Cn3cccnc3=O)c2)N=N1	Z2866903957	yes
C#CCCC1(CCC(=O)Nc2ccc3nc4n(c(=O)c3c2)CCC4)N=N1	Z2866903958	yes
C#CCCC1(CCC(=O)N2CCC(C(F)(F)F)c3ccccc32)N=N1	Z2866903965	yes
C#CCCC1(CCC(=O)N2CCc3cccc(C(F)(F)F)c3C2)N=N1	Z2866903967	yes
C#CCCC1(CCC(=O)N2CCn3c(nnc3-c3ccccc3)C2)N=N1	Z2866903993	yes
C#CCCC1(CCC(=O)Nc2ccc(-c3cnc(C4CC4)o3)cc2)N=N1	Z2866903995	yes
C#CCCC1(CCC(=O)NC2COc3cccc(C)c3C2)N=N1	Z2866904006	yes
C#CCCC1(CCC(=O)N[C@H]2C[C@H](Oc3ccccc3)C2)N=N1	Z2866904009	yes
C#CCCC1(CCC(=O)N2CCOc3c(C)cc(C)cc32)N=N1	Z2866904011	yes
C#CCCC1(CCC(=O)NC2COc3c(C)cccc3C2)N=N1	Z2866904016	yes
C#CCCC1(CCC(=O)NC2(c3cccc(OC)c3)CC2)N=N1	Z2866904020	yes
C#CCCC1(CCC(=O)N2CCc3c(cccc3OC)C2)N=N1	Z2866904024	yes
C#CCCC1(CCC(=O)NC2(c3ccc(OC)cc3)CC2)N=N1	Z2866904026	yes
C#CCCC1(CCC(=O)NCC2OCCc3ccccc32)N=N1	Z2866904028	yes
C#CCCC1(CCC(=O)NC2C3Cc4cc(F)ccc4C32)N=N1	Z2866904032	yes
C#CCCC1(CCC(=O)NCC2(c3ccc(F)cc3Cl)CC2)N=N1	Z2866904034	yes
C#CCCC1(CCC(=O)NC[C@]23OCCC[C@H]2C3(F)F)N=N1	Z2866904037	yes
C#CCCC1(CCC(=O)Nc2c3c(nn2-c2ccccc2)CCC3)N=N1	Z2866904042	yes
C#CCCC1(CCC(=O)Nc2cc(C3CC3)nn2-c2ccccc2)N=N1	Z2866904044	yes
C#CCCC1(CCC(=O)N2CCc3c(ncn3-c3ccccc3)C2)N=N1	Z2866904045	yes
C#CCCC1(CCC(=O)N2CC(n3cccn3)Cc3ccccc32)N=N1	Z2866904049	yes
C#CCCC1(CCC(=O)Nc2c(-c3ccco3)nc3ccccn23)N=N1	Z2866904065	yes
C#CCCC1(CCC(=O)N2CCCc3c(OC(F)F)cccc32)N=N1	Z2866904067	yes
C#CCCC1(CCC(=O)N2CCC(N3CCC3)C2)N=N1	Z2866904069	yes
C#CCCC1(CCC(=O)NC2CN3CCC2CC3)N=N1	Z2866904072	yes
C#CCCC1(CCC(=O)NC23CCN(CC2)CC3)N=N1	Z2866904074	yes
C#CCCC1(CCC(=O)N2CCC3(CN(C)C3)C2)N=N1	Z2866904077	yes
C#CCCC1(CCC(=O)NCCc2nncn2C)N=N1	Z2866904080	yes
C#CCCC1(CCC(=O)NCCn2cnnc2C)N=N1	Z2866904082	yes
C#CCCC1(CCC(=O)NC2Cc3ccccc3NC2=O)N=N1	Z2866904083	yes
C#CCCC1(CCC(=O)NCCc2noc3ccccc23)N=N1	Z2866904085	yes
C#CCCC1(CCC(=O)Nc2nc3cccnc3n2CC)N=N1	Z2866904087	yes
C#CCCC1(CCC(=O)NCC2CCN(C3CCOCC3)CC2)N=N1	Z2866904091	yes
C#CCCC1(CCC(=O)NC(c2ccc(C)cc2)c2ccccn2)N=N1	Z2866904098	yes
C#CCCC1(CCC(=O)N2CCC([C@@H]3OCC[C@H]3C(N)=O)CC2)N=N1	Z2866904100	yes
C#CCCC1(CCC(=O)NCCc2cnn(C)c2)N=N1	Z2866904107	yes
C#CCCC1(CCC(=O)NC2(c3cccc(C)c3)CCC2)N=N1	Z2866904109	yes
C#CCCC1(CCC(=O)NC2CCN(c3ncccc3Cl)C2)N=N1	Z2866904116	yes
C#CCCC1(CCC(=O)N2CC(CC)Oc3c(Cl)cccc32)N=N1	Z2866904122	yes
C#CCCC1(CCC(=O)N2CCOC(c3cccc(Cl)c3)C2)N=N1	Z2866904125	yes
C#CCCC1(CCC(=O)NCCc2cc3ccccc3o2)N=N1	Z2866904129	yes
C#CCCC1(CCC(=O)N2CCOC(c3ccccc3Cl)C2)N=N1	Z2866904132	yes
C#CCCC1(CCC(=O)N2CCN(C3CCNC(=O)CC3)CC2)N=N1	Z2866904148	yes
C#CCCC1(CCC(=O)N2CCCC(c3ccc(F)c(F)c3)C2)N=N1	Z2866904161	yes
C#CCCC1(CCC(=O)NCCc2cc(F)cc3c2OCOC3)N=N1	Z2866904164	yes
C#CCCC1(CCC(=O)N2CCCN(Cc3noc(C)n3)CC2)N=N1	Z2866904184	yes
C#CCCC1(CCC(=O)N2CCN(C(C)c3nc(C)no3)CC2)N=N1	Z2866904186	yes
C#CCCC1(CCC(=O)Nc2ccc(F)c(N3CCOCC3)c2)N=N1	Z2866904189	yes
C#CCCC1(CCC(=O)N2CCC(Oc3ncccc3F)CC2)N=N1	Z2866904191	yes
C#CCCC1(CCC(=O)N2CCc3ccc(Cl)cc3C(C)C2)N=N1	Z2866904208	yes
C#CCCC1(CCC(=O)N2CC3(CCC3)c3ccccc32)N=N1	Z2866904210	yes
C#CCCC1(CCC(=O)NCc2nccc(C(F)F)n2)N=N1	Z2866904214	yes
C#CCCC1(CCC(=O)N2CCN(Cc3nnc(C)n3C)CC2)N=N1	Z2866904217	yes
C#CCCC1(CCC(=O)N[C@@H]2CCO[C@H]2c2ccnn2C(C)C)N=N1	Z2866904221	yes
C#CCCC1(CCC(=O)N2CCOCC2c2c(C)nn(C)c2C)N=N1	Z2866904223	yes
C#CCCC1(CCC(=O)N2CCOC(Cn3nc(C)cc3C)C2)N=N1	Z2866904225	yes
C#CCCC1(CCC(=O)N2CCN(Cc3nc(C)c(C)o3)CC2)N=N1	Z2866904227	yes
C#CCCC1(CCC(=O)N2CCC(c3ccc(OC)c(F)c3)C2)N=N1	Z2866904239	yes
C#CCCC1(CCC(=O)N2CCCC2c2ccc(OC)c(F)c2)N=N1	Z2866904241	yes
C#CCCC1(CCC(=O)N2CCCC2(COC)C(N)=O)N=N1	Z2866904252	yes
C#CCCC1(CCC(=O)NCCn2ccc3cc(Cl)ccc32)N=N1	Z2866904255	yes
C#CCCC1(CCC(=O)N2CCN(CCOC)C(=O)C2)N=N1	Z2866904257	yes
C#CCCC1(CCC(=O)N2CCCN(Cc3nccn3C)CC2)N=N1	Z2866904266	yes
C#CCCC1(CCC(=O)NCC2CCN(c3ccccc3F)C2)N=N1	Z2866904268	yes
C#CCCC1(CCC(=O)NCc2c(F)cccc2N2CCCC2)N=N1	Z2866904270	yes
C#CCCC1(CCC(=O)N2CCN(Cc3cccc(F)c3)CC2)N=N1	Z2866904272	yes
C#CCCC1(CCC(=O)Nc2nc3c(COC)cccc3s2)N=N1	Z2866904276	yes
C#CCCC1(CCC(=O)N[C@@H]2CC(=O)N(C)[C@H]2c2ccnn2C)N=N1	Z2866904278	yes
C#CCCC1(CCC(=O)NC2CCCN(c3ccnn3C)C2=O)N=N1	Z2866904280	yes
C#CCCC1(CCC(=O)N2CCN(c3nccn(C)c3=O)CC2)N=N1	Z2866904282	yes
C#CCCC1(CCC(=O)NC2CCN(c3cc(C)nn3C)C2=O)N=N1	Z2866904295	yes
C#CCCC1(CCC(=O)NC2CCN(C(=O)c3ccoc3)CC2)N=N1	Z2866904297	yes
C#CCCC1(CCC(=O)Nc2ccc(N3CCCC3=O)c(F)c2)N=N1	Z2866904303	yes
C#CCCC1(CCC(=O)N2Cc3cncnc3C2)N=N1	Z2866904307	yes
C#CCCC1(CCC(=O)N2CCC(Cc3ccc(F)cc3)CC2)N=N1	Z2866904313	yes
C#CCCC1(CCC(=O)N2CCC(c3ccc(F)cc3C)CC2)N=N1	Z2866904316	yes
C#CCCC1(CCC(=O)N2CCCCC2Cc2ccc(F)cc2)N=N1	Z2866904319	yes
C#CCCC1(CCC(=O)NCc2ccc(N3CCOCC3)nc2)N=N1	Z2866904324	yes
C#CCCC1(CCC(=O)Nc2cccc(CN3CCOCC3)n2)N=N1	Z2866904326	yes
C#CCCC1(CCC(=O)N2CCN(c3cc(OC)ccn3)CC2)N=N1	Z2866904328	yes
C#CCCC1(CCC(=O)NCc2cccnc2N2CCOCC2)N=N1	Z2866904330	yes
C#CCCC1(CCC(=O)N2CCN(c3ccncc3OC)CC2)N=N1	Z2866904332	yes
C#CCCC1(CCC(=O)N2CCOC(COc3ccccc3)C2)N=N1	Z2866904333	yes
C#CCCC1(CCC(=O)N2CCC(C(F)(F)F)C3(CCC3)C2)N=N1	Z2866904337	yes
C#CCCC1(CCC(=O)NC2(C(=O)O)COc3ccccc3C2)N=N1	Z2866904340	yes
C#CCCC1(CCC(=O)N2Cc3cccnc3C2)N=N1	Z2866904346	yes
C#CCCC1(CCC(=O)N2CCc3ccncc32)N=N1	Z2866904347	yes
C#CCCC1(CCC(=O)N2CCC(c3nnc4n3CCC4)CC2)N=N1	Z2866904355	yes
C#CCCC1(CCC(=O)N2CCCC(c3nnc4n3CCC4)C2)N=N1	Z2866904357	yes
C#CCCC1(CCC(=O)N2CCC[C@H]2Cn2cc(C3CC3)nn2)N=N1	Z2866904361	yes
C#CCCC1(CCC(=O)N2CCN(c3nc(C)cc(C)n3)CC2)N=N1	Z2866904363	yes
C#CCCC1(CCC(=O)NC2CCCN(c3ccc(C)nn3)C2)N=N1	Z2866904369	yes
C#CCCC1(CCC(=O)N(C)C2CCCN(c3cccnn3)C2)N=N1	Z2866904371	yes
C#CCCC1(CCC(=O)NCc2cc(C)nc(N3CCCC3)n2)N=N1	Z2866904373	yes
C#CCCC1(CCC(=O)N2CCC(Oc3cc(C)ccn3)CC2)N=N1	Z2866904377	yes
C#CCCC1(CCC(=O)NC2CCN(c3cccc(OC)c3)C2)N=N1	Z2866904389	yes
C#CCCC1(CCC(=O)N2CCC(c3ccc(OC)cn3)CC2)N=N1	Z2866904394	yes
C#CCCC1(CCC(=O)N2CCN(C3CC3)c3cc(F)ccc32)N=N1	Z2866904401	yes
C#CCCC1(CCC(=O)Nc2ccc(N3CCNC(=O)C3)nc2)N=N1	Z2866904403	yes
C#CCCC1(CCC(=O)Nc2nn(C)c3cc(C)n(C)c(=O)c23)N=N1	Z2866904407	yes
C#CCCC1(CCC(=O)NCC2CCC3(CCCC3)O2)N=N1	Z2866904415	yes
C#CCCC1(CCC(=O)N2CCCC2C2CCCOC2)N=N1	Z2866904417	yes
C#CCCC1(CCC(=O)N2CCOC(C(F)(F)F)C2)N=N1	Z2866904438	yes
C#CCCC1(CCC(=O)NC2CCN(Cc3ccncc3)CC2)N=N1	Z2866904440	yes
C#CCCC1(CCC(=O)Nc2cc(C)nn2C2CC3CCC2C3)N=N1	Z2866904442	yes
C#CCCC1(CCC(=O)NC2CCN(Cc3ccccn3)CC2)N=N1	Z2866904447	yes
C#CCCC1(CCC(=O)N2CCCC2Cc2ccccc2OC)N=N1	Z2866904453	yes
C#CCCC1(CCC(=O)NCC2(c3ccccc3)CCOCC2)N=N1	Z2866904456	yes
C#CCCC1(CCC(=O)N2CC3(CCCC3)c3cccc(F)c32)N=N1	Z2866904472	yes
C#CCCC1(CCC(=O)Nc2cc(N(C)C)n3nc(C)cc3n2)N=N1	Z2866904475	yes
C#CCCC1(CCC(=O)Nc2ccccc2N2CCNC(=O)C2)N=N1	Z2866904478	yes
C#CCCC1(CCC(=O)Nc2cccc(N3CCCNC3=O)c2)N=N1	Z2866904482	yes
C#CCCC1(CCC(=O)NCc2nc3cc(OC)ccc3n2C)N=N1	Z2866904486	yes
C#CCCC1(CCC(=O)N2CCC(N3CCCC3=O)C2)N=N1	Z2866904501	yes
C#CCCC1(CCC(=O)NC2CC3CCCCN3C2=O)N=N1	Z2866904503	yes
C#CCCC1(CCC(=O)Nc2cccc(CN3CCCCC3)c2)N=N1	Z2866904505	yes
C#CCCC1(CCC(=O)N2CC(N(C)C)CCc3ccccc32)N=N1	Z2866904509	yes
C#CCCC1(CCC(=O)Nc2cccc3c2CN(CC(C)C)C3)N=N1	Z2866904515	yes
C#CCCC1(CCC(=O)NCC2CCCN(c3ccccc3)C2)N=N1	Z2866904517	yes
C#CCCC1(CCC(=O)N2CCCc3c(NC(C)=O)cccc32)N=N1	Z2866904533	yes
C#CCCC1(CCC(=O)N2CCN(C(=O)c3ccccc3)CC2)N=N1	Z2866904535	yes
C#CCCC1(CCC(=O)NC2CCN(C(C)=O)c3ccccc32)N=N1	Z2866904553	yes
C#CCCC1(CCC(=O)NC2CCCN(c3ccccc3)C2=O)N=N1	Z2866904557	yes
C#CCCC1(CCC(=O)Nc2cn(-c3cccc(OC)c3)nn2)N=N1	Z2866904560	yes
C#CCCC1(CCC(=O)N2CCc3c(Cl)cccc32)N=N1	Z2866904564	yes
C#CCCC1(CCC(=O)N2Cc3ccc(Cl)cc3C2)N=N1	Z2866904566	yes
C#CCCC1(CCC(=O)N2CCCC3(CCCC3)CC2)N=N1	Z2866904568	yes
C#CCCC1(CCC(=O)NC2CCc3nnnn3CC2)N=N1	Z2866904572	yes
C#CCCC1(CCC(=O)N2CCCC(c3nnco3)C2)N=N1	Z2866904575	yes
C#CCCC1(CCC(=O)N2CCCC2c2nc(C)no2)N=N1	Z2866904577	yes
C#CCCC1(CCC(=O)N2CCC(CC(F)(F)F)C2)N=N1	Z2866904579	yes
C#CCCC1(CCC(=O)N2CCC(C(F)(F)F)CC2)N=N1	Z2866904581	yes
C#CCCC1(CCC(=O)NCC2(c3ccc(C)c(C)c3)CCC2)N=N1	Z2866904583	yes
C#CCCC1(CCC(=O)N2CCC(c3ccon3)CC2)N=N1	Z2866904592	yes
C#CCCC1(CCC(=O)Nc2ccc3c(n2)OCCO3)N=N1	Z2866904593	yes
C#CCCC1(CCC(=O)N2CC3CCCN3Cc3ccccc32)N=N1	Z2866904597	yes
C#CCCC1(CCC(=O)N2CCN(C3CC3)c3c(C)cccc32)N=N1	Z2866904600	yes
C#CCCC1(CCC(=O)NCc2cc(OC)nc3ccccc23)N=N1	Z2866904603	yes
C#CCCC1(CCC(=O)NC2CC2(F)c2ccccc2)N=N1	Z2866904613	yes
C#CCCC1(CCC(=O)N2CC(c3ccc(F)cc3)C2)N=N1	Z2866904618	yes
C#CCCC1(CCC(=O)NC2(c3ccccc3F)CC2)N=N1	Z2866904620	yes
C#CCCC1(CCC(=O)NC2CCc3ccc(F)cc32)N=N1	Z2866904622	yes
C#CCCC1(CCC(=O)N2CCc3n[nH]c(=O)cc3C2)N=N1	Z2866904625	yes
C#CCCC1(CCC(=O)N2CCC3C2C3C(F)(F)F)N=N1	Z2866904627	yes
C#CCCC1(CCC(=O)NC2C3CCC2Cc2ccccc2C3)N=N1	Z2866904635	yes
C#CCCC1(CCC(=O)N2CC(c3ccccc3)C3CCCC32)N=N1	Z2866904637	yes
C#CCCC1(CCC(=O)N2CC3(CCCC3)C2c2ccccc2)N=N1	Z2866904640	yes
C#CCCC1(CCC(=O)NCc2ccc3c(c2)COC3)N=N1	Z2866904678	yes
C#CCCC1(CCC(=O)N2CC(Oc3ccccc3)C2)N=N1	Z2866904681	yes
C#CCCC1(CCC(=O)NC2COc3ccc(C)cc32)N=N1	Z2866904683	yes
C#CCCC1(CCC(=O)NCc2nc3ncccn3n2)N=N1	Z2866904685	yes
C#CCCC1(CCC(=O)NCc2nc(C(F)F)no2)N=N1	Z2866904687	yes
C#CCCC1(CCC(=O)Nc2nnc(C3CCOCC3)s2)N=N1	Z2866904695	yes
C#CCCC1(CCC(=O)Nc2ccc3c(C)noc3c2)N=N1	Z2866904702	yes
C#CCCC1(CCC(=O)N2CCC(C)(N3CCOCC3)CC2)N=N1	Z2866904707	yes
C#CCCC1(CCC(=O)N2CCCN(CC3CCCO3)CC2)N=N1	Z2866904710	yes
C#CCCC1(CCC(=O)NC2CCN(CC3CCOC3)CC2)N=N1	Z2866904712	yes
C#CCCC1(CCC(=O)NCc2cccc(-c3ccncc3)c2)N=N1	Z2866904727	yes
C#CCCC1(CCC(=O)N2CCN(C(=O)C3CCCO3)CC2)N=N1	Z2866904729	yes
C#CCCC1(CCC(=O)NC2CCC(=O)NC2C2CCCO2)N=N1	Z2866904731	yes
C#CCCC1(CCC(=O)NCC2(CF)CCOCC2)N=N1	Z2866904743	yes
C#CCCC1(CCC(=O)Nc2cc(C)c3nccn3c2)N=N1	Z2866904745	yes
C#CCCC1(CCC(=O)N2C3CCC2CC(F)(F)C3)N=N1	Z2866904747	yes
C#CCCC1(CCC(=O)N2CCC3(CC2)CC3(F)F)N=N1	Z2866904751	yes
C#CCCC1(CCC(=O)N2CCCC3(C2)CC3(F)F)N=N1	Z2866904758	yes
C#CCCC1(CCC(=O)NC2CC(OCC)C23CCCCC3)N=N1	Z2866904764	yes
C#CCCC1(CCC(=O)NC2(c3ccc(F)cc3F)CCC2)N=N1	Z2866904806	yes
C#CCCC1(CCC(=O)N2CCCC(OCC(F)(F)F)C2)N=N1	Z2866904810	yes
C#CCCC1(CCC(=O)N2CC(C(F)(F)F)OC(C)(C)C2)N=N1	Z2866904814	yes
C#CCCC1(CCC(=O)Nc2ccc3c(cnn3C(F)F)c2)N=N1	Z2866904819	yes
C#CCCC1(CCC(=O)N2CCN(C)c3cc(Cl)ccc32)N=N1	Z2866904827	yes
C#CCCC1(CCC(=O)NC2CCCC3CN(C(C)=O)CC32)N=N1	Z2866904864	yes
C#CCCC1(CCC(=O)N2CCN(C(=O)C3CC3)CC2(C)C)N=N1	Z2866904867	yes
C#CCCC1(CCC(=O)N2CCCC(N3CCCC3=O)CC2)N=N1	Z2866904869	yes
C#CCCC1(CCC(=O)N2CCc3c(nnn3CCOC)C2)N=N1	Z2866904871	yes
C#CCCC1(CCC(=O)NC2CCCn3nc(COC)nc32)N=N1	Z2866904873	yes
C#CCCC1(CCC(=O)N2CCN(c3ncc(F)cn3)CC2)N=N1	Z2866904875	yes
C#CCCC1(CCC(=O)N2CCCN(CC(F)(F)F)CC2)N=N1	Z2866904884	yes
C#CCCC1(CCC(=O)N2CCN(CC(F)(F)F)C(=O)C2)N=N1	Z2866904886	yes
C#CCCC1(CCC(=O)NC2CC(c3cccc(Cl)c3)C2)N=N1	Z2866904894	yes
C#CCCC1(CCC(=O)N2C[C@H](OC)C[C@H]2COC)N=N1	Z2866904901	yes
C#CCCC1(CCC(=O)NCC2(c3ccccc3Cl)CC2)N=N1	Z2866904909	yes
C#CCCC1(CCC(=O)N[C@H]2CCCc3ccc(Cl)cc32)N=N1	Z2866904923	yes
C#CCCC1(CCC(=O)N2CC3(CC3)c3ccccc32)N=N1	Z2866904927	yes
C#CCCC1(CCC(=O)NCc2cn3cc(Cl)ccc3n2)N=N1	Z2866904931	yes
C#CCCC1(CCC(=O)Nc2nc3cc(Cl)ccc3n2C)N=N1	Z2866904936	yes
C#CCCC1(CCC(=O)N2CCOCC2CC(=O)O)N=N1	Z2866904943	yes
C#CCCC1(CCC(=O)N2CC3(CCC3)C2C2CCOCC2)N=N1	Z2866904950	yes
C#CCCC1(CCC(=O)N2CCN(Cc3cc(C)on3)CC2)N=N1	Z2866904952	yes
C#CCCC1(CCC(=O)Nc2cc(C3CCOCC3)nn2C)N=N1	Z2866904955	yes
C#CCCC1(CCC(=O)NC[C@@H]2CCO[C@H]2c2cnn(C)c2)N=N1	Z2866904958	yes
C#CCCC1(CCC(=O)NC2CCOC(c3nccn3C)C2)N=N1	Z2866904961	yes
C#CCCC1(CCC(=O)Nc2cnn(C3CCOCC3)c2C)N=N1	Z2866904963	yes
C#CCCC1(CCC(=O)Nc2cc(C3CCCOC3)nn2C)N=N1	Z2866904966	yes
C#CCCC1(CCC(=O)NC2(c3noc(CC)n3)CCCC2)N=N1	Z2866904969	yes
C#CCCC1(CCC(=O)NC2CCOC(c3ccnn3C)C2)N=N1	Z2866904976	yes
C#CCCC1(CCC(=O)N2CCN(Cc3cc(C)no3)CC2)N=N1	Z2866904978	yes
C#CCCC1(CCC(=O)Nc2cc(C)nn2C2CCOCC2)N=N1	Z2866904981	yes
C#CCCC1(CCC(=O)NC2CCN(c3ncccc3F)C2)N=N1	Z2866904988	yes
C#CCCC1(CCC(=O)N2CCOCC2CC(N)=O)N=N1	Z2866905004	yes
C#CCCC1(CCC(=O)NCC(=O)N2CCOCC2)N=N1	Z2866905008	yes
C#CCCC1(CCC(=O)N2CCN(C3CC4CCC3C4)CC2)N=N1	Z2866905012	yes
C#CCCC1(CCC(=O)NC2CCCN(c3ccnn3C)C2)N=N1	Z2866905016	yes
C#CCCC1(CCC(=O)N2CCC[C@H]2Cn2nc(C)nc2C)N=N1	Z2866905019	yes
C#CCCC1(CCC(=O)N2CCN(C)C(c3nccn3C)C2)N=N1	Z2866905022	yes
C#CCCC1(CCC(=O)N2CCN(Cc3cnn(C)c3)CC2)N=N1	Z2866905029	yes
C#CCCC1(CCC(=O)Nc2nc3ccc(OC)cc3s2)N=N1	Z2866905036	yes
C#CCCC1(CCC(=O)NC2CCN(c3ccccc3F)C2)N=N1	Z2866905047	yes
C#CCCC1(CCC(=O)N2CCCN(C)c3cc(F)ccc32)N=N1	Z2866905052	yes
C#CCCC1(CCC(=O)N2CCN(c3cnn(C)c3)C(=O)C2)N=N1	Z2866905057	yes
C#CCCC1(CCC(=O)N2CCN(C(=O)c3ccco3)CC2)N=N1	Z2866905062	yes
C#CCCC1(CCC(=O)Nc2cc3c(cc2F)CCC(=O)N3)N=N1	Z2866905065	yes
C#CCCC1(CCC(=O)N2CCCC(C)(OC)CC2)N=N1	Z2866905071	yes
C#CCCC1(CCC(=O)N2CCC(CC(=O)O)CC2)N=N1	Z2866905082	yes
C#CCCC1(CCC(=O)N2CCC(C)(C(=O)O)CC2)N=N1	Z2866905086	yes
C#CCCC1(CCC(=O)NCC2(C(=O)O)CCCC2)N=N1	Z2866905093	yes
C#CCCC1(CCC(=O)N2CCCC(CC(=O)O)C2)N=N1	Z2866905099	yes
C#CCCC1(CCC(=O)NC2CCC(C(=O)O)CC2)N=N1	Z2866905101	yes
C#CCCC1(CCC(=O)N2CCCC(C)(C(=O)O)C2)N=N1	Z2866905105	yes
C#CCCC1(CCC(=O)N2CCC(Cc3ccnn3C)CC2)N=N1	Z2866905130	yes
C#CCCC1(CCC(=O)N2CCCCC2c2nccn2CC)N=N1	Z2866905133	yes
C#CCCC1(CCC(=O)N2CCCC(n3nc(C)cc3C)C2)N=N1	Z2866905139	yes
C#CCCC1(CCC(=O)N2CCc3c(nc(C(C)C)n3C)C2)N=N1	Z2866905142	yes
C#CCCC1(CCC(=O)N2CCC(C)(c3cccc(F)c3)C2)N=N1	Z2866905157	yes
C#CCCC1(CCC(=O)N2CC(c3ccc(F)cc3)CC2C)N=N1	Z2866905160	yes
C#CCCC1(CCC(=O)NC2CCC(c3ccc(F)cc3)C2)N=N1	Z2866905168	yes
C#CCCC1(CCC(=O)NCC2(c3ccccc3F)CCC2)N=N1	Z2866905170	yes
C#CCCC1(CCC(=O)N2CCC(Oc3cnccn3)CC2)N=N1	Z2866905172	yes
C#CCCC1(CCC(=O)Nc2cnccc2N2CCOCC2)N=N1	Z2866905175	yes
C#CCCC1(CCC(=O)N(C)CC2COc3ccccc3O2)N=N1	Z2866905177	yes
C#CCCC1(CCC(=O)N(C)Cc2ccc3c(c2)OCCO3)N=N1	Z2866905179	yes
C#CCCC1(CCC(=O)Nc2cccc3c2OCCC3OC)N=N1	Z2866905182	yes
C#CCCC1(CCC(=O)NCC2(OC)CCC(F)(F)CC2)N=N1	Z2866905187	yes
C#CCCC1(CCC(=O)NCc2c(C(F)(F)F)cnn2C)N=N1	Z2866905191	yes
C#CCCC1(CCC(=O)NC2CCCCC2C(N)=O)N=N1	Z2866905193	yes
C#CCCC1(CCC(=O)NCC(=O)N2CCCCC2)N=N1	Z2866905195	yes
C#CCCC1(CCC(=O)N2CCN(c3ccnc(C)n3)CC2)N=N1	Z2866905205	yes
C#CCCC1(CCC(=O)N2CCc3ncnc(N(C)C)c3C2)N=N1	Z2866905209	yes
C#CCCC1(CCC(=O)Nc2cccc(N3CCOCC3)c2)N=N1	Z2866905210	yes
C#CCCC1(CCC(=O)NC2CCCc3c2ccc(=O)n3C)N=N1	Z2866905213	yes
C#CCCC1(CCC(=O)NC2CCOC(c3ccncc3)C2)N=N1	Z2866905218	yes
C#CCCC1(CCC(=O)Nc2ccc(OC3CCCC3)nc2)N=N1	Z2866905219	yes
C#CCCC1(CCC(=O)Nc2ccc3c(c2)OCC(=O)N3C)N=N1	Z2866905231	yes
C#CCCC1(CCC(=O)Nc2ccc3oc(COC)nc3c2)N=N1	Z2866905233	yes
C#CCCC1(CCC(=O)N2CCC3(CCOC3)CC2)N=N1	Z2866905239	yes
C#CCCC1(CCC(=O)N2CCCC3COCCC32)N=N1	Z2866905240	yes
C#CCCC1(CCC(=O)N2C[C@]3(C)COC[C@]3(C)C2)N=N1	Z2866905243	yes
C#CCCC1(CCC(=O)N2CCCC3(CCOC3)C2)N=N1	Z2866905244	yes
C#CCCC1(CCC(=O)NC2CC(OC)C23CCC3)N=N1	Z2866905246	yes
C#CCCC1(CCC(=O)NCc2ccc(C(=O)O)o2)N=N1	Z2866905250	yes
C#CCCC1(CCC(=O)NCc2ccnc(N3CCCC3)c2)N=N1	Z2866905255	yes
C#CCCC1(CCC(=O)N2CCN(Cc3ccccn3)CC2)N=N1	Z2866905258	yes
C#CCCC1(CCC(=O)NCc2cccnc2N2CCCC2)N=N1	Z2866905260	yes
C#CCCC1(CCC(=O)N2CCN(c3cnccc3C)CC2)N=N1	Z2866905268	yes
C#CCCC1(CCC(=O)N2CCC(c3ccc(OC)cc3)C2)N=N1	Z2866905270	yes
C#CCCC1(CCC(=O)Nc2cccc(C3CCOCC3)c2)N=N1	Z2866905277	yes
C#CCCC1(CCC(=O)N2CCc3cccc(OC)c3CC2)N=N1	Z2866905284	yes
C#CCCC1(CCC(=O)N2CCCCc3c(OC)cccc32)N=N1	Z2866905286	yes
C#CCCC1(CCC(=O)N2CCOC(Cc3ccccc3)C2)N=N1	Z2866905289	yes
C#CCCC1(CCC(=O)NC2(c3ccccc3)CCOCC2)N=N1	Z2866905295	yes
C#CCCC1(CCC(=O)N2CCCC2c2ccccc2OC)N=N1	Z2866905298	yes
C#CCCC1(CCC(=O)NCC2CCC(c3ccccc3)O2)N=N1	Z2866905299	yes
C#CCCC1(CCC(=O)N2CC3(CCCC3)C2c2ccco2)N=N1	Z2866905301	yes
C#CCCC1(CCC(=O)Nc2nc(-c3ccncc3)cs2)N=N1	Z2866905303	yes
C#CCCC1(CCC(=O)Nc2ccc3c(c2)CN(C)C(=O)N3)N=N1	Z2866905308	yes
C#CCCC1(CCC(=O)Nc2nc3c(OC)cccc3n2C)N=N1	Z2866905310	yes
C#CCCC1(CCC(=O)NC2(C(=O)O)Cc3ccccc3C2)N=N1	Z2866905315	yes
C#CCCC1(CCC(=O)NCc2oc3ccccc3c2OC)N=N1	Z2866905322	yes
C#CCCC1(CCC(=O)NCc2cnc(C(F)(F)F)nc2)N=N1	Z2866905324	yes
C#CCCC1(CCC(=O)NCC2CCN(c3ccccc3)C2)N=N1	Z2866905331	yes
C#CCCC1(CCC(=O)NC2CCN(c3ccccc3)CC2)N=N1	Z2866905340	yes
C#CCCC1(CCC(=O)N2CCCN(c3ccccc3)CC2)N=N1	Z2866905342	yes
C#CCCC1(CCC(=O)N2CCN(C)CC2c2ccccc2)N=N1	Z2866905346	yes
C#CCCC1(CCC(=O)NC2CCCN(C)c3ccccc32)N=N1	Z2866905348	yes
C#CCCC1(CCC(=O)N2CCN(c3cccc(C)c3)CC2)N=N1	Z2866905350	yes
C#CCCC1(CCC(=O)N2CCC(Cc3cccnc3)CC2)N=N1	Z2866905352	yes
C#CCCC1(CCC(=O)Nc2ccc3c(c2)CCC3N(C)C)N=N1	Z2866905356	yes
C#CCCC1(CCC(=O)NCCN2c3ccccc3CC2C)N=N1	Z2866905359	yes
C#CCCC1(CCC(=O)N2CCC(c3ccc(C)nc3)CC2)N=N1	Z2866905361	yes
C#CCCC1(CCC(=O)Nc2cnc3c(cnn3C(C)C)c2)N=N1	Z2866905364	yes
C#CCCC1(CCC(=O)Nc2ccc3nnc(C(C)C)n3c2)N=N1	Z2866905366	yes
C#CCCC1(CCC(=O)N2CCNC(=O)C2c2ccccc2)N=N1	Z2866905372	yes
C#CCCC1(CCC(=O)Nc2cccc(N3CCCC3=O)c2)N=N1	Z2866905375	yes
C#CCCC1(CCC(=O)Nc2ccc3c(c2)CCCC(=O)N3)N=N1	Z2866905377	yes
C#CCCC1(CCC(=O)N2CCC(C(N)=O)c3ccccc32)N=N1	Z2866905385	yes
C#CCCC1(CCC(=O)N2CC(C(N)=O)Cc3ccccc32)N=N1	Z2866905387	yes
C#CCCC1(CCC(=O)NC2CCN(c3ccccc3)C2=O)N=N1	Z2866905389	yes
C#CCCC1(CCC(=O)Nc2cccc3c2CCN3C(C)=O)N=N1	Z2866905394	yes
C#CCCC1(CCC(=O)Nc2cccc(C(=O)NC3CC3)c2)N=N1	Z2866905396	yes
C#CCCC1(CCC(=O)NCCN2C(=O)Cc3ccccc32)N=N1	Z2866905398	yes
C#CCCC1(CCC(=O)N2CCC(=O)N(C)c3ccccc32)N=N1	Z2866905400	yes
C#CCCC1(CCC(=O)Nc2c(C(N)=O)oc3ccccc23)N=N1	Z2866905404	yes
C#CCCC1(CCC(=O)N2CCC3(CCCC3)CC2)N=N1	Z2866905407	yes
C#CCCC1(CCC(=O)N2CCCC2c2ncon2)N=N1	Z2866905408	yes
C#CCCC1(CCC(=O)NCc2noc(C3CC3)n2)N=N1	Z2866905410	yes
C#CCCC1(CCC(=O)NC2CC(C(F)(F)F)C2)N=N1	Z2866905412	yes
C#CCCC1(CCC(=O)N2CC(CC(F)(F)F)C2)N=N1	Z2866905414	yes
C#CCCC1(CCC(=O)N2CCC(C)(c3ccccc3)CC2)N=N1	Z2866905417	yes
C#CCCC1(CCC(=O)N2CCCC(Cc3ccccc3)C2)N=N1	Z2866905419	yes
C#CCCC1(CCC(=O)NCc2nc3cc(C)ccc3n2C)N=N1	Z2866905421	yes
C#CCCC1(CCC(=O)NCCc2nn(C)c3ccccc23)N=N1	Z2866905423	yes
C#CCCC1(CCC(=O)N2CCN(C3CC3)c3ccccc32)N=N1	Z2866905427	yes
C#CCCC1(CCC(=O)N2CC3CCCN3c3ccccc32)N=N1	Z2866905428	yes
C#CCCC1(CCC(=O)N2CC3(CCC3)C2c2ccncc2)N=N1	Z2866905430	yes
C#CCCC1(CCC(=O)Nc2cc(OC)c3ncccc3c2)N=N1	Z2866905439	yes
C#CCCC1(CCC(=O)Nc2ccc3nc(C4CC4)oc3c2)N=N1	Z2866905441	yes
C#CCCC1(CCC(=O)Nc2ccc3ccc(=O)n(C)c3c2)N=N1	Z2866905443	yes
C#CCCC1(CCC(=O)Nc2ccc3c(OC)nccc3c2)N=N1	Z2866905445	yes
C#CCCC1(CCC(=O)N2C3CCC2CC2(CC2)C3)N=N1	Z2866905447	yes
C#CCCC1(CCC(=O)N2CC3(CCC3)C2C2CC2)N=N1	Z2866905449	yes
C#CCCC1(CCC(=O)N2CC(Cc3ccco3)C2)N=N1	Z2866905450	yes
C#CCCC1(CCC(=O)Nc2cccc3c2OCO3)N=N1	Z2866905454	yes
C#CCCC1(CCC(=O)N2CCOCC(F)(F)C2)N=N1	Z2866905456	yes
C#CCCC1(CCC(=O)N2CC(OCC(F)F)C2)N=N1	Z2866905458	yes
C#CCCC1(CCC(=O)N2CC3(CCC3)C2c2ccccc2)N=N1	Z2866905464	yes
C#CCCC1(CCC(=O)N2CC3(CCCC3)c3ccccc32)N=N1	Z2866905466	yes
C#CCCC1(CCC(=O)N2C3CCC2CC2(C3)CC2(F)F)N=N1	Z2866905468	yes
C#CCCC1(CCC(=O)NC(CC)C(=O)N2CCOCC2)N=N1	Z2866905476	yes
C#CCCC1(CCC(=O)NC2CCN(C(=O)COC)CC2)N=N1	Z2866905478	yes
C#CCCC1(CCC(=O)N2CCCN(CCOC)C(=O)C2)N=N1	Z2866905480	yes
C#CCCC1(CCC(=O)N2CCC(n3cc(Cl)cn3)C2)N=N1	Z2866905489	yes
C#CCCC1(CCC(=O)NCC2CCCC2(F)F)N=N1	Z2866905491	yes
C#CCCC1(CCC(=O)N2CCCCC2C(F)F)N=N1	Z2866905493	yes
C#CCCC1(CCC(=O)NC2CCC(F)(F)CC2)N=N1	Z2866905494	yes
C#CCCC1(CCC(=O)NC2CCCC(F)(F)C2)N=N1	Z2866905497	yes
C#CCCC1(CCC(=O)NC2COc3ccccc32)N=N1	Z2866905498	yes
C#CCCC1(CCC(=O)N2CCCC(F)(F)CC2)N=N1	Z2866905501	yes
C#CCCC1(CCC(=O)N2CCC(C(F)F)CC2)N=N1	Z2866905503	yes
C#CCCC1(CCC(=O)NC2CCN(CC(=O)NC)CC2)N=N1	Z2866905509	yes
C#CCCC1(CCC(=O)N2CCOCC3(CCOCC3)C2)N=N1	Z2866905514	yes
C#CCCC1(CCC(=O)N2CC(C)(C)OC3(CCOC3)C2)N=N1	Z2866905520	yes
C#CCCC1(CCC(=O)Nc2cnc3nccn3c2)N=N1	Z2866905529	yes
C#CCCC1(CCC(=O)N2CC(N3CCOCC3)CC2C)N=N1	Z2866905531	yes
C#CCCC1(CCC(=O)N2CCN(CC3CCOC3)CC2)N=N1	Z2866905533	yes
C#CCCC1(CCC(=O)N2CCN(C3CCOCC3)CC2)N=N1	Z2866905535	yes
C#CCCC1(CCC(=O)N2CCC(CN3CCOCC3)C2)N=N1	Z2866905538	yes
C#CCCC1(CCC(=O)N2CCOC3(CCN(C)CC3)C2)N=N1	Z2866905541	yes
C#CCCC1(CCC(=O)N2Cc3ccccc3C2C)N=N1	Z2866905554	yes
C#CCCC1(CCC(=O)N2CC(c3ccccc3)C2)N=N1	Z2866905557	yes
C#CCCC1(CCC(=O)NC2CC3(C2)CC3(F)F)N=N1	Z2866905565	yes
C#CCCC1(CCC(=O)N2CCC3(C2)CC3(F)F)N=N1	Z2866905571	yes
C#CCCC1(CCC(=O)N2CCOC3(CCCCCC3)C2)N=N1	Z2866905572	yes
C#CCCC1(CCC(=O)N2CC(C)(C)OC3(CCCC3)C2)N=N1	Z2866905574	yes
C#CCCC1(CCC(=O)NC2CCOC3(CCCCC3)C2)N=N1	Z2866905576	yes
C#CCCC1(CCC(=O)NC2CC(OCC)C23CCCC3)N=N1	Z2866905578	yes
C#CCCC1(CCC(=O)N2CCC3(CC2)CNC(=O)N3C)N=N1	Z2866905584	yes
C#CCCC1(CCC(=O)N2CCOC(c3nnc(C)o3)C2)N=N1	Z2866905589	yes
C#CCCC1(CCC(=O)N2CC(C(F)(F)F)OCC2C)N=N1	Z2866905598	yes
C#CCCC1(CCC(=O)N2CCC3(CCN(C)CC3)CC2)N=N1	Z2866905615	yes
C#CCCC1(CCC(=O)NC2CCN(C(=O)C3CC3)CC2)N=N1	Z2866905633	yes
C#CCCC1(CCC(=O)N2CCCC(N3CCCC3=O)C2)N=N1	Z2866905635	yes
C#CCCC1(CCC(=O)N2CCn3c(COC)nnc3C2)N=N1	Z2866905638	yes
C#CCCC1(CCC(=O)N2CCOCC2c2ncnn2C)N=N1	Z2866905640	yes
C#CCCC1(CCC(=O)N[C@H]2CCc3cc(Cl)ccc32)N=N1	Z2866905644	yes
C#CCCC1(CCC(=O)Nc2cc3c(cc2Cl)CCC3)N=N1	Z2866905646	yes
C#CCCC1(CCC(=O)N2CCc3cccc(Cl)c3C2)N=N1	Z2866905648	yes
C#CCCC1(CCC(=O)NCC2(OC)CCOC2)N=N1	Z2866905652	yes
C#CCCC1(CCC(=O)NC2(COC)CCOC2)N=N1	Z2866905653	yes
C#CCCC1(CCC(=O)N2CCOC(C(=O)O)C2)N=N1	Z2866905656	yes
C#CCCC1(CCC(=O)N2CCCC3(CCCCC3)CC2)N=N1	Z2866905657	yes
C#CCCC1(CCC(=O)N2CCCC3(CCCCCC3)C2)N=N1	Z2866905659	yes
C#CCCC1(CCC(=O)NC2C3CCOC3C23CCCC3)N=N1	Z2866905666	yes
C#CCCC1(CCC(=O)N2CC3(CCC3)C2C2CCCO2)N=N1	Z2866905670	yes
C#CCCC1(CCC(=O)N2CCOCC2c2ccnn2C)N=N1	Z2866905672	yes
C#CCCC1(CCC(=O)Nc2cnn(CC3CCCO3)c2)N=N1	Z2866905675	yes
C#CCCC1(CCC(=O)Nc2cc(C3CCCO3)nn2C)N=N1	Z2866905679	yes
C#CCCC1(CCC(=O)N2CCOC(c3cnn(C)c3)C2)N=N1	Z2866905680	yes
C#CCCC1(CCC(=O)Nc2cnn(C3CCCCO3)c2)N=N1	Z2866905685	yes
C#CCCC1(CCC(=O)Nc2ccn(C3CCOCC3)n2)N=N1	Z2866905687	yes
C#CCCC1(CCC(=O)N2CC(C)Oc3c(F)cccc32)N=N1	Z2866905694	yes
C#CCCC1(CCC(=O)N2CCOc3cc(F)ccc3C2)N=N1	Z2866905698	yes
C#CCCC1(CCC(=O)NC2(C(N)=O)CCOC2)N=N1	Z2866905701	yes
C#CCCC1(CCC(=O)N2CCCC(c3nncn3C)C2)N=N1	Z2866905704	yes
C#CCCC1(CCC(=O)N2CCC(Cn3cnnc3)CC2)N=N1	Z2866905706	yes
C#CCCC1(CCC(=O)N2CCC(Cn3cncn3)CC2)N=N1	Z2866905708	yes
C#CCCC1(CCC(=O)NC2CCCn3nc(CC)nc32)N=N1	Z2866905712	yes
C#CCCC1(CCC(=O)NC2CCc3nc(CC)nn3C2)N=N1	Z2866905718	yes
C#CCCC1(CCC(=O)N2CCN(Cc3ccco3)CC2)N=N1	Z2866905724	yes
C#CCCC1(CCC(=O)N2CCN(C)c3cc(F)ccc32)N=N1	Z2866905728	yes
C#CCCC1(CCC(=O)N2CCCCC2COC)N=N1	Z2866905740	yes
C#CCCC1(CCC(=O)N2CC3COCC(C2)O3)N=N1	Z2866905748	yes
C#CCCC1(CCC(=O)NCC2(C(=O)O)CCC2)N=N1	Z2866905750	yes
C#CCCC1(CCC(=O)N2CCC(CC(=O)O)C2)N=N1	Z2866905753	yes
C#CCCC1(CCC(=O)NC2(CC(=O)O)CCC2)N=N1	Z2866905756	yes
C#CCCC1(CCC(=O)N2CCCCC2c2cncn2C)N=N1	Z2866905764	yes
C#CCCC1(CCC(=O)N2CCCC2c2cn(C)nc2C)N=N1	Z2866905770	yes
C#CCCC1(CCC(=O)N2CCCC(n3cc(C)cn3)C2)N=N1	Z2866905776	yes
C#CCCC1(CCC(=O)N2CCC(c3ccnn3C)CC2)N=N1	Z2866905779	yes
C#CCCC1(CCC(=O)N2CCCCCC2c2ccco2)N=N1	Z2866905795	yes
C#CCCC1(CCC(=O)NCc2cc(C3CC3)ccc2F)N=N1	Z2866905798	yes
C#CCCC1(CCC(=O)N2CCc3cccc(F)c3C2C)N=N1	Z2866905804	yes
C#CCCC1(CCC(=O)NCC2(c3ccc(F)cc3)CC2)N=N1	Z2866905806	yes
C#CCCC1(CCC(=O)NCc2ncc3c(n2)CCOC3)N=N1	Z2866905810	yes
C#CCCC1(CCC(=O)N2CC3CC2(c2nnc(C)o2)C3)N=N1	Z2866905812	yes
C#CCCC1(CCC(=O)N2CCc3nnc(OC)cc3C2)N=N1	Z2866905815	yes
C#CCCC1(CCC(=O)NCCc2ccc3c(c2)OCO3)N=N1	Z2866905816	yes
C#CCCC1(CCC(=O)NC2CCC(OC(F)F)CC2)N=N1	Z2866905821	yes
C#CCCC1(CCC(=O)N[C@@H]2CC[C@H](C(N)=O)C2)N=N1	Z2866905825	yes
C#CCCC1(CCC(=O)NCC2CCCC(=O)N2)N=N1	Z2866905827	yes
C#CCCC1(CCC(=O)N2CCN(c3cccnn3)CC2)N=N1	Z2866905834	yes
C#CCCC1(CCC(=O)Nc2cncc(N3CCCC3)n2)N=N1	Z2866905835	yes
C#CCCC1(CCC(=O)Nc2cc3c([nH]c2=O)CCCC3)N=N1	Z2866905842	yes
C#CCCC1(CCC(=O)N2CC[C@@H](Oc3ccncc3)C2)N=N1	Z2866905844	yes
C#CCCC1(CCC(=O)Nc2ccc3c(c2)N(C)CCO3)N=N1	Z2866905846	yes
C#CCCC1(CCC(=O)Nc2cccc3c2OCC(=O)N3)N=N1	Z2866905854	yes
C#CCCC1(CCC(=O)NC2COC3(CCC3)C2)N=N1	Z2866905856	yes
C#CCCC1(CCC(=O)NC2CC23CCOCC3)N=N1	Z2866905859	yes
C#CCCC1(CCC(=O)N2CC(C3CCOC3)C2)N=N1	Z2866905862	yes
C#CCCC1(CCC(=O)N2CC3COCC3(C)C2)N=N1	Z2866905864	yes
C#CCCC1(CCC(=O)N2CCO[C@@H]3CCC[C@@H]32)N=N1	Z2866905865	yes
C#CCCC1(CCC(=O)N2CC3(CCCOC3)C2)N=N1	Z2866905867	yes
C#CCCC1(CCC(=O)N2CC3(CCOCC3)C2)N=N1	Z2866905868	yes
C#CCCC1(CCC(=O)N2CCCOCC23CC3)N=N1	Z2866905870	yes
C#CCCC1(CCC(=O)NCCc2nc(C)no2)N=N1	Z2866905872	yes
C#CCCC1(CCC(=O)N2CC3CC2(C(=O)O)C3)N=N1	Z2866905878	yes
C#CCCC1(CCC(=O)N2CCN(c3ccccn3)CC2)N=N1	Z2866905884	yes
C#CCCC1(CCC(=O)NC2CCc3nc(C)ncc3C2)N=N1	Z2866905889	yes
C#CCCC1(CCC(=O)N2CCCn3ncc(C4CC4)c32)N=N1	Z2866905891	yes
C#CCCC1(CCC(=O)N2CCC(c3ccncn3)CC2)N=N1	Z2866905892	yes
C#CCCC1(CCC(=O)Nc2ccc(N3CCCC3)nc2)N=N1	Z2866905894	yes
C#CCCC1(CCC(=O)N2CCN(c3ccncc3)CC2)N=N1	Z2866905896	yes
C#CCCC1(CCC(=O)Nc2cnccc2N2CCCC2)N=N1	Z2866905898	yes
C#CCCC1(CCC(=O)NC2CCN(c3ccccn3)C2)N=N1	Z2866905899	yes
C#CCCC1(CCC(=O)NC2CCCOc3ccccc32)N=N1	Z2866905903	yes
C#CCCC1(CCC(=O)N2CCCc3cccc(OC)c32)N=N1	Z2866905905	yes
C#CCCC1(CCC(=O)NC[C@@H]2Cc3ccccc3CO2)N=N1	Z2866905910	yes
C#CCCC1(CCC(=O)N2CCCc3ccc(OC)cc32)N=N1	Z2866905912	yes
C#CCCC1(CCC(=O)N[C@@H]2Cc3ccccc3[C@@H]2OC)N=N1	Z2866905914	yes
C#CCCC1(CCC(=O)N2Cc3ccccc3OCC2C)N=N1	Z2866905918	yes
C#CCCC1(CCC(=O)Nc2cccc3c2OC(C)(C)C3)N=N1	Z2866905920	yes
C#CCCC1(CCC(=O)NC2CCc3c(OC)cccc32)N=N1	Z2866905922	yes
C#CCCC1(CCC(=O)N2CCOCC2c2ccccc2)N=N1	Z2866905923	yes
C#CCCC1(CCC(=O)N2CCc3cccc(OC)c3C2)N=N1	Z2866905930	yes
C#CCCC1(CCC(=O)N2CC[C@@H](Oc3ccccc3)C2)N=N1	Z2866905932	yes
C#CCCC1(CCC(=O)N2CC3(CCC3)C2c2ccco2)N=N1	Z2866905933	yes
C#CCCC1(CCC(=O)Nc2cc(OC(F)F)n(C)n2)N=N1	Z2866905939	yes
C#CCCC1(CCC(=O)Nc2cnc(C(F)(F)F)nc2)N=N1	Z2866905940	yes
C#CCCC1(CCC(=O)NCCc2ncn(C)n2)N=N1	Z2866905942	yes
C#CCCC1(CCC(=O)N2CCn3cccc3C23CCC3)N=N1	Z2866905950	yes
C#CCCC1(CCC(=O)N2CCCN(C)c3ccccc32)N=N1	Z2866905952	yes
C#CCCC1(CCC(=O)N2CCC(c3ccccn3)CC2)N=N1	Z2866905956	yes
C#CCCC1(CCC(=O)Nc2cccc(N3CCCC3)c2)N=N1	Z2866905962	yes
C#CCCC1(CCC(=O)N2CCC(c3cccnc3)CC2)N=N1	Z2866905963	yes
C#CCCC1(CCC(=O)N2CCC(=O)Nc3ccccc32)N=N1	Z2866905965	yes
C#CCCC1(CCC(=O)Nc2ccc3c(c2)CCC(=O)N3)N=N1	Z2866905967	yes
C#CCCC1(CCC(=O)Nc2ccc3c(c2)CCNC3=O)N=N1	Z2866905976	yes
C#CCCC1(CCC(=O)N(C)Cc2nc3ccccc3o2)N=N1	Z2866905982	yes
C#CCCC1(CCC(=O)N2CC(=O)Nc3ccccc3C2)N=N1	Z2866905983	yes
C#CCCC1(CCC(=O)N2CC(=O)N(C)c3ccccc32)N=N1	Z2866905986	yes
C#CCCC1(CCC(=O)N2CCCC2Cc2ccccc2)N=N1	Z2866905991	yes
C#CCCC1(CCC(=O)N2CCCC(c3ccccc3)C2)N=N1	Z2866905994	yes
C#CCCC1(CCC(=O)N2CCCc3ccccc3CC2)N=N1	Z2866905998	yes
C#CCCC1(CCC(=O)N2CCC(Cc3ccccc3)C2)N=N1	Z2866905999	yes
C#CCCC1(CCC(=O)NC2CCc3ccccc3CC2)N=N1	Z2866906001	yes
C#CCCC1(CCC(=O)NCCc2cn3ccccc3n2)N=N1	Z2866906008	yes
C#CCCC1(CCC(=O)Nc2ccc3c(C)n(C)nc3c2)N=N1	Z2866906011	yes
C#CCCC1(CCC(=O)NCCn2cnc3ccccc32)N=N1	Z2866906012	yes
C#CCCC1(CCC(=O)NCc2ccc3cn(C)nc3c2)N=N1	Z2866906015	yes
C#CCCC1(CCC(=O)NC(C)c2cc3ccccc3o2)N=N1	Z2866906017	yes
C#CCCC1(CCC(=O)NCc2cc3cc(C)ccc3o2)N=N1	Z2866906019	yes
C#CCCC1(CCC(=O)NCc2c(C)oc3ccccc23)N=N1	Z2866906021	yes
C#CCCC1(CCC(=O)Nc2ccc3oc(C)c(C)c3c2)N=N1	Z2866906023	yes
C#CCCC1(CCC(=O)N2CCn3nncc3C2)N=N1	Z2866906033	yes
C#CCCC1(CCC(=O)Nc2cnoc2C2CC2)N=N1	Z2866906035	yes
C#CCCC1(CCC(=O)Nc2cnn(-c3ccncc3)c2)N=N1	Z2866906036	yes
C#CCCC1(CCC(=O)Nc2ccnn2-c2ccncc2)N=N1	Z2866906038	yes
C#CCCC1(CCC(=O)Nc2ccc3c(=O)[nH]ccc3c2)N=N1	Z2866906041	yes
C#CCCC1(CCC(=O)Nc2cccc(OC(F)F)c2)N=N1	Z2866906057	yes
C#CCCC1(CCC(=O)N(C)c2cccc3ncccc23)N=N1	Z2866906065	yes
C#CCCC1(CCC(=O)NCc2ccc3ccccc3n2)N=N1	Z2866906067	yes
C#CCCC1(CCC(=O)NCC2(C(N)=O)CCOCC2)N=N1	Z2866906069	yes
C#CCCC1(CCC(=O)N2CCN(C(=O)COC)CC2)N=N1	Z2866906071	yes
C#CCCC1(CCC(=O)N2CCOC(CNC(C)=O)C2)N=N1	Z2866906073	yes
C#CCCC1(CCC(=O)N2CCC[C@H]2C(F)F)N=N1	Z2866906083	yes
C#CCCC1(CCC(=O)N2CCC(C(F)F)C2)N=N1	Z2866906085	yes
C#CCCC1(CCC(=O)N2CCCCC(CCOC)C2)N=N1	Z2866906094	yes
C#CCCC1(CCC(=O)N2CCOC3(CCCOC3)C2)N=N1	Z2866906097	yes
C#CCCC1(CCC(=O)N2CCOCC2C2CCCO2)N=N1	Z2866906099	yes
C#CCCC1(CCC(=O)N2CCOC3(CCOCC3)C2)N=N1	Z2866906105	yes
C#CCCC1(CCC(=O)N2CCOC(C3CCCO3)C2)N=N1	Z2866906106	yes
C#CCCC1(CCC(=O)NC2(C(=O)O)CCCCCC2)N=N1	Z2866906108	yes
C#CCCC1(CCC(=O)N2CC(C)OC3(CCOC3)C2)N=N1	Z2866906110	yes
C#CCCC1(CCC(=O)N2CCCC(CNC(C)=O)C2)N=N1	Z2866906112	yes
C#CCCC1(CCC(=O)N2CCCN(C(=O)CC)CC2)N=N1	Z2866906115	yes
C#CCCC1(CCC(=O)NCC2(N3CCOCC3)CC2)N=N1	Z2866906121	yes
C#CCCC1(CCC(=O)N(C)C2CCN3CCOC2C3)N=N1	Z2866906123	yes
C#CCCC1(CCC(=O)N2CCC(CNC(C)=O)CC2)N=N1	Z2866906125	yes
C#CCCC1(CCC(=O)NCCN2CC3CCC(C2)O3)N=N1	Z2866906127	yes
C#CCCC1(CCC(=O)N2CCC(CCC(N)=O)CC2)N=N1	Z2866906129	yes
C#CCCC1(CCC(=O)N2CCCC(CCC(N)=O)C2)N=N1	Z2866906131	yes
C#CCCC1(CCC(=O)N2CCN(C3CCOC3)CC2)N=N1	Z2866906132	yes
C#CCCC1(CCC(=O)N2CCOC(CF)C2)N=N1	Z2866906140	yes
C#CCCC1(CCC(=O)N2CC3C(C2)C3(F)F)N=N1	Z2866906142	yes
C#CCCC1(CCC(=O)N2C3CCC2CC(OCC)C3)N=N1	Z2866906146	yes
C#CCCC1(CCC(=O)N2CCOCC(C3CCC3)C2)N=N1	Z2866906147	yes
C#CCCC1(CCC(=O)NC2CCCC23CCOCC3)N=N1	Z2866906149	yes
C#CCCC1(CCC(=O)N2CCC(OCC3CC3)CC2)N=N1	Z2866906150	yes
C#CCCC1(CCC(=O)N2CCC(C3CCCO3)CC2)N=N1	Z2866906153	yes
C#CCCC1(CCC(=O)N2CCC(C3CCOCC3)C2)N=N1	Z2866906155	yes
C#CCCC1(CCC(=O)N2CCOCC3(CCCC3)C2)N=N1	Z2866906160	yes
C#CCCC1(CCC(=O)N2CCOCC23CCCCC3)N=N1	Z2866906162	yes
C#CCCC1(CCC(=O)N2CCOC3(CCCCC3)C2)N=N1	Z2866906164	yes
C#CCCC1(CCC(=O)N2CCCC3(CCCOC3)C2)N=N1	Z2866906167	yes
C#CCCC1(CCC(=O)Nc2ncn(CC(=O)NC)n2)N=N1	Z2866906182	yes
C#CCCC1(CCC(=O)NCC2CCN(C3CC3)CC2)N=N1	Z2866906189	yes
C#CCCC1(CCC(=O)N2CCCC3CN(C)CCC32)N=N1	Z2866906191	yes
C#CCCC1(CCC(=O)NC2CCCN3CCCCC23)N=N1	Z2866906193	yes
C#CCCC1(CCC(=O)NC2CC(=O)N3CCCCC23)N=N1	Z2866906198	yes
C#CCCC1(CCC(=O)N2CC3CCCC3C2C(N)=O)N=N1	Z2866906200	yes
C#CCCC1(CCC(=O)N2C3CC[C@@H]2CC(=O)N(C)C3)N=N1	Z2866906205	yes
C#CCCC1(CCC(=O)NC2CCC(=O)NC23CCC3)N=N1	Z2866906207	yes
C#CCCC1(CCC(=O)N2CCCCC(F)C2)N=N1	Z2866906212	yes
C#CCCC1(CCC(=O)N2CCc3cc(Cl)ccc32)N=N1	Z2866906216	yes
C#CCCC1(CCC(=O)N2CC3(CCCO3)C2C2CC2)N=N1	Z2866906225	yes
C#CCCC1(CCC(=O)N2CCC(c3nc(C)no3)C2)N=N1	Z2866906227	yes
C#CCCC1(CCC(=O)N2CCOCC2c2ccco2)N=N1	Z2866906232	yes
C#CCCC1(CCC(=O)N2CCOC(c3ccco3)C2)N=N1	Z2866906234	yes
C#CCCC1(CCC(=O)N2CCOc3cc(F)ccc32)N=N1	Z2866906236	yes
C#CCCC1(CCC(=O)NC2CCc3c(nnn3C)C2)N=N1	Z2866906245	yes
C#CCCC1(CCC(=O)N2CCC(Cn3ccnn3)C2)N=N1	Z2866906247	yes
C#CCCC1(CCC(=O)N2CCCC2c2nncn2C)N=N1	Z2866906249	yes
C#CCCC1(CCC(=O)N2CCCC(n3cncn3)C2)N=N1	Z2866906250	yes
C#CCCC1(CCC(=O)N2CCCC2Cn2cncn2)N=N1	Z2866906252	yes
C#CCCC1(CCC(=O)N2CCCC(n3ccnn3)C2)N=N1	Z2866906258	yes
C#CCCC1(CCC(=O)NCc2nnc3n2CCCC3)N=N1	Z2866906260	yes
C#CCCC1(CCC(=O)NC2CCc3nc(C)nn3C2)N=N1	Z2866906262	yes
C#CCCC1(CCC(=O)N2CCCC2c2cc(C)no2)N=N1	Z2866906264	yes
C#CCCC1(CCC(=O)N2CC(C)(COC)C2)N=N1	Z2866906274	yes
C#CCCC1(CCC(=O)NC2(C)CCCOC2)N=N1	Z2866906276	yes
C#CCCC1(CCC(=O)N2CC3(CC(F)C3)C2)N=N1	Z2866906277	yes
C#CCCC1(CCC(=O)NCC2(C(=O)O)CC2)N=N1	Z2866906281	yes
C#CCCC1(CCC(=O)N2CCC(C(=O)O)C2)N=N1	Z2866906283	yes
C#CCCC1(CCC(=O)N2CCC(n3ccnc3)CC2)N=N1	Z2866906290	yes
C#CCCC1(CCC(=O)NCC2CCc3nccn3C2)N=N1	Z2866906292	yes
C#CCCC1(CCC(=O)NCC2CCCn3ccnc32)N=N1	Z2866906296	yes
C#CCCC1(CCC(=O)NCc2cn3c(n2)CCCC3)N=N1	Z2866906302	yes
C#CCCC1(CCC(=O)NC2CCCc3c2cnn3C)N=N1	Z2866906304	yes
C#CCCC1(CCC(=O)N2CCC(c3ccco3)CC2)N=N1	Z2866906310	yes
C#CCCC1(CCC(=O)N2CCCCC2c2ccco2)N=N1	Z2866906311	yes
C#CCCC1(CCC(=O)N2CCC2c2ccc(F)cc2)N=N1	Z2866906320	yes
C#CCCC1(CCC(=O)NCc2ccc(C(N)=O)nc2)N=N1	Z2866906323	yes
C#CCCC1(CCC(=O)Nc2ccc3c(c2)OCCO3)N=N1	Z2866906329	yes
C#CCCC1(CCC(=O)N2CCOCC2CC(F)F)N=N1	Z2866906331	yes
C#CCCC1(CCC(=O)NC[C@@H]2CCC(=O)N2)N=N1	Z2866906342	yes
C#CCCC1(CCC(=O)N2CC(C)(C(N)=O)C2)N=N1	Z2866906344	yes
C#CCCC1(CCC(=O)N2CC(CC(N)=O)C2)N=N1	Z2866906346	yes
C#CCCC1(CCC(=O)N2CCCC2c2cccn2C)N=N1	Z2866906353	yes
C#CCCC1(CCC(=O)NC2CCN(CC(F)F)C2)N=N1	Z2866906380	yes
C#CCCC1(CCC(=O)N2CC3(CCCO3)C2)N=N1	Z2866906387	yes
C#CCCC1(CCC(=O)NCC2C3COCC23)N=N1	Z2866906388	yes
C#CCCC1(CCC(=O)NCc2nc(C)no2)N=N1	Z2866906392	yes
C#CCCC1(CCC(=O)NCc2noc(C)n2)N=N1	Z2866906398	yes
C#CCCC1(CCC(=O)N2CCN(C)c3ncccc32)N=N1	Z2866906407	yes
C#CCCC1(CCC(=O)NC2CCOc3ccccc32)N=N1	Z2866906409	yes
C#CCCC1(CCC(=O)NCC2COc3ccccc32)N=N1	Z2866906411	yes
C#CCCC1(CCC(=O)N2CCCOc3ccccc32)N=N1	Z2866906414	yes
C#CCCC1(CCC(=O)N2c3ccccc3OCC2C)N=N1	Z2866906416	yes
C#CCCC1(CCC(=O)NCc2ccc3c(c2)CCO3)N=N1	Z2866906419	yes
C#CCCC1(CCC(=O)N2Cc3cccc(OC)c3C2)N=N1	Z2866906424	yes
C#CCCC1(CCC(=O)NCC2CCCC(F)(F)C2)N=N1	Z2866906430	yes
C#CCCC1(CCC(=O)NC2(C)CCC(F)(F)CC2)N=N1	Z2866906432	yes
C#CCCC1(CCC(=O)NCC2CCC(F)(F)CC2)N=N1	Z2866906434	yes
C#CCCC1(CCC(=O)Nc2cnc3onc(C)c3c2)N=N1	Z2866906443	yes
C#CCCC1(CCC(=O)NCCc2ccon2)N=N1	Z2866906445	yes
C#CCCC1(CCC(=O)NCCc2cnoc2)N=N1	Z2866906448	yes
C#CCCC1(CCC(=O)N2CCC(c3cccnc3)C2)N=N1	Z2866906450	yes
C#CCCC1(CCC(=O)N(Cc2ccncc2)C2CC2)N=N1	Z2866906451	yes
C#CCCC1(CCC(=O)N(Cc2ccccn2)C2CC2)N=N1	Z2866906453	yes
C#CCCC1(CCC(=O)N2CCCC2c2cccnc2)N=N1	Z2866906459	yes
C#CCCC1(CCC(=O)NC2(c3ccncc3)CCC2)N=N1	Z2866906461	yes
C#CCCC1(CCC(=O)N2CCCC2c2ccncc2)N=N1	Z2866906464	yes
C#CCCC1(CCC(=O)NC(c2cccnc2)C2CC2)N=N1	Z2866906468	yes
C#CCCC1(CCC(=O)Nc2ccc3c(c2)N(C)CC3)N=N1	Z2866906470	yes
C#CCCC1(CCC(=O)N2CCN(C)c3ccccc32)N=N1	Z2866906471	yes
C#CCCC1(CCC(=O)N2CC(=O)Nc3ccccc32)N=N1	Z2866906488	yes
C#CCCC1(CCC(=O)Nc2ccc3c(c2)CC(=O)N3)N=N1	Z2866906494	yes
C#CCCC1(CCC(=O)N2C3CCCC2CC3)N=N1	Z2866906498	yes
C#CCCC1(CCC(=O)N2CCC3(CC2)CC3)N=N1	Z2866906501	yes
C#CCCC1(CCC(=O)N2CCCC3(CC3)C2)N=N1	Z2866906503	yes
C#CCCC1(CCC(=O)N(C)C2Cc3ccccc3C2)N=N1	Z2866906511	yes
C#CCCC1(CCC(=O)Nc2cccc3c2CCCC3)N=N1	Z2866906515	yes
C#CCCC1(CCC(=O)NCC2(c3ccccc3)CC2)N=N1	Z2866906522	yes
C#CCCC1(CCC(=O)NCc2ccc(C3CC3)cc2)N=N1	Z2866906524	yes
C#CCCC1(CCC(=O)NC2CCc3ccccc3C2)N=N1	Z2866906526	yes
C#CCCC1(CCC(=O)NCC2CCc3ccccc32)N=N1	Z2866906528	yes
C#CCCC1(CCC(=O)N2CCCc3ccccc3C2)N=N1	Z2866906530	yes
C#CCCC1(CCC(=O)N2CCC(c3ccccc3)C2)N=N1	Z2866906535	yes
C#CCCC1(CCC(=O)Nc2cnc3c(C)cccn23)N=N1	Z2866906539	yes
C#CCCC1(CCC(=O)Nc2ccn3cc(C)nc3c2)N=N1	Z2866906542	yes
C#CCCC1(CCC(=O)NCc2ccc3cncn3c2)N=N1	Z2866906544	yes
C#CCCC1(CCC(=O)NCc2cn3ccccc3n2)N=N1	Z2866906547	yes
C#CCCC1(CCC(=O)NCc2ccc3occc3c2)N=N1	Z2866906549	yes
C#CCCC1(CCC(=O)Nc2ccn(CC(F)F)n2)N=N1	Z2866906553	yes
C#CCCC1(CCC(=O)Nc2cnn(CC(F)F)c2)N=N1	Z2866906557	yes
C#CCCC1(CCC(=O)NCc2nccn2C(F)F)N=N1	Z2866906560	yes
C#CCCC1(CCC(=O)NC2(COC)CCOCC2)N=N1	Z2866906599	yes
C#CCCC1(CCC(=O)Nc2ccc3nccnc3c2)N=N1	Z2866906603	yes
C#CCCC1(CCC(=O)Nc2cccc3cnncc23)N=N1	Z2866906610	yes
C#CCCC1(CCC(=O)N2CC(OC)CC2C(=O)O)N=N1	Z2866906622	yes
C#CCCC1(CCC(=O)NCCN2CCCOCC2)N=N1	Z2866906627	yes
C#CCCC1(CCC(=O)Nc2cnc3ccccc3c2)N=N1	Z2866906638	yes
C#CCCC1(CCC(=O)N2CCOC(CC(N)=O)C2)N=N1	Z2866906641	yes
C#CCCC1(CCC(=O)N2CC(=O)N(CCOC)C2)N=N1	Z2866906643	yes
C#CCCC1(CCC(=O)N2CCCC(OC(C)C)C2)N=N1	Z2866906659	yes
C#CCCC1(CCC(=O)N2CCC(CCOC)CC2)N=N1	Z2866906661	yes
C#CCCC1(CCC(=O)N2CCCCC(COC)C2)N=N1	Z2866906665	yes
C#CCCC1(CCC(=O)N2CCCC(COC)CC2)N=N1	Z2866906670	yes
C#CCCC1(CCC(=O)N(C(C)C)C2CCOCC2)N=N1	Z2866906673	yes
C#CCCC1(CCC(=O)NCCN2CCNC(=O)C2)N=N1	Z2866906679	yes
C#CCCC1(CCC(=O)N2CCOCC23CCOC3)N=N1	Z2866906681	yes
C#CCCC1(CCC(=O)N2CCOC3(CCOC3)C2)N=N1	Z2866906684	yes
C#CCCC1(CCC(=O)NCCC2CCN(C)CC2)N=N1	Z2866906691	yes
C#CCCC1(CCC(=O)N2CCC(CN(C)C)CC2)N=N1	Z2866906694	yes
C#CCCC1(CCC(=O)N2CCCC(N(C)C)CC2)N=N1	Z2866906698	yes
C#CCCC1(CCC(=O)N2CCCCC2CC(N)=O)N=N1	Z2866906709	yes
C#CCCC1(CCC(=O)NC2CCN(C(C)=O)CC2)N=N1	Z2866906714	yes
C#CCCC1(CCC(=O)N2CCCC(CC(N)=O)C2)N=N1	Z2866906722	yes
C#CCCC1(CCC(=O)NC2CCN(C(=O)CC)C2)N=N1	Z2866906728	yes
C#CCCC1(CCC(=O)NCC2(C(N)=O)CCCC2)N=N1	Z2866906734	yes
C#CCCC1(CCC(=O)NCC2CCN(C)C(=O)C2)N=N1	Z2866906738	yes
C#CCCC1(CCC(=O)N2CCCN(C(C)=O)CC2)N=N1	Z2866906743	yes
C#CCCC1(CCC(=O)N(CC2CCOC2)C2CC2)N=N1	Z2866906746	yes
C#CCCC1(CCC(=O)N2CCOC3CCCCC32)N=N1	Z2866906750	yes
C#CCCC1(CCC(=O)N2CC(COC)(C3CC3)C2)N=N1	Z2866906755	yes
C#CCCC1(CCC(=O)N2CCOCC2C2CCC2)N=N1	Z2866906765	yes
C#CCCC1(CCC(=O)N2CCC(C3CCOC3)C2)N=N1	Z2866906768	yes
C#CCCC1(CCC(=O)N2CCOCC3(CCC3)C2)N=N1	Z2866906772	yes
C#CCCC1(CCC(=O)N2CCOCC23CCCC3)N=N1	Z2866906775	yes
C#CCCC1(CCC(=O)N2CCC3(CCOCC3)C2)N=N1	Z2866906777	yes
C#CCCC1(CCC(=O)N2CCOC3(CCCC3)C2)N=N1	Z2866906780	yes
C#CCCC1(CCC(=O)Nc2cnn(CC(=O)O)c2)N=N1	Z2866906788	yes
C#CCCC1(CCC(=O)N2CCN(CC3CC3)CC2)N=N1	Z2866906791	yes
C#CCCC1(CCC(=O)NC2CCN(C3CC3)CC2)N=N1	Z2866906793	yes
C#CCCC1(CCC(=O)NC2CC3CCC(C2)N3C)N=N1	Z2866906796	yes
C#CCCC1(CCC(=O)NCC2CCN(C3CC3)C2)N=N1	Z2866906797	yes
C#CCCC1(CCC(=O)N2CCN(C3CCC3)CC2)N=N1	Z2866906799	yes
C#CCCC1(CCC(=O)N2CCC3(CCN(C)C3)C2)N=N1	Z2866906801	yes
C#CCCC1(CCC(=O)NC2CCN(C3CC3)C2=O)N=N1	Z2866906809	yes
C#CCCC1(CCC(=O)N2CCN3C(=O)CCC3C2)N=N1	Z2866906816	yes
C#CCCC1(CCC(=O)Nc2ccn(CC(N)=O)n2)N=N1	Z2866906819	yes
C#CCCC1(CCC(=O)Nc2cnn(CC(N)=O)c2)N=N1	Z2866906821	yes
C#CCCC1(CCC(=O)N2CCCC2CF)N=N1	Z2866906823	yes
C#CCCC1(CCC(=O)N2CCC[C@@H]3CCCC[C@@H]32)N=N1	Z2866906827	yes
C#CCCC1(CCC(=O)NC(C2CCC2)C2CCC2)N=N1	Z2866906829	yes
C#CCCC1(CCC(=O)N2CC3CCCCCCC32)N=N1	Z2866906831	yes
C#CCCC1(CCC(=O)N2CC3C4COCC4C3C2)N=N1	Z2866906835	yes
C#CCCC1(CCC(=O)N2CC3(C2)CN(C2CC2)C3)N=N1	Z2866906836	yes
C#CCCC1(CCC(=O)NC2CC(C)n3ncnc32)N=N1	Z2866906839	yes
C#CCCC1(CCC(=O)NCc2nnc3n2CCC3)N=N1	Z2866906841	yes
C#CCCC1(CCC(=O)Nc2nnc3n2CCCC3)N=N1	Z2866906843	yes
C#CCCC1(CCC(=O)NC2CCCn3ncnc32)N=N1	Z2866906845	yes
C#CCCC1(CCC(=O)NCc2cccc(OC)n2)N=N1	Z2866906854	yes
C#CCCC1(CCC(=O)Nc2cncc(C(=O)O)c2)N=N1	Z2866906862	yes
C#CCCC1(CCC(=O)N2CCC2COC)N=N1	Z2866906874	yes
C#CCCC1(CCC(=O)N[C@@H]2CCO[C@@H]2C)N=N1	Z2866906876	yes
C#CCCC1(CCC(=O)N2CCC(n3cccn3)C2)N=N1	Z2866906879	yes
C#CCCC1(CCC(=O)Nc2cn(C)nc2C2CC2)N=N1	Z2866906882	yes
C#CCCC1(CCC(=O)N(C)CCc2cnccn2)N=N1	Z2866906883	yes
C#CCCC1(CCC(=O)NC2CCn3ccnc3C2)N=N1	Z2866906885	yes
C#CCCC1(CCC(=O)Nc2cnn(CC3CC3)c2)N=N1	Z2866906887	yes
C#CCCC1(CCC(=O)NCCc2cnc(C)cn2)N=N1	Z2866906888	yes
C#CCCC1(CCC(=O)N2CCCC2c2ccco2)N=N1	Z2866906892	yes
C#CCCC1(CCC(=O)NC2CCCc3occc32)N=N1	Z2866906893	yes
C#CCCC1(CCC(=O)N2CCc3cccc(F)c32)N=N1	Z2866906895	yes
C#CCCC1(CCC(=O)N2CCOc3ccncc32)N=N1	Z2866906903	yes
C#CCCC1(CCC(=O)N2CCOc3ncccc32)N=N1	Z2866906905	yes
C#CCCC1(CCC(=O)Nc2ccc(C3CC3)nn2)N=N1	Z2866906917	yes
C#CCCC1(CCC(=O)Nc2ccc3c(c2)CCO3)N=N1	Z2866906920	yes
C#CCCC1(CCC(=O)Nc2cccc3c2CCO3)N=N1	Z2866906924	yes
C#CCCC1(CCC(=O)NCC2CCC(F)(F)C2)N=N1	Z2866906925	yes
C#CCCC1(CCC(=O)N2c3ccncc3CC2C)N=N1	Z2866906936	yes
C#CCCC1(CCC(=O)N2CCCc3ncccc32)N=N1	Z2866906938	yes
C#CCCC1(CCC(=O)Nc2ccc3c(n2)CCC3)N=N1	Z2866906944	yes
C#CCCC1(CCC(=O)Nc2cnc3ccnn3c2)N=N1	Z2866906953	yes
C#CCCC1(CCC(=O)Nc2cccc3ocnc23)N=N1	Z2866906959	yes
C#CCCC1(CCC(=O)Nc2ccc(C3CC3)cc2)N=N1	Z2866906966	yes
C#CCCC1(CCC(=O)N2CCc3ccc(C)cc32)N=N1	Z2866906969	yes
C#CCCC1(CCC(=O)N2c3ccccc3CC2C)N=N1	Z2866906971	yes
C#CCCC1(CCC(=O)N2CCC2c2ccccc2)N=N1	Z2866906973	yes
C#CCCC1(CCC(=O)Nc2ccc3c(c2)CCC3)N=N1	Z2866906974	yes
C#CCCC1(CCC(=O)N2CCOC(CCF)C2)N=N1	Z2866906977	yes
C#CCCC1(CCC(=O)Nc2ccc3nccn3c2)N=N1	Z2866906982	yes
C#CCCC1(CCC(=O)Nc2ccc3occc3c2)N=N1	Z2866906983	yes
C#CCCC1(CCC(=O)N2CCCCC(C)(F)C2)N=N1	Z2866906998	yes
C#CCCC1(CCC(=O)N2CCCC(CCF)C2)N=N1	Z2866907001	yes
C#CCCC1(CCC(=O)N2CCOC(COC)C2)N=N1	Z2866907003	yes
C#CCCC1(CCC(=O)N(C)CC2COCCO2)N=N1	Z2866907005	yes
C#CCCC1(CCC(=O)NCCN2CCOCC2)N=N1	Z2866907013	yes
C#CCCC1(CCC(=O)N2CCCC(C)(OC)C2)N=N1	Z2866907022	yes
C#CCCC1(CCC(=O)NCCC2CCCCO2)N=N1	Z2866907023	yes
C#CCCC1(CCC(=O)N(C)CC2CCCOC2)N=N1	Z2866907026	yes
C#CCCC1(CCC(=O)NCC2CCCN(C)C2)N=N1	Z2866907031	yes
C#CCCC1(CCC(=O)N2CCN(C(C)=O)CC2)N=N1	Z2866907044	yes
C#CCCC1(CCC(=O)N2CCCC(C(N)=O)C2)N=N1	Z2866907046	yes
C#CCCC1(CCC(=O)N2CCCCC2C(N)=O)N=N1	Z2866907049	yes
C#CCCC1(CCC(=O)NC2C(=O)NCC2(C)C)N=N1	Z2866907053	yes
C#CCCC1(CCC(=O)N2CCC(C(=O)NC)C2)N=N1	Z2866907055	yes
C#CCCC1(CCC(=O)N2CCCNC(=O)C2C)N=N1	Z2866907057	yes
C#CCCC1(CCC(=O)N2CCC(C(N)=O)CC2)N=N1	Z2866907075	yes
C#CCCC1(CCC(=O)N2CCN(C(=O)CC)C2)N=N1	Z2866907082	yes
C#CCCC1(CCC(=O)N2CC(=O)NCC2(C)C)N=N1	Z2866907085	yes
C#CCCC1(CCC(=O)NC2CCC(=O)N(C)C2)N=N1	Z2866907087	yes
C#CCCC1(CCC(=O)NCC2CC(=O)N(C)C2)N=N1	Z2866907089	yes
C#CCCC1(CCC(=O)N2CCC(C)(C(N)=O)C2)N=N1	Z2866907091	yes
C#CCCC1(CCC(=O)NCc2cc(OC)no2)N=N1	Z2866907093	yes
C#CCCC1(CCC(=O)N2CCOC(C3CC3)C2)N=N1	Z2866907096	yes
C#CCCC1(CCC(=O)N2CCOCC3(CC3)C2)N=N1	Z2866907098	yes
C#CCCC1(CCC(=O)NC2CCOC2C2CC2)N=N1	Z2866907100	yes
C#CCCC1(CCC(=O)N2CCOC3(CCC3)C2)N=N1	Z2866907102	yes
C#CCCC1(CCC(=O)N2CCOCC23CCC3)N=N1	Z2866907103	yes
C#CCCC1(CCC(=O)Nc2cnn(COC)c2)N=N1	Z2866907107	yes
C#CCCC1(CCC(=O)NC2CCN(C3CC3)C2)N=N1	Z2866907111	yes
C#CCCC1(CCC(=O)N2CCN3CCCC3C2)N=N1	Z2866907113	yes
C#CCCC1(CCC(=O)NCC2CCN2C2CC2)N=N1	Z2866907118	yes
C#CCCC1(CCC(=O)N2CCN(C3CC3)CC2)N=N1	Z2866907121	yes
C#CCCC1(CCC(=O)NC(C)Cn2cncn2)N=N1	Z2866907123	yes
C#CCCC1(CCC(=O)NC(C)c2nncn2C)N=N1	Z2866907124	yes
C#CCCC1(CCC(=O)NCc2cnnn2CC)N=N1	Z2866907126	yes
C#CCCC1(CCC(=O)NCc2c(C)noc2C)N=N1	Z2866907128	yes
C#CCCC1(CCC(=O)N2CC3CC2(C(N)=O)C3)N=N1	Z2866907131	yes
C#CCCC1(CCC(=O)N2CCC(F)C2)N=N1	Z2866907135	yes
C#CCCC1(CCC(=O)N2CC3CCCCCC32)N=N1	Z2866907140	yes
C#CCCC1(CCC(=O)N2CCC(C3CCC3)C2)N=N1	Z2866907141	yes
C#CCCC1(CCC(=O)NC(C)Cn2cccn2)N=N1	Z2866907143	yes
C#CCCC1(CCC(=O)NC(C)c2cnn(C)c2)N=N1	Z2866907147	yes
C#CCCC1(CCC(=O)N2CCn3ncnc3C2)N=N1	Z2866907163	yes
C#CCCC1(CCC(=O)Nc2ccc(=O)n(C)c2)N=N1	Z2866907167	yes
C#CCCC1(CCC(=O)Nc2ccc(OC)nc2)N=N1	Z2866907169	yes
C#CCCC1(CCC(=O)Nc2cc(C3CC3)on2)N=N1	Z2866907174	yes
C#CCCC1(CCC(=O)N2CCc3nocc3C2)N=N1	Z2866907182	yes
C#CCCC1(CCC(=O)NCCc2cncnc2)N=N1	Z2866907188	yes
C#CCCC1(CCC(=O)N2CCCn3nccc32)N=N1	Z2866907190	yes
C#CCCC1(CCC(=O)N2CC(OC(F)F)C2)N=N1	Z2866907204	yes
C#CCCC1(CCC(=O)N(C)Cc2cccnc2)N=N1	Z2866907208	yes
C#CCCC1(CCC(=O)NCc2ccc(C)nc2)N=N1	Z2866907210	yes
C#CCCC1(CCC(=O)NCCc2ccncc2)N=N1	Z2866907212	yes
C#CCCC1(CCC(=O)N[C@@H]2COC[C@H]2OC)N=N1	Z2866907237	yes
C#CCCC1(CCC(=O)NCCC2CCOC2)N=N1	Z2866907243	yes
C#CCCC1(CCC(=O)N2CCCC2COC)N=N1	Z2866907246	yes
C#CCCC1(CCC(=O)N2CC(CCOC)C2)N=N1	Z2866907250	yes
C#CCCC1(CCC(=O)N2CCC(OC)CC2)N=N1	Z2866907252	yes
C#CCCC1(CCC(=O)NC2COC(C)(C)C2)N=N1	Z2866907256	yes
C#CCCC1(CCC(=O)NCC2CCOCC2)N=N1	Z2866907259	yes
C#CCCC1(CCC(=O)N(C)C2CCCOC2)N=N1	Z2866907266	yes
C#CCCC1(CCC(=O)N2CCC(COC)C2)N=N1	Z2866907270	yes
C#CCCC1(CCC(=O)N2CCC(N(C)C)C2)N=N1	Z2866907277	yes
C#CCCC1(CCC(=O)NCC2CCCN2C)N=N1	Z2866907280	yes
C#CCCC1(CCC(=O)N2CC(=O)NC(C)C2)N=N1	Z2866907290	yes
C#CCCC1(CCC(=O)NC2CN(C(C)=O)C2)N=N1	Z2866907296	yes
C#CCCC1(CCC(=O)NCC23CC(CO2)C3)N=N1	Z2866907299	yes
C#CCCC1(CCC(=O)NCc2nncn2C)N=N1	Z2866907307	yes
C#CCCC1(CCC(=O)NCc2cc(C)no2)N=N1	Z2866907309	yes
C#CCCC1(CCC(=O)NCc2ncc(C)o2)N=N1	Z2866907315	yes
C#CCCC1(CCC(=O)N2CCC(C3CC3)C2)N=N1	Z2866907320	yes
C#CCCC1(CCC(=O)N2CCC3CCCC32)N=N1	Z2866907322	yes
C#CCCC1(CCC(=O)N2CCC23CCCC3)N=N1	Z2866907325	yes
C#CCCC1(CCC(=O)NCc2cnn(C)c2)N=N1	Z2866907332	yes
C#CCCC1(CCC(=O)N(C)Cc2ccoc2)N=N1	Z2866907346	yes
C#CCCC1(CCC(=O)N2CCn3nccc32)N=N1	Z2866907353	yes
C#CCCC1(CCC(=O)NCc2cccnn2)N=N1	Z2866907355	yes
C#CCCC1(CCC(=O)Nc2cnc(C)nc2)N=N1	Z2866907359	yes
C#CCCC1(CCC(=O)NCc2cnccn2)N=N1	Z2866907364	yes
C#CCCC1(CCC(=O)N2CCCOCC2)N=N1	Z2866907371	yes
C#CCCC1(CCC(=O)N2CC3CCCC32)N=N1	Z2866907382	yes
C#CCCC1(CCC(=O)NC2CC2c2ccco2)N=N1	Z2895783991	yes
C#CCCC1(CCC(=O)NC2CCOC(c3ccncc3)C2)N=N1	Z2895784026	yes
C#CCCC1(CCC(=O)NCCn2cncn2)N=N1	Z2902136766	yes
C#CCCC1(CCC(=O)NC2CCCc3nn(C)cc32)N=N1	Z2902136800	yes
C#CCCC1(CCC(=O)Nc2ccc(C(=O)N3CCC(C)CC3)cc2)N=N1	Z2902136862	yes
C#CCCC1(CCC(=O)NC2CC(C)(C)Oc3cc(F)ccc32)N=N1	Z2902136891	yes
C#CCCC1(CCC(=O)NC(C)C2CCCN(C3CCC3)C2)N=N1	Z2902136910	yes
C#CCCC1(CCC(=O)Nc2ccc3c(c2)OC(C)(CC)O3)N=N1	Z2902136919	yes
C#CCCC1(CCC(=O)Nc2cccc3c2CCNC3=O)N=N1	Z2902136962	yes
C#CCCC1(CCC(=O)Nc2nc3c(s2)CCC3(C)C)N=N1	Z2902136966	yes
C#CCCC1(CCC(=O)NC2CCOC2c2cnn(C)c2)N=N1	Z2902136971	yes
C#CCCC1(CCC(=O)Nc2ccc(N3CCN(C)CC3)cc2C)N=N1	Z2902136975	yes
C#CCCC1(CCC(=O)Nc2cccc(C(=O)N3CCOCC3)c2C)N=N1	Z2902136977	yes
C#CCCC1(CCC(=O)NC2Cc3ccccc3C2OC)N=N1	Z2902136985	yes
C#CCCC1(CCC(=O)N2CCCC3(C2)OCc2ccccc23)N=N1	Z2902137023	yes
C#CCCC1(CCC(=O)NCC2=CS(=O)(=O)c3ccccc32)N=N1	Z2902137029	yes
C#CCCC1(CCC(=O)N2CCC(O)(c3cn(C(C)C)nn3)C2)N=N1	Z2902137041	yes
C#CCCC1(CCC(=O)N(C)C2CCCc3c2cnn3C)N=N1	Z2902137063	yes
C#CCCC1(CCC(=O)NC2CCOC(c3ccccn3)C2)N=N1	Z2902137074	yes
C#CCCC1(CCC(=O)Nc2ccc(N3CCOCC3)nc2)N=N1	Z2902137080	yes
C#CCCC1(CCC(=O)NC2CCN(c3cccnc3)C2)N=N1	Z2902137106	yes
C#CCCC1(CCC(=O)Nc2ccc(NC(=O)C3CC3)nc2)N=N1	Z2902137109	yes
C#CCCC1(CCC(=O)Nc2ccc(N3CCC(C)CC3)cc2)N=N1	Z2902137111	yes
C#CCCC1(CCC(=O)N[C@H]2C[C@H](c3ccccc3)C2)N=N1	Z2902137143	yes
C#CCCC1(CCC(=O)Nc2ccccc2)N=N1	Z2902137220	yes
C#CCCC1(CCC(=O)NCC)N=N1	Z2902137400	yes
C#CCCC1(CCC(=O)N2CCC=C(c3ccco3)C2)N=N1	Z2902138176	yes
C#CCCC1(CCC(=O)N2CCCc3occc3C2)N=N1	Z2902138225	yes
C#CCCC1(CCC(=O)NC(Cc2ccncc2)C(=O)O)N=N1	Z3002979752	yes
C#CCCC1(CCC(=O)NC(CC2CCCO2)C(=O)O)N=N1	Z3002979769	yes
C#CCCC1(CCC(=O)NCc2cc(C(=O)O)co2)N=N1	Z3002979777	yes
C#CCCC1(CCC(=O)NC(C(=O)O)c2cccc(C)c2)N=N1	Z3002979808	yes
C#CCCC1(CCC(=O)NC2(CC(=O)O)CCCCC2)N=N1	Z3002979812	yes
C#CCCC1(CCC(=O)Nc2ccc(C(=O)O)nc2)N=N1	Z3002979814	yes
C#CCCC1(CCC(=O)NCc2cccc(C(=O)O)c2)N=N1	Z3002979815	yes
C#CCCC1(CCC(=O)NC(CC2CCOCC2)C(=O)O)N=N1	Z3002979827	yes
C#CCCC1(CCC(=O)N2CCC(C(=O)O)c3ccccc32)N=N1	Z3002979863	yes
C#CCCC1(CCC(=O)N2C3CCC2C(C(=O)O)C3)N=N1	Z3002979888	yes
C#CCCC1(CCC(=O)N2CCC(N3CC(C(=O)O)CC3=O)CC2)N=N1	Z3002979894	yes
C#CCCC1(CCC(=O)N2CCc3c(C(=O)O)ccc(OC)c3C2)N=N1	Z3002979914	yes
C#CCCC1(CCC(=O)N2CCc3c(C(=O)O)cccc32)N=N1	Z3002979955	yes
C#CCCC1(CCC(=O)N2CCCC(C(C)(C)C(=O)O)C2)N=N1	Z3002979972	yes
C#CCCC1(CCC(=O)N2CCC(CCC(=O)O)CC2)N=N1	Z3002980014	yes
C#CCCC1(CCC(=O)N2CCC(C(=O)O)C(C)C2)N=N1	Z3002980018	yes
C#CCCC1(CCC(=O)N2CCCCCC2C(=O)O)N=N1	Z3002980027	yes
C#CCCC1(CCC(=O)N2CCCC(CCC(=O)O)C2)N=N1	Z3002980030	yes
C#CCCC1(CCC(=O)N2CCCCC2CCC(=O)O)N=N1	Z3002980032	yes
C#CCCC1(CCC(=O)N2CCC(O)(C(=O)O)C2)N=N1	Z3002980034	yes
C#CCCC1(CCC(=O)N2CCN(CC(=O)O)CC2)N=N1	Z3002980035	yes
C#CCCC1(CCC(=O)N2CCC(C(=O)O)CC2)N=N1	Z3002980041	yes
C#CCCC1(CCC(=O)NCC2CCN(CC)C2)N=N1	Z3026367085	yes
C#CCCC1(CCC(=O)N2CCN(CC)CC2C)N=N1	Z3026367086	yes
C#CCCC1(CCC(=O)NC2CCN(C(C)C)C2)N=N1	Z3026367087	yes
C#CCCC1(CCC(=O)NC2CCCN(CC)C2)N=N1	Z3026367088	yes
C#CCCC1(CCC(=O)N2CCC(CN(C)C)C2)N=N1	Z3026367089	yes
C#CCCC1(CCC(=O)NCC(C2CC2)N(C)C)N=N1	Z3026367090	yes
C#CCCC1(CCC(=O)NCC(C)N2CCCC2)N=N1	Z3026367091	yes
C#CCCC1(CCC(=O)Nc2ccc(N(C)C)nc2)N=N1	Z3026367094	yes
C#CCCC1(CCC(=O)N2CCC(N3CCCC3)C2)N=N1	Z3026367095	yes
C#CCCC1(CCC(=O)N(C)CCN2CCCCC2)N=N1	Z3026367097	yes
C#CCCC1(CCC(=O)N2CCN(C)CC2C(C)C)N=N1	Z3026367100	yes
C#CCCC1(CCC(=O)NCCN(C)C2CCCC2)N=N1	Z3026367101	yes
C#CCCC1(CCC(=O)NCC2CCN(CC)CC2)N=N1	Z3026367104	yes
C#CCCC1(CCC(=O)NCCN2CCCCCC2)N=N1	Z3026367105	yes
C#CCCC1(CCC(=O)NC(C)CN2CCCCC2)N=N1	Z3026367106	yes
C#CCCC1(CCC(=O)NCC(CC)N2CCCC2)N=N1	Z3026367107	yes
C#CCCC1(CCC(=O)NC2CCC(N(C)C)CC2)N=N1	Z3026367108	yes
C#CCCC1(CCC(=O)N2CCCC(CN(C)C)C2)N=N1	Z3026367109	yes
C#CCCC1(CCC(=O)NCC(C)N2CCCCC2)N=N1	Z3026367110	yes
C#CCCC1(CCC(=O)NCC2CN(C)CCN2C)N=N1	Z3026367111	yes
C#CCCC1(CCC(=O)N2CCN(CC(C)O)CC2)N=N1	Z3026367112	yes
C#CCCC1(CCC(=O)NC(C)CN2CCOCC2)N=N1	Z3026367114	yes
C#CCCC1(CCC(=O)N2CCOC(CN(C)C)C2)N=N1	Z3026367115	yes
C#CCCC1(CCC(=O)NCCN2CCC(O)CC2)N=N1	Z3026367116	yes
C#CCCC1(CCC(=O)N2CCCN(CCO)CC2)N=N1	Z3026367117	yes
C#CCCC1(CCC(=O)NCC(C)N2CCOCC2)N=N1	Z3026367118	yes
C#CCCC1(CCC(=O)N2CCN(CC(F)F)CC2)N=N1	Z3026367119	yes
C#CCCC1(CCC(=O)Nc2ccc(N(C)C)c(C)c2)N=N1	Z3026367120	yes
C#CCCC1(CCC(=O)NCCN(C)c2ccccc2)N=N1	Z3026367122	yes
C#CCCC1(CCC(=O)NCc2cccnc2N(C)C)N=N1	Z3026367123	yes
C#CCCC1(CCC(=O)NCc2ccc(N(C)C)nc2)N=N1	Z3026367124	yes
C#CCCC1(CCC(=O)Nc2ccc(N(C)C)c(F)c2)N=N1	Z3026367125	yes
C#CCCC1(CCC(=O)NCC(c2ccco2)N(C)C)N=N1	Z3026367126	yes
C#CCCC1(CCC(=O)Nc2cnn(CCN(C)C)c2)N=N1	Z3026367127	yes
C#CCCC1(CCC(=O)N2CCC(N3CCCCC3)C2)N=N1	Z3026367129	yes
C#CCCC1(CCC(=O)NC2CCN(CC(=C)C)CC2)N=N1	Z3026367130	yes
C#CCCC1(CCC(=O)N2CCC(N3CCOCC3)C2)N=N1	Z3026367132	yes
C#CCCC1(CCC(=O)NCC(C)N2CCC(C)CC2)N=N1	Z3026367133	yes
C#CCCC1(CCC(=O)NCC2CCCN(C(C)C)C2)N=N1	Z3026367134	yes
C#CCCC1(CCC(=O)NC2CCN(CC(C)C)CC2)N=N1	Z3026367135	yes
C#CCCC1(CCC(=O)N2CCC(CCN(C)C)CC2)N=N1	Z3026367139	yes
C#CCCC1(CCC(=O)NC(C)CN2CCC(C)CC2)N=N1	Z3026367141	yes
C#CCCC1(CCC(=O)NCCN(C)C2CCCCC2)N=N1	Z3026367143	yes
C#CCCC1(CCC(=O)NCC(C)(C)N2CCCCC2)N=N1	Z3026367144	yes
C#CCCC1(CCC(=O)NCCN2CCCCC2CC)N=N1	Z3026367145	yes
C#CCCC1(CCC(=O)NC2CCN(C(C)(C)C)CC2)N=N1	Z3026367146	yes
C#CCCC1(CCC(=O)NCCCN2CCC(C)CC2)N=N1	Z3026367147	yes
C#CCCC1(CCC(=O)NCC(C)CN2CCCCC2)N=N1	Z3026367148	yes
C#CCCC1(CCC(=O)NCC2CCN(CCC)CC2)N=N1	Z3026367150	yes
C#CCCC1(CCC(=O)NC2CCN(CC(N)=O)CC2)N=N1	Z3026367151	yes
C#CCCC1(CCC(=O)N2CCN(CC(=O)NC)CC2)N=N1	Z3026367152	yes
C#CCCC1(CCC(=O)NC(C)CN2CCN(C)CC2)N=N1	Z3026367153	yes
C#CCCC1(CCC(=O)NCC(C)N2CCN(C)CC2)N=N1	Z3026367155	yes
C#CCCC1(CCC(=O)NCCN2CCN(CC)CC2)N=N1	Z3026367156	yes
C#CCCC1(CCC(=O)NC(C)(C)CN2CCOCC2)N=N1	Z3026367157	yes
C#CCCC1(CCC(=O)NCC2CCN(CCO)CC2)N=N1	Z3026367158	yes
C#CCCC1(CCC(=O)N2CCC(N(C)CCO)CC2)N=N1	Z3026367160	yes
C#CCCC1(CCC(=O)NC2CCN(CCOC)CC2)N=N1	Z3026367161	yes
C#CCCC1(CCC(=O)NC(C)C(C)N2CCOCC2)N=N1	Z3026367162	yes
C#CCCC1(CCC(=O)NCCCN2CCC(O)CC2)N=N1	Z3026367164	yes
C#CCCC1(CCC(=O)NCC(C)(C)N2CCOCC2)N=N1	Z3026367165	yes
C#CCCC1(CCC(=O)NCC(O)CN2CCOCC2)N=N1	Z3026367166	yes
C#CCCC1(CCC(=O)Nc2ccc3c(c2)N(CC)CC3)N=N1	Z3026367168	yes
C#CCCC1(CCC(=O)Nc2ccc(N3CCCC3)cc2)N=N1	Z3026367169	yes
C#CCCC1(CCC(=O)Nc2ccc3c(c2)CN(CC)C3)N=N1	Z3026367170	yes
C#CCCC1(CCC(=O)Nc2cccnc2N2CCCC2)N=N1	Z3026367171	yes
C#CCCC1(CCC(=O)NCC(C)N(C)c2ccccc2)N=N1	Z3026367172	yes
C#CCCC1(CCC(=O)NC(CN(C)C)c2ccccc2)N=N1	Z3026367173	yes
C#CCCC1(CCC(=O)Nc2cccc(N(C)C(C)C)c2)N=N1	Z3026367174	yes
C#CCCC1(CCC(=O)NC(C)c2ccc(N(C)C)cc2)N=N1	Z3026367175	yes
C#CCCC1(CCC(=O)NCc2ccc(CN(C)C)cc2)N=N1	Z3026367176	yes
C#CCCC1(CCC(=O)N(C)Cc2ccc(N(C)C)cc2)N=N1	Z3026367177	yes
C#CCCC1(CCC(=O)NCc2cccc(CN(C)C)c2)N=N1	Z3026367178	yes
C#CCCC1(CCC(=O)NCc2ccccc2CN(C)C)N=N1	Z3026367179	yes
C#CCCC1(CCC(=O)Nc2ccc(N(CC)CC)nc2)N=N1	Z3026367180	yes
C#CCCC1(CCC(=O)NCC(c2cccnc2)N(C)C)N=N1	Z3026367181	yes
C#CCCC1(CCC(=O)N2CCN(Cc3nc[nH]n3)CC2)N=N1	Z3026367182	yes
C#CCCC1(CCC(=O)NCc2ccc(N(C)C)c(F)c2)N=N1	Z3026367185	yes
C#CCCC1(CCC(=O)NC2CCN(C3CCCC3)CC2)N=N1	Z3026367186	yes
C#CCCC1(CCC(=O)N2CCCC2CN2CCCCC2)N=N1	Z3026367187	yes
C#CCCC1(CCC(=O)N2CCCN(C3CCCC3)CC2)N=N1	Z3026367188	yes
C#CCCC1(CCC(=O)N2CCC[C@H]2CN2CCOCC2)N=N1	Z3026367192	yes
C#CCCC1(CCC(=O)N(CC(C)C)C2CCN(C)CC2)N=N1	Z3026367194	yes
C#CCCC1(CCC(=O)NCC2(N(C)C)CCCCCC2)N=N1	Z3026367196	yes
C#CCCC1(CCC(=O)N2CCN(CCC(C)(C)C)CC2)N=N1	Z3026367197	yes
C#CCCC1(CCC(=O)Nc2ccc(N(C)C)c(Cl)c2)N=N1	Z3026367198	yes
C#CCCC1(CCC(=O)N(C)CC(=O)N2CCN(C)CC2)N=N1	Z3026367200	yes
C#CCCC1(CCC(=O)NC2CCN(CCN(C)C)CC2)N=N1	Z3026367202	yes
C#CCCC1(CCC(=O)N(C)CCN2C[C@@H](C)O[C@@H](C)C2)N=N1	Z3026367204	yes
C#CCCC1(CCC(=O)NCC(C(C)C)N2CCOCC2)N=N1	Z3026367205	yes
C#CCCC1(CCC(=O)N2CCN(c3ccccc3)C(C)C2)N=N1	Z3026367210	yes
C#CCCC1(CCC(=O)NCc2ccc(N3CCCC3)cc2)N=N1	Z3026367212	yes
C#CCCC1(CCC(=O)Nc2cccc(N3CCCCC3)c2)N=N1	Z3026367213	yes
C#CCCC1(CCC(=O)Nc2ccc(N3CCCC3)c(C)c2)N=N1	Z3026367214	yes
C#CCCC1(CCC(=O)N2CCN(c3ccccc3)CC2C)N=N1	Z3026367215	yes
C#CCCC1(CCC(=O)NC2CCN(c3ccncc3)CC2)N=N1	Z3026367218	yes
C#CCCC1(CCC(=O)NC2CCN(c3ccccn3)CC2)N=N1	Z3026367219	yes
C#CCCC1(CCC(=O)NC2CCN(c3ncccn3)CC2)N=N1	Z3026367223	yes
C#CCCC1(CCC(=O)NCC(c2ccc(C)cc2)N(C)C)N=N1	Z3026367224	yes
C#CCCC1(CCC(=O)Nc2cc(F)cc(N3CCCC3)c2)N=N1	Z3026367226	yes
C#CCCC1(CCC(=O)Nc2ccc(N3CCCC3)c(F)c2)N=N1	Z3026367227	yes
C#CCCC1(CCC(=O)Nc2cc(CN(C)C)ccc2OC)N=N1	Z3026367228	yes
C#CCCC1(CCC(=O)NCC(c2ccco2)N2CCCC2)N=N1	Z3026367229	yes
C#CCCC1(CCC(=O)N2CCN(c3ccc(F)cn3)CC2)N=N1	Z3026367231	yes
C#CCCC1(CCC(=O)NCC(c2ccc(F)cc2)N(C)C)N=N1	Z3026367234	yes
C#CCCC1(CCC(=O)NC2CCN(CC3CCCC3)CC2)N=N1	Z3026367235	yes
C#CCCC1(CCC(=O)N2CCCCC2CN2CCOCC2)N=N1	Z3026367236	yes
C#CCCC1(CCC(=O)NC2CCN(CC3CCCO3)CC2)N=N1	Z3026367238	yes
C#CCCC1(CCC(=O)NCC(C)(C)N2CC(C)CC(C)C2)N=N1	Z3026367240	yes
C#CCCC1(CCC(=O)NC2CCN(CC(=O)N(C)C)CC2)N=N1	Z3026367241	yes
C#CCCC1(CCC(=O)NCC(C(C)C)N2CCN(C)CC2)N=N1	Z3026367242	yes
C#CCCC1(CCC(=O)NCC(C)N2CCc3ccccc3C2)N=N1	Z3026367244	yes
C#CCCC1(CCC(=O)NC(CN2CCCC2)c2ccccc2)N=N1	Z3026367245	yes
C#CCCC1(CCC(=O)NCC(c2ccccc2)N2CCCC2)N=N1	Z3026367246	yes
C#CCCC1(CCC(=O)N(C)Cc2ccccc2N2CCCC2)N=N1	Z3026367247	yes
C#CCCC1(CCC(=O)NCc2cccc(CN3CCCC3)c2)N=N1	Z3026367250	yes
C#CCCC1(CCC(=O)N2CCCN(c3ccc(C)cc3)CC2)N=N1	Z3026367252	yes
C#CCCC1(CCC(=O)Nc2ccc(N3CCNC(=O)C3)cc2)N=N1	Z3026367253	yes
C#CCCC1(CCC(=O)NCc2ccc(N3CCCCC3)nc2)N=N1	Z3026367255	yes
C#CCCC1(CCC(=O)Nc2ccc(N3CCOCC3)c(C)c2)N=N1	Z3026367256	yes
C#CCCC1(CCC(=O)NCc2ccc(N3CCOCC3)cc2)N=N1	Z3026367257	yes
C#CCCC1(CCC(=O)Nc2ccccc2N2CCC(O)CC2)N=N1	Z3026367259	yes
C#CCCC1(CCC(=O)NCC2CCN(c3ccc(F)cc3)C2)N=N1	Z3026367260	yes
C#CCCC1(CCC(=O)Nc2cc(F)ccc2N2CCCCC2)N=N1	Z3026367261	yes
C#CCCC1(CCC(=O)Nc2ccc(N3CCCCC3)c(F)c2)N=N1	Z3026367262	yes
C#CCCC1(CCC(=O)NCC(c2ccco2)N2CCCCC2)N=N1	Z3026367263	yes
C#CCCC1(CCC(=O)N2CCCC(CN3CCCCCC3)C2)N=N1	Z3026367265	yes
C#CCCC1(CCC(=O)NC2CCN(CC3CCCCC3)CC2)N=N1	Z3026367267	yes
C#CCCC1(CCC(=O)N2CCCC(CN3CCC(C)CC3)C2)N=N1	Z3026367268	yes
C#CCCC1(CCC(=O)Nc2ccc(N3CCCC3)c(Cl)c2)N=N1	Z3026367269	yes
C#CCCC1(CCC(=O)N2CCN(C(C)C(=O)NC3CC3)CC2)N=N1	Z3026367270	yes
C#CCCC1(CCC(=O)N2CCC(CN3CCN(C)CC3)CC2)N=N1	Z3026367271	yes
C#CCCC1(CCC(=O)NC2CCN(C3CCN(C)CC3)CC2)N=N1	Z3026367272	yes
C#CCCC1(CCC(=O)N2CCCC2CN2CC(C)OC(C)C2)N=N1	Z3026367273	yes
C#CCCC1(CCC(=O)NCC(c2ccc(Cl)cc2)N(C)C)N=N1	Z3026367274	yes
C#CCCC1(CCC(=O)NC2CCN(c3ccc(C#N)cn3)CC2)N=N1	Z3026367277	yes
C#CCCC1(CCC(=O)Nc2ccc(N(C)C)c(C(F)(F)F)c2)N=N1	Z3026367279	yes
C#CCCC1(CCC(=O)Nc2cccc3c2CN(CCC(C)C)C3)N=N1	Z3026367281	yes
C#CCCC1(CCC(=O)NCc2ccc(CN3CCCCC3)cc2)N=N1	Z3026367282	yes
C#CCCC1(CCC(=O)Nc2ccc(CN3CCCCC3C)cc2)N=N1	Z3026367283	yes
C#CCCC1(CCC(=O)NC2CCN(CCc3ccccc3)CC2)N=N1	Z3026367285	yes
C#CCCC1(CCC(=O)NCc2ccc(N3CCC(C)CC3)cc2)N=N1	Z3026367287	yes
C#CCCC1(CCC(=O)NCC(c2ccc(C)cc2)N2CCCC2)N=N1	Z3026367289	yes
C#CCCC1(CCC(=O)Nc2ccc(N3CCCN(C)CC3)cc2)N=N1	Z3026367291	yes
C#CCCC1(CCC(=O)Nc2ccc(CN3CCN(C)CC3)cc2)N=N1	Z3026367292	yes
C#CCCC1(CCC(=O)NCc2ccnc(N3CCCCCC3)c2)N=N1	Z3026367293	yes
C#CCCC1(CCC(=O)NCCN2CCN(c3ccccc3)CC2)N=N1	Z3026367294	yes
C#CCCC1(CCC(=O)NCC(c2ccccc2)N2CCOCC2)N=N1	Z3026367295	yes
C#CCCC1(CCC(=O)NCc2ccc(CN3CCOCC3)cc2)N=N1	Z3026367297	yes
C#CCCC1(CCC(=O)Nc2ccc(C(C)N3CCOCC3)cc2)N=N1	Z3026367298	yes
C#CCCC1(CCC(=O)N(C)CC2CN(CC)c3ccccc3O2)N=N1	Z3026367300	yes
C#CCCC1(CCC(=O)N(C)Cc2ccccc2N2CCOCC2)N=N1	Z3026367301	yes
C#CCCC1(CCC(=O)NC(C)c2ccc(N3CCOCC3)cc2)N=N1	Z3026367304	yes
C#CCCC1(CCC(=O)NCC2CCN(c3cccc(OC)c3)C2)N=N1	Z3026367305	yes
C#CCCC1(CCC(=O)NCC2CCN(c3ccccc3OC)C2)N=N1	Z3026367307	yes
C#CCCC1(CCC(=O)N2CCCN(c3ccc(OC)cc3)CC2)N=N1	Z3026367308	yes
C#CCCC1(CCC(=O)NCc2ccnc(N3CCN(C)CC3)c2)N=N1	Z3026367309	yes
C#CCCC1(CCC(=O)NCCN2CCN(c3ncccn3)CC2)N=N1	Z3026367311	yes
C#CCCC1(CCC(=O)N2CCN(CCn3c(C)ccc3C)CC2)N=N1	Z3026367312	yes
C#CCCC1(CCC(=O)NC2CCN(Cc3ccc(F)cc3)CC2)N=N1	Z3026367314	yes
C#CCCC1(CCC(=O)NCC(c2ccc(C)o2)N2CCOCC2)N=N1	Z3026367316	yes
C#CCCC1(CCC(=O)NCC2CCN(c3ccc(Cl)cc3)C2)N=N1	Z3026367317	yes
C#CCCC1(CCC(=O)Nc2ccc(N3CCCCC3)c(Cl)c2)N=N1	Z3026367319	yes
C#CCCC1(CCC(=O)N2CCC(C(=O)N3CCN(C)CC3)CC2)N=N1	Z3026367320	yes
C#CCCC1(CCC(=O)N2CCN(CCN3C(C)CCC3C)CC2)N=N1	Z3026367321	yes
C#CCCC1(CCC(=O)Nc2cccc(Cl)c2N2CCOCC2)N=N1	Z3026367322	yes
C#CCCC1(CCC(=O)N2CCN(C(=O)CN3CCOCC3)CC2)N=N1	Z3026367325	yes
C#CCCC1(CCC(=O)N2CCCN(Cc3ccc(C#N)cc3)CC2)N=N1	Z3026367327	yes
C#CCCC1(CCC(=O)NCc2ccc(CN3CCCC(C)C3)cc2)N=N1	Z3026367330	yes
C#CCCC1(CCC(=O)NCC2CCN(Cc3ccc(C)cc3)CC2)N=N1	Z3026367331	yes
C#CCCC1(CCC(=O)NCc2cccc(CN3CCC(C)CC3)c2)N=N1	Z3026367334	yes
C#CCCC1(CCC(=O)NCC(c2ccccc2)N2CCC(C)CC2)N=N1	Z3026367335	yes
C#CCCC1(CCC(=O)NCc2ccccc2CN2CCCCCC2)N=N1	Z3026367336	yes
C#CCCC1(CCC(=O)Nc2ccc(N3CCN(C(C)=O)CC3)cc2)N=N1	Z3026367338	yes
C#CCCC1(CCC(=O)Nc2ccc(C(=O)N3CCN(C)CC3)cc2)N=N1	Z3026367339	yes
C#CCCC1(CCC(=O)Nc2ccc(C(N)=O)c(N3CCCCC3)c2)N=N1	Z3026367340	yes
C#CCCC1(CCC(=O)NCc2ccc(CN3CCN(C)CC3)cc2)N=N1	Z3026367342	yes
C#CCCC1(CCC(=O)NCC(C)N2CCN(c3ccccc3)CC2)N=N1	Z3026367343	yes
C#CCCC1(CCC(=O)N2CCCN(Cc3ccc(OC)cc3)CC2)N=N1	Z3026367344	yes
C#CCCC1(CCC(=O)NCC(c2cccc(C)c2)N2CCOCC2)N=N1	Z3026367345	yes
C#CCCC1(CCC(=O)NC2CCN(Cc3cccc(OC)c3)CC2)N=N1	Z3026367346	yes
C#CCCC1(CCC(=O)NCC(c2ccc(C)cc2)N2CCOCC2)N=N1	Z3026367347	yes
C#CCCC1(CCC(=O)N2CCN(c3cc(C)nc(C(C)C)n3)CC2)N=N1	Z3026367348	yes
C#CCCC1(CCC(=O)NCc2ccc(N3CC(C)OC(C)C3)nc2)N=N1	Z3026367349	yes
C#CCCC1(CCC(=O)N2CCN(c3ccc(C(C)=O)cc3F)CC2)N=N1	Z3026367350	yes
C#CCCC1(CCC(=O)N2CCN(c3cc(OC)cc(OC)c3)CC2)N=N1	Z3026367351	yes
C#CCCC1(CCC(=O)NCCN2CCN(c3ccc(F)cc3)CC2)N=N1	Z3026367352	yes
C#CCCC1(CCC(=O)NCC(c2ccc(F)cc2)N2CCOCC2)N=N1	Z3026367354	yes
C#CCCC1(CCC(=O)NCC(c2ccccc2Cl)N2CCCC2)N=N1	Z3026367357	yes
C#CCCC1(CCC(=O)Nc2ccc(N3CCN(C)CC3)c(Cl)c2)N=N1	Z3026367358	yes
C#CCCC1(CCC(=O)N2CCN(Cc3ccc(F)cc3Cl)CC2)N=N1	Z3026367360	yes
C#CCCC1(CCC(=O)NC2(C(=O)OCC)CCc3ccccc32)N=N1	Z3033499370	yes
C#CCCC1(CCC(=O)N2Cc3ccccc3C(C(=O)OC(C)(C)C)C2)N=N1	Z3033500374	yes
C#CCCC1(CCC(=O)N2Cc3ccccc3C(C(=O)OC)C2)N=N1	Z3033500552	yes
C#CCCC1(CCC(=O)N2C3CCC2CN(C)CC3)N=N1	Z3033500615	yes
C#CCCC1(CCC(=O)N2CCOc3ccccc3C2C(=O)OC)N=N1	Z3033500636	yes
C#CCCC1(CCC(=O)Nc2ccc(N3CCCC3)cc2C)N=N1	Z3033536456	yes
C#CCCC1(CCC(=O)NCC2CCCN(CC)C2)N=N1	Z3033536460	yes
C#CCCC1(CCC(=O)Nc2cccc(Cl)c2N(C)C)N=N1	Z3033538072	yes
C#CCCC1(CCC(=O)N2CCN(CCF)CC2)N=N1	Z3033538078	yes
C#CCCC1(CCC(=O)N(CCOC)CC(=O)O)N=N1	Z3038748602	yes
C#CCCC1(CCC(=O)Nc2ccccc2CC(=O)O)N=N1	Z3038748605	yes
C#CCCC1(CCC(=O)N2CCCC2C(=O)O)N=N1	Z3038748608	yes
C#CCCC1(CCC(=O)NC(CC(=O)O)c2ccccc2)N=N1	Z3038748609	yes
C#CCCC1(CCC(=O)Nc2ccc(C(=O)O)c(C)c2)N=N1	Z3038748613	yes
C#CCCC1(CCC(=O)N2CCCCC2C(=O)O)N=N1	Z3038748617	yes
C#CCCC1(CCC(=O)N2C(C(=O)O)CC3CCCCC32)N=N1	Z3038748619	yes
C#CCCC1(CCC(=O)NC2CC(N(CC(=O)O)CC3CC3)C2)N=N1	Z3038748620	yes
C#CCCC1(CCC(=O)NC2CC(N(CC)CC(=O)O)C2)N=N1	Z3038748621	yes
C#CCCC1(CCC(=O)N2CCC(N(CC)CC(=O)O)CC2)N=N1	Z3038748623	yes
C#CCCC1(CCC(=O)N2CCC(C)(NCC(=O)O)C2)N=N1	Z3038748624	yes
C#CCCC1(CCC(=O)N2CCCC(N(C)CC(=O)O)CC2)N=N1	Z3038748625	yes
C#CCCC1(CCC(=O)N2CCCC(N(CC(=O)O)C(C)=O)CC2)N=N1	Z3038748626	yes
C#CCCC1(CCC(=O)N2CCOC(CN(C)CC(=O)O)C2)N=N1	Z3038748627	yes
C#CCCC1(CCC(=O)N2CCOC(CN(CC(=O)O)C(C)=O)C2)N=N1	Z3038748628	yes
C#CCCC1(CCC(=O)N(CC(=O)O)C2CCN(C(=O)NCC)CC2)N=N1	Z3038748630	yes
C#CCCC1(CCC(=O)N2CCC(c3ccccc3C(=O)O)CC2)N=N1	Z3038748632	yes
C#CCCC1(CCC(=O)NC2CCN(C(C(=O)O)C(C)C)C2=O)N=N1	Z3038748633	yes
C#CCCC1(CCC(=O)N2CCCC(CC(=O)O)CC2)N=N1	Z3038748634	yes
C#CCCC1(CCC(=O)N2CCC(C)(C(=O)O)C2)N=N1	Z3038748637	yes
C#CCCC1(CCC(=O)N2CCOCC2C(=O)O)N=N1	Z3038748638	yes
C#CCCC1(CCC(=O)N(CC(=O)O)C2CCOCC2)N=N1	Z3038748639	yes
C#CCCC1(CCC(=O)N(CCC(=O)O)C2CCOCC2)N=N1	Z3038748642	yes
C#CCCC1(CCC(=O)N2Cc3nnc(C)n3CC2C(=O)O)N=N1	Z3038748644	yes
C#CCCC1(CCC(=O)N2C(C)CCC(C(=O)O)C2C)N=N1	Z3038748646	yes
C#CCCC1(CCC(=O)N(C2CC2)C(C)C(=O)O)N=N1	Z3038748647	yes
C#CCCC1(CCC(=O)N2CC(C(=O)O)CCC2C)N=N1	Z3038748649	yes
C#CCCC1(CCC(=O)N2CCCC(C(=O)O)C2C)N=N1	Z3038748650	yes
C#CCCC1(CCC(=O)N2Cc3nncn3CC2C(=O)O)N=N1	Z3038748653	yes
C#CCCC1(CCC(=O)N2Cc3n[nH]c(=O)n3CC2C(=O)O)N=N1	Z3038748654	yes
C#CCCC1(CCC(=O)N2CC(C(=O)O)C(c3ccccc3)C2)N=N1	Z3038748658	yes
C#CCCC1(CCC(=O)NCC2(C(=O)O)CCOCC2)N=N1	Z3038748660	yes
C#CCCC1(CCC(=O)Nc2cccc(C(=O)O)c2)N=N1	Z3038748662	yes
C#CCCC1(CCC(=O)N2C(C)CCC2C(=O)O)N=N1	Z3038748664	yes
C#CCCC1(CCC(=O)N2CCCCC2CC(=O)O)N=N1	Z3038748665	yes
C#CCCC1(CCC(=O)N2CC(C(=O)O)C(C(F)F)C2)N=N1	Z3038748669	yes
C#CCCC1(CCC(=O)N(CC(=O)O)CC2CC2)N=N1	Z3038748670	yes
C#CCCC1(CCC(=O)NC(C)C2CC(C(=O)O)C2(C)C)N=N1	Z3038748674	yes
C#CCCC1(CCC(=O)N(CC(=O)O)C2CCC2)N=N1	Z3038748675	yes
C#CCCC1(CCC(=O)N2CCC(C(=O)O)C(NC(=O)C(F)(F)F)C2)N=N1	Z3038748680	yes
C#CCCC1(CCC(=O)Nc2cnn(C(C)(C)C(=O)O)c2)N=N1	Z3038748681	yes
C#CCCC1(CCC(=O)N2CC3COCC3(C(=O)O)C2)N=N1	Z3038748683	yes
C#CCCC1(CCC(=O)N2CCCC(O)(C(=O)O)C2)N=N1	Z3038748687	yes
C#CCCC1(CCC(=O)N2CCc3ccccc3C2C(=O)O)N=N1	Z3038748691	yes
C#CCCC1(CCC(=O)N2CCSC(C(=O)O)C2)N=N1	Z3038748692	yes
C#CCCC1(CCC(=O)NCC(C(=O)O)C2CCC2)N=N1	Z3038748693	yes
C#CCCC1(CCC(=O)N2C[C@@H](O)C[C@H]2C(=O)O)N=N1	Z3038748696	yes
C#CCCC1(CCC(=O)NCC(C(=O)O)C2CCOCC2)N=N1	Z3038748698	yes
C#CCCC1(CCC(=O)NCCOCC(=O)O)N=N1	Z3038748699	yes
C#CCCC1(CCC(=O)NC2CCCCN(CC(=O)O)C2=O)N=N1	Z3038748703	yes
C#CCCC1(CCC(=O)N2CC(C(=O)O)CC(c3cnn(C)c3)C2)N=N1	Z3038748705	yes
C#CCCC1(CCC(=O)N[C@@H]2CC(C(=O)O)C[C@@H]2n2cc(C(C)(C)C)nn2)N=N1	Z3038748707	yes
C#CCCC1(CCC(=O)NC2CC(C(=O)O)C2)N=N1	Z3038748709	yes
C#CCCC1(CCC(=O)Nc2cc(C(=O)O)[nH]n2)N=N1	Z3038748711	yes
C#CCCC1(CCC(=O)N2CC(C(=O)O)C3(CC(C(=O)OC)C3)C2)N=N1	Z3038748713	yes
C#CCCC1(CCC(=O)N2C(C)CCC(C(=O)O)C2C)N=N1	Z3038748717	yes
C#CCCC1(CCC(=O)NC2CC(C(=O)O)CC2n2cc(C3CC3)nn2)N=N1	Z3038748718	yes
C#CCCC1(CCC(=O)N2CC(CCC(=O)O)Cc3ccccc32)N=N1	Z3038748719	yes
C#CCCC1(CCC(=O)NC(C(=O)O)c2ccc(F)cc2)N=N1	Z3038748720	yes
C#CCCC1(CCC(=O)N2CC(C(=O)NC)CCC2C(=O)O)N=N1	Z3038748721	yes
C#CCCC1(CCC(=O)NC2CC(C(=O)O)CC2n2ccnn2)N=N1	Z3038748722	yes
C#CCCC1(CCC(=O)NC2(C(=O)O)CCCCC2)N=N1	Z3038748725	yes
C#CCCC1(CCC(=O)NC2CCCC2C(=O)O)N=N1	Z3038748726	yes
C#CCCC1(CCC(=O)NC2CCCC2C(=O)O)N=N1	Z3038748727	yes
C#CCCC1(CCC(=O)N2CCCC(COC)(C(=O)O)C2)N=N1	Z3038748729	yes
C#CCCC1(CCC(=O)N2CC3c4ccccc4OCC3(C(=O)O)C2)N=N1	Z3038748730	yes
C#CCCC1(CCC(=O)NC(C(=O)O)C2CC2)N=N1	Z3038756320	yes
C#CCCC1(CCC(=O)Nc2ccn(CC(=O)O)n2)N=N1	Z3038756326	yes
C#CCCC1(CCC(=O)NC2(C(=O)O)CCC(CC)CC2)N=N1	Z3038756328	yes
C#CCCC1(CCC(=O)N2CCCC2CC(=O)O)N=N1	Z3038756335	yes
C#CCCC1(CCC(=O)N2CCC(C(=O)O)(c3ccccc3)CC2)N=N1	Z3038756343	yes
C#CCCC1(CCC(=O)Nc2cc(C(=O)O)ccc2OC(C)C)N=N1	Z3038756347	yes
C#CCCC1(CCC(=O)Nc2ccccc2-n2ccc(C(=O)O)n2)N=N1	Z3038756350	yes
C#CCCC1(CCC(=O)N2CCC(n3cccc3C(=O)O)CC2)N=N1	Z3038756361	yes
C#CCCC1(CCC(=O)NCc2c(C(=O)O)oc3ccccc23)N=N1	Z3038756362	yes
C#CCCC1(CCC(=O)Nc2cccc(C(=O)N3CCCCC3C(=O)O)c2)N=N1	Z3038756364	yes
C#CCCC1(CCC(=O)N2CCC(O)(C(=O)O)CC2)N=N1	Z3038756368	yes
C#CCCC1(CCC(=O)N2CCC(F)(C(=O)O)C2)N=N1	Z3038756370	yes
C#CCCC1(CCC(=O)NC2(C(=O)O)CCC2)N=N1	Z3038756372	yes
C#CCCC1(CCC(=O)N2CCCC[C@@H]2C(=O)O)N=N1	Z3038756382	yes
C#CCCC1(CCC(=O)N(C)C2(C(=O)O)CCCCC2)N=N1	Z3038756387	yes
C#CCCC1(CCC(=O)NCC2(C(=O)O)CCCCC2)N=N1	Z3038756390	yes
C#CCCC1(CCC(=O)N2CCC(OCC(=O)O)CC2)N=N1	Z3038756393	yes
C#CCCC1(CCC(=O)N2C[C@H]3COCC[C@@]3(C(=O)O)C2)N=N1	Z3038756394	yes
C#CCCC1(CCC(=O)Nc2ccc3oc(C(=O)O)cc3c2)N=N1	Z3038756396	yes
C#CCCC1(CCC(=O)N2CCC(Cc3occc3C(=O)O)CC2)N=N1	Z3038756397	yes
C#CCCC1(CCC(=O)NCc2cn(CC(=O)O)nn2)N=N1	Z3038756400	yes
C#CCCC1(CCC(=O)NC2(C(=O)O)CC(OCC)C2(C)C)N=N1	Z3038756401	yes
C#CCCC1(CCC(=O)N2CCC[C@@H]2C(=O)O)N=N1	Z3038756405	yes
C#CCCC1(CCC(=O)Nc2cccc(-n3ncc(C(=O)O)c3C)c2)N=N1	Z3038756409	yes
C#CCCC1(CCC(=O)NC2(CC(=O)O)CCCOC2)N=N1	Z3038756415	yes
C#CCCC1(CCC(=O)N2CCC(C(=O)O)(C(C)C)C2)N=N1	Z3038756416	yes
C#CCCC1(CCC(=O)N2CCC(C(=O)O)C2C)N=N1	Z3038756422	yes
C#CCCC1(CCC(=O)N2CCC(n3ncc(C(=O)O)c3C)CC2)N=N1	Z3038756425	yes
C#CCCC1(CCC(=O)Nc2ccc(N3CCCCC3)c(C(=O)O)c2)N=N1	Z3038756428	yes
C#CCCC1(CCC(=O)N2CC(C(=O)O)C(c3ccc(F)cc3F)C2)N=N1	Z3038756429	yes
C#CCCC1(CCC(=O)N2CCC(C(=O)O)(c3ccccc3)C2)N=N1	Z3038756431	yes
C#CCCC1(CCC(=O)NCc2nc(C(=O)O)co2)N=N1	Z3038756435	yes
C#CCCC1(CCC(=O)NC2(CC(=O)O)CC2)N=N1	Z3038756437	yes
C#CCCC1(CCC(=O)NC(C)(C)c2cc(C(=O)O)on2)N=N1	Z3038756439	yes
C#CCCC1(CCC(=O)N2CC3(COC3)C(F)(C(=O)O)C2)N=N1	Z3038756440	yes
C#CCCC1(CCC(=O)N2CC3(CCC3)C(F)(C(=O)O)C2)N=N1	Z3038756441	yes
C#CCCC1(CCC(=O)NCc2ccoc2C(=O)O)N=N1	Z3038756445	yes
C#CCCC1(CCC(=O)Nc2ccn(C(C)(C)C(=O)O)n2)N=N1	Z3038756446	yes
C#CCCC1(CCC(=O)N2CCC(OC)CC2C(=O)O)N=N1	Z3038756448	yes
C#CCCC1(CCC(=O)N2CC3(CCCC3)C2C(=O)O)N=N1	Z3038756456	yes
C#CCCC1(CCC(=O)NC(C(=O)O)C2CCOCC2)N=N1	Z3038756458	yes
C#CCCC1(CCC(=O)N2CC(C3CCCCC3)CC2C(=O)O)N=N1	Z3038756464	yes
C#CCCC1(CCC(=O)NC(C(=O)O)C2CCCCC2)N=N1	Z3038756466	yes
C#CCCC1(CCC(=O)N2CCC(n3cc(C(=O)O)nn3)C2)N=N1	Z3038756468	yes
C#CCCC1(CCC(=O)N2CC(C(=O)O)C3(CCC3)C2)N=N1	Z3038756470	yes
C#CCCC1(CCC(=O)N2CC(C(F)C(=O)O)C2)N=N1	Z3038756473	yes
C#CCCC1(CCC(=O)N2CCN(C(C)CC(=O)O)CC2)N=N1	Z3038756475	yes
C#CCCC1(CCC(=O)NC2CC=C(C(=O)O)C2)N=N1	Z3038756478	yes
C#CCCC1(CCC(=O)N2CC(C)C(C)(C(=O)O)C2)N=N1	Z3038756486	yes
C#CCCC1(CCC(=O)N2CC(OC)CC2(C)C(=O)O)N=N1	Z3038756487	yes
C#CCCC1(CCC(=O)Nc2ccc(C3CC3C(=O)O)cc2)N=N1	Z3038756495	yes
C#CCCC1(CCC(=O)NCc2cc(C)c(C(=O)O)o2)N=N1	Z3038756497	yes
C#CCCC1(CCC(=O)Nc2c(C)nn(CCC(=O)O)c2C)N=N1	Z3038756498	yes
C#CCCC1(CCC(=O)N2CCOC(C)(C(=O)O)C2)N=N1	Z3038756502	yes
C#CCCC1(CCC(=O)N2c3ccccc3CC2CC(=O)O)N=N1	Z3038756507	yes
C#CCCC1(CCC(=O)N2CC(C(=O)O)C3(CC3)C2)N=N1	Z3038756510	yes
C#CCCC1(CCC(=O)Nc2ccc(Oc3ccnc(C(=O)O)c3)cc2)N=N1	Z3038756522	yes
C#CCCC1(CCC(=O)N2CCC(C(F)C(=O)O)C2)N=N1	Z3038756523	yes
C#CCCC1(CCC(=O)NC(C)(C)c2nocc2C(=O)O)N=N1	Z3038756524	yes
C#CCCC1(CCC(=O)Nc2cc(C(=O)O)cnc2C)N=N1	Z3038756529	yes
C#CCCC1(CCC(=O)NC2CC(CC(=O)O)C2)N=N1	Z3038756531	yes
C#CCCC1(CCC(=O)N2CCC3C(C2)C3C(=O)O)N=N1	Z3038756532	yes
C#CCCC1(CCC(=O)N2CCC(C(=O)O)(C(F)(F)F)CC2)N=N1	Z3038756536	yes
C#CCCC1(CCC(=O)Nc2ccc3cnn(CC(=O)O)c3c2)N=N1	Z3038756538	yes
C#CCCC1(CCC(=O)Nc2ccc(N3CCOCC3)cc2C(=O)O)N=N1	Z3038756541	yes
C#CCCC1(CCC(=O)N2CCN(C(C(=O)O)c3ccc(Cl)cc3)CC2)N=N1	Z3038756543	yes
C#CCCC1(CCC(=O)N2CCCN(c3ccc(C(=O)O)cn3)CC2)N=N1	Z3038756544	yes
C#CCCC1(CCC(=O)Nc2ccc(N3CCN(CC(=O)O)CC3)cc2)N=N1	Z3038756547	yes
C#CCCC1(CCC(=O)Nc2cc(C(=O)O)c3cc[nH]c3c2)N=N1	Z3038756550	yes
C#CCCC1(CCC(=O)N2CCC[C@H]2C(=O)O)N=N1	Z3038756551	yes
C#CCCC1(CCC(=O)N2CCC(Nc3cccc(C(=O)O)c3)CC2)N=N1	Z3038756557	yes
C#CCCC1(CCC(=O)NC(C)(CC(=O)O)c2ccccn2)N=N1	Z3038756558	yes
C#CCCC1(CCC(=O)NC(C)(CC(=O)O)c2ccncc2)N=N1	Z3038756560	yes
C#CCCC1(CCC(=O)N2CCCC(O)C2C(=O)O)N=N1	Z3038756561	yes
C#CCCC1(CCC(=O)NC(C(=O)O)c2ccn(C)n2)N=N1	Z3038756563	yes
C#CCCC1(CCC(=O)N2CCc3[nH]nc(C(=O)O)c3C2)N=N1	Z3038756564	yes
C#CCCC1(CCC(=O)NC2CCCn3nc(C(=O)O)cc32)N=N1	Z3038756572	yes
C#CCCC1(CCC(=O)Nc2ccc(C(=O)O)nc2C)N=N1	Z3038756573	yes
C#CCCC1(CCC(=O)NC(C)(Cn2cccn2)C(=O)O)N=N1	Z3038756575	yes
C#CCCC1(CCC(=O)NCC(CC2CCCC2)C(=O)O)N=N1	Z3038756576	yes
C#CCCC1(CCC(=O)N2Cc3cc(C(=O)O)nn3CC2C)N=N1	Z3038756583	yes
C#CCCC1(CCC(=O)NC2CCC3(CC2)CC3C(=O)O)N=N1	Z3038756584	yes
C#CCCC1(CCC(=O)NCC2(CC(=O)O)CCCC2)N=N1	Z3038756586	yes
C#CCCC1(CCC(=O)NCc2cc(C(=O)O)oc2C)N=N1	Z3038756587	yes
C#CCCC1(CCC(=O)NC(CC(=O)O)C2CCOCC2)N=N1	Z3038756589	yes
C#CCCC1(CCC(=O)N2CCC[C@]2(C)C(=O)O)N=N1	Z3038756590	yes
C#CCCC1(CCC(=O)N2CC(C(=O)O)C2)N=N1	Z3038756597	yes
C#CCCC1(CCC(=O)N2CC(C(=O)O)C3(CCOCC3)C2)N=N1	Z3038756599	yes
C#CCCC1(CCC(=O)N2CCC[C@@]2(C)C(=O)O)N=N1	Z3038756600	yes
C#CCCC1(CCC(=O)NC(CC(=O)O)c2ccccc2Cl)N=N1	Z3038756601	yes
C#CCCC1(CCC(=O)N2Cc3ccccc3CC2C(=O)O)N=N1	Z3038756604	yes
C#CCCC1(CCC(=O)NC(C(=O)O)c2cccnc2)N=N1	Z3038756607	yes
C#CCCC1(CCC(=O)N2CC(C(=O)O)CC(c3ccccc3)C2)N=N1	Z3038756612	yes
C#CCCC1(CCC(=O)N2CC3(CCOCC3)C3CCCC32)N=N1	Z3038761121	yes
C#CCCC1(CCC(=O)NC2CC2c2cncn2C)N=N1	Z3038761122	yes
C#CCCC1(CCC(=O)N2CCCC3OCCC32)N=N1	Z3038761123	yes
C#CCCC1(CCC(=O)NC2CCOC2c2ccncc2)N=N1	Z3038761124	yes
C#CCCC1(CCC(=O)NC2CCOC(c3cccnc3)C2)N=N1	Z3038761126	yes
C#CCCC1(CCC(=O)NC2c3ccccc3CC2F)N=N1	Z3038761127	yes
C#CCCC1(CCC(=O)N2CC(C)(C)OC3COCC32)N=N1	Z3038761128	yes
C#CCCC1(CCC(=O)NC2CCC2c2ccccc2)N=N1	Z3038761129	yes
C#CCCC1(CCC(=O)NC2CC(N3CCOCC3)C23CCC3)N=N1	Z3038761131	yes
C#CCCC1(CCC(=O)NC2CCC(=O)N(C)C2c2nccn2C)N=N1	Z3038761132	yes
C#CCCC1(CCC(=O)N2CC(C(N)=O)C(c3cnn(C)c3C)C2)N=N1	Z3038761133	yes
C#CCCC1(CCC(=O)NC2CCOC2c2nccn2C)N=N1	Z3038761134	yes
C#CCCC1(CCC(=O)NC2(c3noc(C(F)F)n3)CCC2)N=N1	Z3066853099	yes
C#CCCC1(CCC(=O)NCCc2cn3cccc(C)c3n2)N=N1	Z3066853109	yes
C#CCCC1(CCC(=O)NCCc2cnc3c(Cl)cnn3c2)N=N1	Z3066853116	yes
C#CCCC1(CCC(=O)NCCCn2ccc3ccccc32)N=N1	Z3066853231	yes
C#CCCC1(CCC(=O)Nc2cc3c(cc2OCC)CC(C)O3)N=N1	Z3066853291	yes
C#CCCC1(CCC(=O)NC(c2nc(C3CC3)no2)C(C)C)N=N1	Z3066853327	yes
C#CCCC1(CCC(=O)N(CC2Cc3ccccc3O2)C2CC2)N=N1	Z3066853348	yes
C#CCCC1(CCC(=O)N2CCN(C(C)c3cccnc3)CC2)N=N1	Z3066853369	yes
C#CCCC1(CCC(=O)NC2CCCc3nc(C)ncc32)N=N1	Z3066853373	yes
C#CCCC1(CCC(=O)N(CC2CCCO2)C2CCC(C)CC2)N=N1	Z3066853383	yes
C#CCCC1(CCC(=O)N(C)CC2CCn3ccnc3C2)N=N1	Z3066853533	yes
C#CCCC1(CCC(=O)NCC(c2ccnn2C)C(C)C)N=N1	Z3066853540	yes
C#CCCC1(CCC(=O)NCCC2Cc3ccccc3C2)N=N1	Z3066853552	yes
C#CCCC1(CCC(=O)NCC2(CO)CC3(CCC3)C2)N=N1	Z3066853571	yes
C#CCCC1(CCC(=O)NCc2c3c(nn2C)CCCC3)N=N1	Z3066853617	yes
C#CCCC1(CCC(=O)NCc2oc(CCC)nc2C)N=N1	Z3066853626	yes
C#CCCC1(CCC(=O)NC2(c3nnc4n3CCCC4)CCC2)N=N1	Z3066853643	yes
C#CCCC1(CCC(=O)NCc2cc(C(N)=O)c3n2CCCC3)N=N1	Z3066853686	yes
C#CCCC1(CCC(=O)N2C[C@@H](C(=O)O)[C@H](c3ccc(Cl)cc3)C2)N=N1	Z3069089134	yes
C#CCCC1(CCC(=O)N2CC(C)C(C(=O)O)C2)N=N1	Z3069089138	yes
C#CCCC1(CCC(=O)Nc2ccc(C(=O)O)cc2)N=N1	Z3069089142	yes
C#CCCC1(CCC(=O)NC(C)(C(=O)O)c2cc(F)ccc2F)N=N1	Z3069089145	yes
C#CCCC1(CCC(=O)NC(C(=O)O)c2cc(F)ccc2F)N=N1	Z3069089146	yes
C#CCCC1(CCC(=O)NC(C)(C(=O)O)c2ccccc2)N=N1	Z3069089147	yes
C#CCCC1(CCC(=O)Nc2cc3ccccc3cc2C(=O)O)N=N1	Z3069089148	yes
C#CCCC1(CCC(=O)Nc2cc(Cl)cc(C(=O)O)c2)N=N1	Z3069089157	yes
C#CCCC1(CCC(=O)Nc2ccc(C)c(C(=O)O)c2)N=N1	Z3069089159	yes
C#CCCC1(CCC(=O)Nc2ccc(C(=O)O)cc2C)N=N1	Z3069089160	yes
C#CCCC1(CCC(=O)NC(C(=O)O)c2ccc(Cl)cc2)N=N1	Z3069089163	yes
C#CCCC1(CCC(=O)NC(C(=O)O)c2ccc(Cl)c(F)c2)N=N1	Z3069089166	yes
C#CCCC1(CCC(=O)Nc2cc(C(=O)O)c(C)cc2C)N=N1	Z3069089170	yes
C#CCCC1(CCC(=O)NC(C(=O)O)c2ccc3ccccc3c2)N=N1	Z3069089172	yes
C#CCCC1(CCC(=O)Nc2ccc(C(=O)O)cc2OC)N=N1	Z3069089177	yes
C#CCCC1(CCC(=O)NC(C)(C(=O)O)c2ccc(Cl)c(Cl)c2)N=N1	Z3069089178	yes
C#CCCC1(CCC(=O)N2CC(C(=O)O)C(C3CC3)C2)N=N1	Z3069089185	yes
C#CCCC1(CCC(=O)Nc2ccc(Cl)c(C(=O)O)c2)N=N1	Z3069089186	yes
C#CCCC1(CCC(=O)N2CC(C(=O)O)CC(C(F)(F)F)C2)N=N1	Z3069089187	yes
C#CCCC1(CCC(=O)NC2CCOC2C(=O)O)N=N1	Z3069089188	yes
C#CCCC1(CCC(=O)NCC2CCCc3ccc(C(=O)O)cc32)N=N1	Z3069089189	yes
C#CCCC1(CCC(=O)N2CCC(C(=O)O)C(C)C2)N=N1	Z3069089191	yes
C#CCCC1(CCC(=O)Nc2cc(C(=O)O)ccc2C(C)C)N=N1	Z3069089194	yes
C#CCCC1(CCC(=O)N2CC3CCCCC3(C(=O)O)C2)N=N1	Z3069089196	yes
C#CCCC1(CCC(=O)N2CC(C)OC(C(=O)O)C2)N=N1	Z3069089197	yes
C#CCCC1(CCC(=O)N2CCC(C(=O)O)C3CCCC32)N=N1	Z3069089198	yes
C#CCCC1(CCC(=O)NC2CC3CC3(C(=O)O)C2)N=N1	Z3069089202	yes
C#CCCC1(CCC(=O)NC2CCCC(C(=O)O)C2)N=N1	Z3069089203	yes
C#CCCC1(CCC(=O)NC2CC(C(=O)O)C2(C)C)N=N1	Z3069089209	yes
C#CCCC1(CCC(=O)NCC2CC2C(=O)O)N=N1	Z3069089212	yes
C#CCCC1(CCC(=O)N2C[C@@H]3[C@H](C2)[C@H]3C(=O)O)N=N1	Z3069089214	yes
C#CCCC1(CCC(=O)N2CCC(C(=O)O)CC2C2CCCO2)N=N1	Z3069089222	yes
C#CCCC1(CCC(=O)NC2C=CCC(C(=O)O)C2)N=N1	Z3069089225	yes
C#CCCC1(CCC(=O)NC2CCC(CC(=O)O)C2)N=N1	Z3069089226	yes
C#CCCC1(CCC(=O)Nc2cccc(C(=O)O)c2OC)N=N1	Z3069089228	yes
C#CCCC1(CCC(=O)NC2CC3CC(C(=O)O)CC32)N=N1	Z3069089229	yes
C#CCCC1(CCC(=O)N2CCCC2c2ncc(C(=O)O)cn2)N=N1	Z3069089233	yes
C#CCCC1(CCC(=O)NC2CCCC2CC(=O)O)N=N1	Z3069089235	yes
C#CCCC1(CCC(=O)N2CC3(CC3)c3ccccc3C2C(=O)O)N=N1	Z3069089237	yes
C#CCCC1(CCC(=O)N2CC3CN(C)CCC3(C(=O)O)C2)N=N1	Z3069089238	yes
C#CCCC1(CCC(=O)Nc2cc(C(=O)O)cc(F)c2C)N=N1	Z3069089251	yes
C#CCCC1(CCC(=O)Nc2ccc(F)c(C(=O)O)c2C)N=N1	Z3069089276	yes
C#CCCC1(CCC(=O)NC2CCN(c3cc(C(=O)O)ccn3)CC2)N=N1	Z3069089291	yes
C#CCCC1(CCC(=O)N2CCCC2C(C)C(=O)O)N=N1	Z3069089295	yes
C#CCCC1(CCC(=O)N2[C@H](C(=O)O)C[C@@H]3CCCC[C@@H]32)N=N1	Z3069089296	yes
C#CCCC1(CCC(=O)NC2(C(=O)O)CCCC2(C)C)N=N1	Z3069089300	yes
C#CCCC1(CCC(=O)Nc2cc3c(cc2CC(=O)O)OCCO3)N=N1	Z3069089303	yes
C#CCCC1(CCC(=O)N2C(C)CCC3OC(C(=O)O)CC32)N=N1	Z3069089305	yes
C#CCCC1(CCC(=O)NCc2ccc(Cl)c(C(=O)O)n2)N=N1	Z3069089306	yes
C#CCCC1(CCC(=O)N2CCC(C)(C)C2C(=O)O)N=N1	Z3069089320	yes
C#CCCC1(CCC(=O)NC2CCC3(C(=O)O)CC23)N=N1	Z3069089321	yes
C#CCCC1(CCC(=O)NC(C)c2cc(C(=O)O)ccc2C)N=N1	Z3069089325	yes
C#CCCC1(CCC(=O)NC(C(=O)O)C2(C)CC2)N=N1	Z3069089332	yes
C#CCCC1(CCC(=O)NC2(C(=O)O)CCC(C)C2)N=N1	Z3069089333	yes
C#CCCC1(CCC(=O)N2CCC(n3ccc(C(=O)O)n3)CC2)N=N1	Z3069089334	yes
C#CCCC1(CCC(=O)Nc2cccc(C)c2C(=O)O)N=N1	Z3069089388	yes
C#CCCC1(CCC(=O)NCc2cc(C(=O)O)c3n2CCCC3)N=N1	Z3069089394	yes
C#CCCC1(CCC(=O)NC2(C(=O)O)CC2)N=N1	Z3069383592	yes
C#CCCC1(CCC(=O)N[C@]2(C(=O)O)CC[C@@H](C)CC2)N=N1	Z3069383593	yes
C#CCCC1(CCC(=O)N2CCc3[nH]c4c(C(=O)O)cccc4c3C2)N=N1	Z3069383598	yes
C#CCCC1(CCC(=O)N2CCCN(c3cc(C(=O)O)ccn3)CC2)N=N1	Z3069383599	yes
C#CCCC1(CCC(=O)Nc2cc(Cl)cc(C(=O)O)c2O)N=N1	Z3069383601	yes
C#CCCC1(CCC(=O)N2CCC(c3c[nH]c4ccc(C(=O)O)cc34)CC2)N=N1	Z3069383605	yes
C#CCCC1(CCC(=O)N2CCc3c(cccc3C(=O)O)C2)N=N1	Z3069383607	yes
C#CCCC1(CCC(=O)Nc2ccc3ncn(CC(=O)O)c(=O)c3c2)N=N1	Z3069383610	yes
C#CCCC1(CCC(=O)NC(C(=O)O)c2cccc3ccccc23)N=N1	Z3069383611	yes
C#CCCC1(CCC(=O)NCc2ccc(C(=O)O)cc2F)N=N1	Z3069383612	yes
C#CCCC1(CCC(=O)N2CCC(C(O)C(=O)O)CC2)N=N1	Z3069383617	yes
C#CCCC1(CCC(=O)NC(C(=O)O)c2ccc(F)c(F)c2)N=N1	Z3069383622	yes
C#CCCC1(CCC(=O)NC(C(=O)O)c2ccc(C)c(C)c2)N=N1	Z3069383623	yes
C#CCCC1(CCC(=O)N2CC(C(=O)O)C(c3ccc(O)cc3)C2)N=N1	Z3069383625	yes
C#CCCC1(CCC(=O)N2CC(C)OC(C(=O)O)C2)N=N1	Z3069383626	yes
C#CCCC1(CCC(=O)NCC2(C(=O)O)CC(O)C2)N=N1	Z3069383628	yes
C#CCCC1(CCC(=O)Nc2ccccc2C#Cc2ccc(C(=O)O)cc2)N=N1	Z3069383630	yes
C#CCCC1(CCC(=O)N2CCC3(CC(C(=O)O)=NO3)C2)N=N1	Z3069383631	yes
C#CCCC1(CCC(=O)N2CC(O)(C(=O)O)C2)N=N1	Z3069383632	yes
C#CCCC1(CCC(=O)NC2CC(O)CC2C(=O)O)N=N1	Z3069383636	yes
C#CCCC1(CCC(=O)NC2CC(C(=O)O)C3CC23)N=N1	Z3069383638	yes
C#CCCC1(CCC(=O)N2CCC(O)(C3(C(=O)O)CCC3)CC2)N=N1	Z3069383640	yes
C#CCCC1(CCC(=O)NCC2CC(C(=O)O)CC2O)N=N1	Z3069383641	yes
C#CCCC1(CCC(=O)NC(C(=O)O)C2CCC(O)C2)N=N1	Z3069383645	yes
C#CCCC1(CCC(=O)N2C3CCC2C(C(=O)O)C3)N=N1	Z3069383646	yes
C#CCCC1(CCC(=O)N2CCCCC2c2ccc(C(=O)O)n2C)N=N1	Z3069383649	yes
C#CCCC1(CCC(=O)N2CCCC(C34CCC(C3)C4C(=O)O)C2)N=N1	Z3069383650	yes
C#CCCC1(CCC(=O)NC2CCN(C(C(=O)O)c3ccccc3)C2=O)N=N1	Z3069419343	yes
C#CCCC1(CCC(=O)N(C)C2CCCc3nc(CC)sc32)N=N1	Z3337871986	yes
C#CCCC1(CCC(=O)NCCc2nnc3n2CCCCC3)N=N1	Z3337872004	yes
C#CCCC1(CCC(=O)NCCc2ccc(S(=O)(=O)N(CC)CC)s2)N=N1	Z3337872008	yes
C#CCCC1(CCC(=O)N2CCC(C(=O)Nc3cc(C)on3)CC2)N=N1	Z3337872037	yes
C#CCCC1(CCC(=O)NC2CCN(C(=O)NC3CCCCC3)CC2)N=N1	Z3337872038	yes
C#CCCC1(CCC(=O)N2CCN(S(=O)(=O)Cc3ccon3)CC2)N=N1	Z3337872054	yes
C#CCCC1(CCC(=O)N2CCC(C)C(n3ccnc3)C2)N=N1	Z3337872069	yes
C#CCCC1(CCC(=O)NCc2nc(C3CC3)cs2)N=N1	Z3337872073	yes
C#CCCC1(CCC(=O)N2CCCC(c3nc4c(s3)CCCC4)C2)N=N1	Z3337872075	yes
C#CCCC1(CCC(=O)N2CCCC2c2nc(-c3ccccc3)n[nH]2)N=N1	Z3337872079	yes
C#CCCC1(CCC(=O)N2CCC(n3ncc4ccccc43)C2)N=N1	Z3337872085	yes
C#CCCC1(CCC(=O)N2CCN(S(=O)(=O)c3nnc[nH]3)CC2)N=N1	Z3337872089	yes
C#CCCC1(CCC(=O)N2CCOCC2c2cccn2C)N=N1	Z3337872095	yes
C#CCCC1(CCC(=O)N2CCOC(c3nnc(C(C)C)o3)C2)N=N1	Z3337872110	yes
C#CCCC1(CCC(=O)N(CC2CC2)CC2CN(C)CCO2)N=N1	Z3337872115	yes
C#CCCC1(CCC(=O)NCC2(O)CCCC(C(F)(F)F)C2)N=N1	Z3337872119	yes
C#CCCC1(CCC(=O)NC2CCc3cnn(C(C)C)c3C2)N=N1	Z3337872124	yes
C#CCCC1(CCC(=O)NC(C)c2nc(-c3cc(C)ccn3)n[nH]2)N=N1	Z3337872139	yes
C#CCCC1(CCC(=O)N2C[C@@H]3C[C@H](C2)c2cccc(=O)n2C3)N=N1	Z3337872164	yes
C#CCCC1(CCC(=O)N2CCCC2c2cccc3c2OCCO3)N=N1	Z3337872200	yes
C#CCCC1(CCC(=O)NC2CCN(C3CCOC3)CC2)N=N1	Z3337872215	yes
C#CCCC1(CCC(=O)N2CCC3(C2)NC(=O)N(C(C)C)C3=O)N=N1	Z3337872217	yes
C#CCCC1(CCC(=O)N2CCC(Cc3ccncc3)C2)N=N1	Z3337872233	yes
C#CCCC1(CCC(=O)N2CCC(C)(CN3CCN(C)CC3)CC2)N=N1	Z3337872237	yes
C#CCCC1(CCC(=O)N2CCN(C3CCN(Cc4ccccc4)C3)CC2)N=N1	Z3337872242	yes
C#CCCC1(CCC(=O)NCc2cn(C3COCC3OC)nn2)N=N1	Z3337872245	yes
C#CCCC1(CCC(=O)NCC2CCC(C(=O)N(C)C)O2)N=N1	Z3337872271	yes
C#CCCC1(CCC(=O)NCc2coc3ccccc23)N=N1	Z3337872288	yes
C#CCCC1(CCC(=O)N2CCCNC(=O)C2CC(C)C)N=N1	Z3337872295	yes
C#CCCC1(CCC(=O)N2CC(C)C(C(=O)N3CCOCC3)C2)N=N1	Z3337872299	no
C#CCCC1(CCC(=O)NCc2cccc(N3CCOCC3)n2)N=N1	Z3337872304	yes
C#CCCC1(CCC(=O)N2CCOC(Cn3nc(C)nc3C)C2)N=N1	Z3337872334	yes
C#CCCC1(CCC(=O)NCc2coc(-c3ccccc3)n2)N=N1	Z3337872340	yes
C#CCCC1(CCC(=O)NCc2ccc(Cn3ccccc3=O)cc2)N=N1	Z3337872351	yes
C#CCCC1(CCC(=O)N2CCC(CS(C)(=O)=O)CC2)N=N1	Z3337872359	yes
C#CCCC1(CCC(=O)NCc2ncn(Cc3cccc(F)c3)n2)N=N1	Z3337872371	yes
C#CCCC1(CCC(=O)N2CCc3ncsc3C2)N=N1	Z3337872374	yes
C#CCCC1(CCC(=O)N2CCN(C(=O)Nc3ccc(C)c(Cl)c3)CC2)N=N1	Z3337872384	yes
C#CCCC1(CCC(=O)NC(c2nccn2C)c2nccn2C)N=N1	Z3337872387	yes
C#CCCC1(CCC(=O)NC(c2cnn(C)c2)C(F)(F)F)N=N1	Z3337872410	yes
C#CCCC1(CCC(=O)NCc2ccc(=O)[nH]n2)N=N1	Z3337872422	yes
C#CCCC1(CCC(=O)N2CCN(CCn3cccn3)CC2CC)N=N1	Z3337872428	yes
C#CCCC1(CCC(=O)NC2CCC(=O)NC2C(C)(C)C)N=N1	Z3337872434	no
C#CCCC1(CCC(=O)N[C@H]2C[C@H](c3ccc(OC)c(F)c3)C2)N=N1	Z3337872452	yes
C#CCCC1(CCC(=O)NCc2ncc(C(F)(F)F)cn2)N=N1	Z3337872460	yes
C#CCCC1(CCC(=O)N2CC(OCc3cccc4ccccc34)C2)N=N1	Z3337872465	yes
C#CCCC1(CCC(=O)NCC2CCCN(c3nccn4cnnc34)C2)N=N1	Z3337872496	yes
C#CCCC1(CCC(=O)NCC2(CC)COC2)N=N1	Z3337872498	yes
C#CCCC1(CCC(=O)N[C@@H](C)C(=O)Nc2cccnc2C)N=N1	Z3337872503	yes
C#CCCC1(CCC(=O)NCc2ccnc(N3CCN(C)CC3)n2)N=N1	Z3337872510	yes
C#CCCC1(CCC(=O)N2C3C=CCC2CC3)N=N1	Z3337872519	yes
C#CCCC1(CCC(=O)N(CCc2nccs2)C(C)C)N=N1	Z3337872523	yes
C#CCCC1(CCC(=O)N2CCN(c3ncnc4c3cnn4C)CC2)N=N1	Z3337872530	yes
C#CCCC1(CCC(=O)N2CCc3ncccc3C2)N=N1	Z3337872538	yes
C#CCCC1(CCC(=O)N2CCCCC2c2cncn2CC)N=N1	Z3337872553	yes
C#CCCC1(CCC(=O)NCc2cnc(N3CCOCC3)s2)N=N1	Z3337872559	yes
C#CCCC1(CCC(=O)NCc2nc(C(N)=O)co2)N=N1	Z3337872578	yes
C#CCCC1(CCC(=O)NC2CCC(=O)NC2c2cnn(CC)c2)N=N1	Z3337872598	no
C#CCCC1(CCC(=O)N(Cc2ccccc2)C2C=CS(=O)(=O)C2)N=N1	Z3337872621	yes
C#CCCC1(CCC(=O)N(CCC)Cc2nnc(-c3cccs3)o2)N=N1	Z3337872625	yes
C#CCCC1(CCC(=O)N(Cc2cccnc2)C2CCS(=O)(=O)C2)N=N1	Z3337872636	yes
C#CCCC1(CCC(=O)N2CCCC(c3nnc4ccc(C(F)(F)F)cn34)C2)N=N1	Z3337872644	yes
C#CCCC1(CCC(=O)N2CCN(Cc3cc(=O)n4ccsc4n3)CC2)N=N1	Z3337872646	yes
C#CCCC1(CCC(=O)N(C)CC(=O)Nc2cc(C)on2)N=N1	Z3337872653	yes
C#CCCC1(CCC(=O)N(C)Cc2c(C)nc3sc(C)cn23)N=N1	Z3337872659	yes
C#CCCC1(CCC(=O)NCc2ccccc2S(=O)(=O)N2CCOCC2)N=N1	Z3337872665	yes
C#CCCC1(CCC(=O)N(C)CC(=O)N2c3ccccc3NC(=O)CC2C)N=N1	Z3337872667	yes
C#CCCC1(CCC(=O)NCc2ccc(COCC(F)(F)F)cc2)N=N1	Z3337872677	yes
C#CCCC1(CCC(=O)N2CC3(CCCC3)c3cc4c(cc3C2C)OCCO4)N=N1	Z3337872684	yes
C#CCCC1(CCC(=O)N(C)C(C)c2ccc(-n3cnc4ccccc43)cc2)N=N1	Z3337872686	yes
C#CCCC1(CCC(=O)NCc2ccc(-n3nc(C)cc3C)nc2)N=N1	Z3337872714	yes
C#CCCC1(CCC(=O)NC(CC)c2ccccc2OCC(=O)N2CCCC2)N=N1	Z3337872726	yes
C#CCCC1(CCC(=O)NCCOC2CCCCC2C)N=N1	Z3337872730	yes
C#CCCC1(CCC(=O)NCc2ccc(NC(=O)CCN(C)Cc3ccccc3)cc2)N=N1	Z3337872736	yes
C#CCCC1(CCC(=O)N2CCCC2C(=O)Nc2nc3ccccc3s2)N=N1	Z3337872782	yes
C#CCCC1(CCC(=O)N2CCN(S(=O)(=O)N(C)C3CCCCC3)CC2)N=N1	Z3337872788	yes
C#CCCC1(CCC(=O)NC2CCCc3c2cnn3Cc2ccccc2)N=N1	Z3337872795	yes
C#CCCC1(CCC(=O)NCc2cccc(S(=O)(=O)NCc3cccc(F)c3)c2)N=N1	Z3337872797	yes
C#CCCC1(CCC(=O)NCCS(=O)(=O)N2CCc3ccccc32)N=N1	Z3337872799	yes
C#CCCC1(CCC(=O)NCCCN(Cc2cccnc2)S(C)(=O)=O)N=N1	Z3337872807	yes
C#CCCC1(CCC(=O)N2CCC(C(=O)NCCCN3CCOCC3)CC2)N=N1	Z3337872833	yes
C#CCCC1(CCC(=O)NCc2nn(-c3ccccc3)c3c2CCC3)N=N1	Z3337872840	yes
C#CCCC1(CCC(=O)N(C)Cc2cc(C)c(OCC(F)(F)F)c(C)c2)N=N1	Z3337872850	yes
C#CCCC1(CCC(=O)N(C)CC(O)COc2ccccc2C(F)(F)F)N=N1	Z3337872856	yes
C#CCCC1(CCC(=O)NCCn2nc3ccccn3c2=O)N=N1	Z3337872857	yes
C#CCCC1(CCC(=O)N2CCN(Cc3nnnn3-c3ccccc3)CC2)N=N1	Z3337872865	yes
C#CCCC1(CCC(=O)NCc2cccc(Cn3cnc4ccccc43)c2)N=N1	Z3337872888	yes
C#CCCC1(CCC(=O)NCC2(c3ccc4c(c3)OCO4)CCOCC2)N=N1	Z3337872897	yes
C#CCCC1(CCC(=O)NC2CC(=O)N(c3ccc(Oc4ccccc4)cc3)C2)N=N1	Z3337872907	yes
C#CCCC1(CCC(=O)N2C(C(=O)N(C)C3CCN(CC)CC3)CC3CCCCC32)N=N1	Z3337872928	yes
C#CCCC1(CCC(=O)NCc2csc(COc3ccccc3)n2)N=N1	Z3337872984	yes
C#CCCC1(CCC(=O)N2CC(=O)NC3CCCCC32)N=N1	Z3337872987	yes
C#CCCC1(CCC(=O)N2CCN(C(=O)CCOc3ccccc3)CC2)N=N1	Z3337872993	yes
C#CCCC1(CCC(=O)NCCNC(=O)c2[nH]nc3ccccc23)N=N1	Z3337872995	yes
C#CCCC1(CCC(=O)NCCCc2nc(C)no2)N=N1	Z3337873001	yes
C#CCCC1(CCC(=O)NC(Cn2cncn2)c2ccccc2)N=N1	Z3337873014	yes
C#CCCC1(CCC(=O)N2CCCCC2c2nc(-c3cccc(F)c3)c[nH]2)N=N1	Z3337873017	yes
C#CCCC1(CCC(=O)N2CCCN(C(=O)Oc3ccccc3)CC2)N=N1	Z3337873021	yes
C#CCCC1(CCC(=O)NCC(=O)N(C)Cc2cccnc2)N=N1	Z3337873035	yes
C#CCCC1(CCC(=O)N(C)Cc2cccc(NS(=O)(=O)c3ccccc3)c2)N=N1	Z3337873037	yes
C#CCCC1(CCC(=O)NC(C)C(=O)N2CCc3ccccc32)N=N1	Z3337873041	yes
C#CCCC1(CCC(=O)N2CCC(n3nnc4c3CCCC4)CC2)N=N1	Z3337873057	yes
C#CCCC1(CCC(=O)NCCC(O)(c2ccccc2)C(F)(F)F)N=N1	Z3337873065	yes
C#CCCC1(CCC(=O)N2CCCN(S(=O)(=O)c3cccc4cnccc34)CC2)N=N1	Z3337873078	yes
C#CCCC1(CCC(=O)Nc2nc(C(C)(C)C)ns2)N=N1	Z3337873085	yes
C#CCCC1(CCC(=O)N2CCCC(NS(=O)(=O)c3cccc(F)c3)C2)N=N1	Z3337873110	yes
C#CCCC1(CCC(=O)N(C)C2CCN(Cc3ncc(C)c(OC)c3C)CC2)N=N1	Z3337873115	yes
C#CCCC1(CCC(=O)NC2CCN(c3ncnc4nc[nH]c34)CC2)N=N1	Z3337873119	yes
C#CCCC1(CCC(=O)NC(c2cccnc2)c2cc3ccccc3o2)N=N1	Z3337873133	yes
C#CCCC1(CCC(=O)NCc2ccccc2CN2C(=O)NC3(CCCCC3)C2=O)N=N1	Z3337873139	yes
C#CCCC1(CCC(=O)NCC(c2ccc(C)s2)N2CCOCC2)N=N1	Z3337873162	yes
C#CCCC1(CCC(=O)NCCS(=O)(=O)Nc2ccccn2)N=N1	Z3337873182	yes
C#CCCC1(CCC(=O)N2CCCC(c3nc4ccccc4n3C(C)C)C2)N=N1	Z3337873185	yes
C#CCCC1(CCC(=O)NCCOc2cccc(NC(=O)c3ccc(OC)cc3)c2)N=N1	Z3337873197	yes
C#CCCC1(CCC(=O)NCCCC(=O)N2CCOc3ccccc32)N=N1	Z3337873204	yes
C#CCCC1(CCC(=O)N2CCC(NC(=O)CC3CCCCC3)CC2)N=N1	Z3337873206	yes
C#CCCC1(CCC(=O)NC2CCCN(C3CCCCC3)C2)N=N1	Z3337873207	yes
C#CCCC1(CCC(=O)N(Cc2nc(-c3ccc4c(c3)OCO4)c[nH]2)C(C)C)N=N1	Z3337873218	yes
C#CCCC1(CCC(=O)NC(C)c2nc(-c3cccnc3)cs2)N=N1	Z3337873230	yes
C#CCCC1(CCC(=O)NCCCN2CCS(=O)(=O)CC2)N=N1	Z3337873233	yes
C#CCCC1(CCC(=O)NC(c2noc(C)n2)c2ccccc2OC(F)(F)F)N=N1	Z3337873240	yes
C#CCCC1(CCC(=O)N(CC)Cc2ccc3ccccc3n2)N=N1	Z3337873242	yes
C#CCCC1(CCC(=O)NCc2c(C)nc3cc(=O)[nH]n3c2C)N=N1	Z3337873244	yes
C#CCCC1(CCC(=O)N(C)CCn2c(=O)oc3ccccc32)N=N1	Z3337873247	yes
C#CCCC1(CCC(=O)N2CCN(CC(=O)Nc3nncs3)CC2)N=N1	Z3337873254	yes
C#CCCC1(CCC(=O)N2CCN(CCS(=O)(=O)c3ccc(Br)cc3)CC2)N=N1	Z3337873282	yes
C#CCCC1(CCC(=O)NC2CCCN(c3cc(N4CCOCC4)ncn3)C2)N=N1	Z3337873301	yes
C#CCCC1(CCC(=O)NCCS(=O)(=O)C(C)(C)C)N=N1	Z3337873304	yes
C#CCCC1(CCC(=O)NC(CC2CCCCC2)c2ncccn2)N=N1	Z3337873309	yes
C#CCCC1(CCC(=O)N2Cc3ccc(S(=O)(=O)N(C)C)cc3C2)N=N1	Z3337873313	yes
C#CCCC1(CCC(=O)NCC(O)c2cc3ccccc3s2)N=N1	Z3337873336	yes
C#CCCC1(CCC(=O)N2Cc3cnn(C)c3C2)N=N1	Z3337873346	yes
C#CCCC1(CCC(=O)NC(c2ccnc(Cl)c2)C2CC2)N=N1	Z3337873371	yes
C#CCCC1(CCC(=O)N[C@H](C)c2cnccn2)N=N1	Z3337873374	yes
C#CCCC1(CCC(=O)N(C)C2CCS(=O)(=O)CC2)N=N1	Z3337873380	yes
C#CCCC1(CCC(=O)NC2CCCN(S(=O)(=O)N3CCOCC3)C2)N=N1	Z3337873422	yes
C#CCCC1(CCC(=O)NC2CCN(S(=O)(=O)c3cnn(C)c3)CC2)N=N1	Z3337873424	yes
C#CCCC1(CCC(=O)NC2CCN(Cc3nc4ccccc4[nH]3)CC2)N=N1	Z3337873425	yes
C#CCCC1(CCC(=O)NC(C)c2nnnn2C2CC2)N=N1	Z3337873484	yes
C#CCCC1(CCC(=O)N2CCC(c3c[nH]c4ccc(C(N)=O)cc34)CC2)N=N1	Z3337873537	yes
C#CCCC1(CCC(=O)N(Cc2nc(C)cs2)CC2CCCO2)N=N1	Z3337873540	yes
C#CCCC1(CCC(=O)NC(C)CCc2cccn2C)N=N1	Z3337873546	yes
C#CCCC1(CCC(=O)NC(C)c2ccc3c(c2)OC(CC)C(=O)N3)N=N1	Z3337873550	yes
C#CCCC1(CCC(=O)N2CC(=O)N(C)C2c2ccccc2)N=N1	Z3337873558	yes
C#CCCC1(CCC(=O)N2CC3CC4CC3C2C4OC)N=N1	Z3337873561	yes
C#CCCC1(CCC(=O)N2CCN3CCS(=O)(=O)CC3C2)N=N1	Z3337873566	yes
C#CCCC1(CCC(=O)NC2C3CC4CC2CC(OC)(C4)C3)N=N1	Z3337873576	yes
C#CCCC1(CCC(=O)NCC(=O)Nc2ccccn2)N=N1	Z3337873578	yes
C#CCCC1(CCC(=O)NCC2CCCc3sc(C)nc32)N=N1	Z3337873582	yes
C#CCCC1(CCC(=O)N(CCc2ccc(OC)c(OC)c2)Cc2ccsc2)N=N1	Z3337873609	yes
C#CCCC1(CCC(=O)NC2(C(=O)NCC(C)C)CCCC2)N=N1	Z3337873612	yes
C#CCCC1(CCC(=O)N(C)C(C)c2ccccc2N2CCCS2(=O)=O)N=N1	Z3337873620	yes
C#CCCC1(CCC(=O)NC(c2nc(-c3nnc[nH]3)no2)C(C)(C)C)N=N1	Z3337873634	yes
C#CCCC1(CCC(=O)NCC2(C(=O)Nc3ccc(C)c(C)c3)CCCC2)N=N1	Z3337873637	yes
C#CCCC1(CCC(=O)NCc2cccc(OC(C)(C)C)n2)N=N1	Z3337873652	yes
C#CCCC1(CCC(=O)N2CCC(CN3C(=O)CNC3=O)C2)N=N1	Z3337873657	yes
C#CCCC1(CCC(=O)NCc2ccc(C)cc2OCc2ccco2)N=N1	Z3337873660	yes
C#CCCC1(CCC(=O)NCc2cc(COC(C)(C)C)on2)N=N1	Z3337873664	yes
C#CCCC1(CCC(=O)NC(Cn2cnc3cc(C)c(C)cc32)C2CC2)N=N1	Z3337873669	yes
C#CCCC1(CCC(=O)N2CCCC(Cc3nnc4ccccn34)C2)N=N1	Z3337873672	yes
C#CCCC1(CCC(=O)N2CCc3nn(CC(=O)N4CCCC4)c(=O)cc3C2)N=N1	Z3337873695	yes
C#CCCC1(CCC(=O)N(Cc2ccccc2-c2ccccn2)C(C)C)N=N1	Z3337873701	yes
C#CCCC1(CCC(=O)N2CCC(Oc3cnc4ccccc4n3)CC2)N=N1	Z3337873704	yes
C#CCCC1(CCC(=O)N(C)Cc2nnnn2-c2cc(OC)cc(OC)c2)N=N1	Z3337873710	yes
C#CCCC1(CCC(=O)NCc2ccc3c(c2)nc(CC)n3C2CC2)N=N1	Z3337873712	yes
C#CCCC1(CCC(=O)NC2CC(=O)N(Cc3ccccc3C(F)(F)F)C2)N=N1	Z3337873747	yes
C#CCCC1(CCC(=O)NCCOc2ccc(S(=O)(=O)C(F)(F)F)cc2)N=N1	Z3337873774	yes
C#CCCC1(CCC(=O)N(CC)Cc2nccs2)N=N1	Z3337873786	yes
C#CCCC1(CCC(=O)NCC2CCCCN2C(=O)C(F)(F)F)N=N1	Z3337873790	yes
C#CCCC1(CCC(=O)N2CCN(C(C)C)c3ccccc3C2)N=N1	Z3337873793	yes
C#CCCC1(CCC(=O)N2CCC3(CC2)CCS(=O)(=O)CC3)N=N1	Z3337873795	yes
C#CCCC1(CCC(=O)NC(C)c2ccc(OC)c(Cn3cccn3)c2)N=N1	Z3337873803	yes
C#CCCC1(CCC(=O)NCCS(=O)(=O)c2cccs2)N=N1	Z3337873815	yes
C#CCCC1(CCC(=O)N(Cc2cccc(-c3cccnc3)c2)C2CC2)N=N1	Z3337873817	yes
C#CCCC1(CCC(=O)NC2CN(S(=O)(=O)c3ccc4c(c3)OCCO4)C2)N=N1	Z3337873818	yes
C#CCCC1(CCC(=O)NC(C(=O)N(C)Cc2nnc3n2CCC3)C(C)C)N=N1	Z3337873820	yes
C#CCCC1(CCC(=O)NC2(c3nc(-c4ccsc4)no3)CCCCC2)N=N1	Z3337873831	yes
C#CCCC1(CCC(=O)N2CCOC(COc3ccc(F)c(F)c3)C2)N=N1	Z3337873839	yes
C#CCCC1(CCC(=O)NC(c2cc(Cl)ccc2Cl)C2CCOC2)N=N1	Z3337873841	yes
C#CCCC1(CCC(=O)NC2(c3nc(C)cs3)CCOCC2)N=N1	Z3337873847	yes
C#CCCC1(CCC(=O)N2CCC[C@H]2C(=O)N2CCCC2C2CCCC2)N=N1	Z3337873853	yes
C#CCCC1(CCC(=O)N(CCOc2ccccc2)C2CCOCC2)N=N1	Z3337873864	yes
C#CCCC1(CCC(=O)N[C@@H](CC(C)C)C(=O)NCCN(C)C)N=N1	Z3337873874	yes
C#CCCC1(CCC(=O)NC2CCC3(CC2OCc2ccccc2)OCCO3)N=N1	Z3337873876	yes
C#CCCC1(CCC(=O)NC(CC)CS(=O)(=O)c2ccc(C)c(C)c2)N=N1	Z3337873895	yes
C#CCCC1(CCC(=O)N2CCCC(NC(=O)c3ccc(C(F)(F)F)cc3)C2)N=N1	Z3337873901	yes
C#CCCC1(CCC(=O)NC(CC)C(c2ccc(C)cc2)n2cncn2)N=N1	Z3337873903	yes
C#CCCC1(CCC(=O)N2CCC(c3noc(C4CC4)n3)CC2)N=N1	Z3337873907	yes
C#CCCC1(CCC(=O)N(CCc2ccccn2)Cc2cccnc2)N=N1	Z3337873924	yes
C#CCCC1(CCC(=O)NCC(O)c2ccc(-c3ccccc3)cc2)N=N1	Z3337873926	yes
C#CCCC1(CCC(=O)NCCCC(=O)NC(C)c2ccc(OCC)cc2)N=N1	Z3337873958	yes
C#CCCC1(CCC(=O)N(C)CCCc2nccn2CCC)N=N1	Z3337873982	yes
C#CCCC1(CCC(=O)N(C)C(C)C[S+](C)[O-])N=N1	Z3337873986	yes
C#CCCC1(CCC(=O)NCc2nc(COC)sc2-c2ccccc2)N=N1	Z3337873989	yes
C#CCCC1(CCC(=O)NCC(=O)Nc2ccc3c[nH]nc3c2)N=N1	Z3337873995	yes
C#CCCC1(CCC(=O)NC2C3C4CC5C6CC(C53)C2C64)N=N1	Z3337873997	yes
C#CCCC1(CCC(=O)N2CCN(C(=O)C(F)(F)F)C3(CCCCC3)C2)N=N1	Z3337874011	yes
C#CCCC1(CCC(=O)NCC2CC(c3ccc(OC)c(F)c3)=NO2)N=N1	Z3337874020	yes
C#CCCC1(CCC(=O)NC(c2nccn2C)C2CCOCC2)N=N1	Z3337874022	yes
C#CCCC1(CCC(=O)N2CCC(S(=O)(=O)NC(C)C)C2)N=N1	Z3337874025	yes
C#CCCC1(CCC(=O)NC2CCCC2Cc2ccccn2)N=N1	Z3337874031	yes
C#CCCC1(CCC(=O)N(C)Cc2ncnn2CC(F)F)N=N1	Z3337874033	yes
C#CCCC1(CCC(=O)NCc2nnc(-c3ccncc3F)s2)N=N1	Z3337874035	yes
C#CCCC1(CCC(=O)NCCCc2cc3c(OC)cc(OC)cc3[nH]2)N=N1	Z3337874044	yes
C#CCCC1(CCC(=O)N(Cc2nc(C3CCCCCC3)no2)C2CC2)N=N1	Z3337874066	yes
C#CCCC1(CCC(=O)N2CC3CCCCC32c2ccccc2)N=N1	Z3337874068	yes
C#CCCC1(CCC(=O)N(CCNC(C)=O)C(C)C(=O)OC(C)(C)C)N=N1	Z3337874073	yes
C#CCCC1(CCC(=O)NCC2CN(S(C)(=O)=O)C2)N=N1	Z3337874076	yes
C#CCCC1(CCC(=O)N2CCn3c(nn(CC(=O)N(C)C)c3=O)C2)N=N1	Z3337874079	yes
C#CCCC1(CCC(=O)NCc2oc(C(C)C)nc2C)N=N1	Z3337874097	yes
C#CCCC1(CCC(=O)N2CCCC2c2c(C)nn(CC(C)C)c2Cl)N=N1	Z3337874102	yes
C#CCCC1(CCC(=O)NCC2CCOCO2)N=N1	Z3337874107	yes
C#CCCC1(CCC(=O)NC(C)Cc2cc(C)nn2-c2ccccc2)N=N1	Z3337874111	yes
C#CCCC1(CCC(=O)NCc2nc(-c3cccc(C#N)c3)c[nH]2)N=N1	Z3337874113	yes
C#CCCC1(CCC(=O)NC(c2ccc(F)c(F)c2)C(C)(C)N2CCCC2)N=N1	Z3337874117	yes
C#CCCC1(CCC(=O)N2CCN(Cc3c(C)nc4n3CCCC4)CC2)N=N1	Z3337874136	yes
C#CCCC1(CCC(=O)NC(CO)C2CCCO2)N=N1	Z3337874147	yes
C#CCCC1(CCC(=O)NCC2(C)OCCc3sccc32)N=N1	Z3337874161	yes
C#CCCC1(CCC(=O)NCc2nnc3ccc(OC)nn23)N=N1	Z3337874163	yes
C#CCCC1(CCC(=O)NCC2(CS(C)(=O)=O)CCOCC2)N=N1	Z3337874171	yes
C#CCCC1(CCC(=O)N2CCCC(c3n[nH]cc3NC(=O)C3CCCC3)C2)N=N1	Z3337874210	yes
C#CCCC1(CCC(=O)N2CC(S(=O)(=O)NC3CCCC3)C2)N=N1	Z3337874220	yes
C#CCCC1(CCC(=O)NC(C(=O)N2CCCC(C)C2)c2cnn(C)c2)N=N1	Z3337874227	yes
C#CCCC1(CCC(=O)NC2CC(N3CCC(C(F)(F)F)CC3)C2)N=N1	Z3337874242	yes
C#CCCC1(CCC(=O)NC2CC(OCC)C23CCOCC3)N=N1	Z3337874258	yes
C#CCCC1(CCC(=O)NC2(C3CC3)CCOCC2)N=N1	Z3337874267	yes
C#CCCC1(CCC(=O)NC(C(C)C)C(O)c2cccc(C(F)(F)F)c2)N=N1	Z3337874287	yes
C#CCCC1(CCC(=O)NCC2CCn3ncc(C(N)=O)c3C2)N=N1	Z3337874331	yes
C#CCCC1(CCC(=O)N(C)Cc2cn3c(n2)CCCC3)N=N1	Z3337874336	yes
C#CCCC1(CCC(=O)NC2CC(OCC)C2n2cccn2)N=N1	Z3337874357	yes
C#CCCC1(CCC(=O)N2CC(S(=O)(=O)c3ccccc3F)C2)N=N1	Z3337874371	yes
C#CCCC1(CCC(=O)N[C@H]2CCCC[C@H]2n2cc(C(C)(C)O)nn2)N=N1	Z3337874382	yes
C#CCCC1(CCC(=O)N2CCCCC2c2nnc(C3CCOCC3)o2)N=N1	Z3337874396	yes
C#CCCC1(CCC(=O)N[C@H]2CC[C@@H](C(=O)N3CCCC3)C2)N=N1	Z3337874436	yes
C#CCCC1(CCC(=O)N2CC(c3ccccc3)C3COCCC32)N=N1	Z3337874468	yes
C#CCCC1(CCC(=O)NCC2CCC3(CCOCC3)C2O)N=N1	Z3337874475	yes
C#CCCC1(CCC(=O)N(Cc2ccncc2)C2CCCN(Cc3ccccc3)C2)N=N1	Z3337874501	yes
C#CCCC1(CCC(=O)N2CCN(C)C(c3nc(C4CC4)no3)C2)N=N1	Z3337874522	yes
C#CCCC1(CCC(=O)N2CCCC2C2COCCC2(C)O)N=N1	Z3337874531	yes
C#CCCC1(CCC(=O)NCC2c3ccccc3C(=O)N2Cc2ccccc2)N=N1	Z3337874585	yes
C#CCCC1(CCC(=O)N2CCCCC2C2CCCN(C(=O)C(F)(F)F)C2)N=N1	Z3337874590	yes
C#CCCC1(CCC(=O)NCC2(N3CCN(c4ccccc4)CC3)CCOCC2)N=N1	Z3337874621	yes
C#CCCC1(CCC(=O)NCC2CC(=O)N(C)C2c2nccn2C)N=N1	Z3337874644	no
C#CCCC1(CCC(=O)NC2CCOC2c2ccc(OC)nc2)N=N1	Z3337874652	yes
C#CCCC1(CCC(=O)NC(C(C)C)C2(CO)CC=CC2)N=N1	Z3337874680	yes
C#CCCC1(CCC(=O)N2CCCC(c3cc(N4CCN(C(=O)OC(C)(C)C)CC4)[nH]n3)C2)N=N1	Z3337874702	yes
C#CCCC1(CCC(=O)N2CCC(c3nccc(-c4ccc(F)cc4)n3)CC2)N=N1	Z3337874709	yes
C#CCCC1(CCC(=O)N2CC3CC2(c2nc(C)no2)C3)N=N1	Z3337874725	yes
C#CCCC1(CCC(=O)NCC2CCC(c3ccccc3)O2)N=N1	Z3358413607	yes
C#CCCC1(CCC(=O)NCC(c2cccnc2)N2CCCC2)N=N1	Z3397334298	yes
C#CCCC1(CCC(=O)NCCN2CCN(C)CC2c2ccccc2)N=N1	Z3397334300	yes
C#CCCC1(CCC(=O)Nc2cc[nH]c2C(=O)OCC)N=N1	Z3397334301	yes
C#CCCC1(CCC(=O)NCc2ccc(N3CCCN(C)CC3)nc2)N=N1	Z3397334307	yes
C#CCCC1(CCC(=O)NCc2nc(-c3ccncc3)no2)N=N1	Z3397334308	yes
C#CCCC1(CCC(=O)NCCCn2nc3n(c2=O)CCCC3)N=N1	Z3397334310	yes
C#CCCC1(CCC(=O)NCC(O)c2ccccc2C(F)(F)F)N=N1	Z3397334316	yes
C#CCCC1(CCC(=O)Nc2cccc(C(=O)Nc3cnccn3)c2)N=N1	Z3397334317	yes
C#CCCC1(CCC(=O)N2CCCN(c3ncccc3C(N)=O)CC2)N=N1	Z3397334320	yes
C#CCCC1(CCC(=O)Nc2c(C)nn(C)c2Oc2cccnc2)N=N1	Z3397334322	yes
C#CCCC1(CCC(=O)NCCc2nccn2C(F)F)N=N1	Z3397334323	yes
C#CCCC1(CCC(=O)NCc2ccccc2N2CCN(C)CC2)N=N1	Z3397334327	yes
C#CCCC1(CCC(=O)NCC2(N3CCC(OC)CC3)CCCC2)N=N1	Z3397334330	yes
C#CCCC1(CCC(=O)N2CCn3c(cnc3C(F)(F)F)C2)N=N1	Z3397334336	yes
C#CCCC1(CCC(=O)Nc2cc(=O)[nH]n2C(=O)OCC)N=N1	Z3397334353	yes
C#CCCC1(CCC(=O)NCc2ccc(NC(C)=O)nc2)N=N1	Z3397334359	yes
C#CCCC1(CCC(=O)NCC2CCCn3cc(C(C)(C)C)nc32)N=N1	Z3397334368	yes
C#CCCC1(CCC(=O)NCC2CN(Cc3ccncc3)CCO2)N=N1	Z3397334371	yes
C#CCCC1(CCC(=O)Nc2cc(-c3cccnc3)nn2CCO)N=N1	Z3397334376	yes
C#CCCC1(CCC(=O)NCc2cnn(CC3CCC3)c2)N=N1	Z3397334384	yes
C#CCCC1(CCC(=O)N2CCN(C3CN(c4ccccn4)C3)CC2)N=N1	Z3397334387	no
C#CCCC1(CCC(=O)NCCC2CC(C)N(Cc3ccccc3)C2)N=N1	Z3397334392	yes
C#CCCC1(CCC(=O)N2CCC(c3ccc(=O)[nH]n3)C2)N=N1	Z3397334404	no
C#CCCC1(CCC(=O)Nc2c(OC(F)F)noc2C)N=N1	Z3397334407	no
C#CCCC1(CCC(=O)N2CCCN(c3ncnc4[nH]cnc34)CC2)N=N1	Z3397334408	yes
C#CCCC1(CCC(=O)NCC23CC(NC(=O)OC(C)(C)C)(C2)C3)N=N1	Z3397334412	yes
C#CCCC1(CCC(=O)NC[C@H]2CCN(C)[C@@H]2c2ccc(OC)cc2)N=N1	Z3397334419	yes
C#CCCC1(CCC(=O)N(C)CCn2cc(Br)cn2)N=N1	Z3397334429	yes
C#CCCC1(CCC(=O)Nc2nnn(Cc3ccncc3)c2C)N=N1	Z3397334431	yes
C#CCCC1(CCC(=O)NCC(F)(F)c2nc(C(=O)OC)c(C)o2)N=N1	Z3397334432	no
C#CCCC1(CCC(=O)N2CCC=C(c3cn(C(C)C)nn3)CC2)N=N1	Z3397334434	yes
C#CCCC1(CCC(=O)N(C)CC2CCN(C)C2c2cccnc2)N=N1	Z3397334438	yes
C#CCCC1(CCC(=O)N2CCn3nc(C(F)(F)F)cc3C2)N=N1	Z3397334442	yes
C#CCCC1(CCC(=O)N2CCC(Cc3n[nH]c(C(C)C)n3)CC2)N=N1	Z3397334445	yes
C#CCCC1(CCC(=O)N2CC(C(=O)OC)CC(C(F)(F)F)C2)N=N1	Z3397334448	no
C#CCCC1(CCC(=O)NCC23CC(CN2Cc2ccccc2)C3)N=N1	Z3397334453	no
C#CCCC1(CCC(=O)N2CCC(c3[nH]ncc3C(=O)OCC)C2)N=N1	Z3397334456	yes
C#CCCC1(CCC(=O)NCC2CCOC2c2nc(C3CC3)no2)N=N1	Z3397334463	no
C#CCCC1(CCC(=O)NCc2nc3cnccc3s2)N=N1	Z3397334469	yes
C#CCCC1(CCC(=O)NCC(O)Cn2ccc3ccccc3c2=O)N=N1	Z3397334471	no
C#CCCC1(CCC(=O)N2CCN(Cc3cccc4[nH]ccc34)CC2)N=N1	Z3397334474	yes
C#CCCC1(CCC(=O)N2Cc3nc(C4CC4)[nH]c(=O)c3C2)N=N1	Z3397334484	yes
C#CCCC1(CCC(=O)NCC2(S(=O)(=O)N(C)C)CC2)N=N1	Z3397334485	yes
C#CCCC1(CCC(=O)N(C)Cc2nnc3n2CCN(C)C3=O)N=N1	Z3397334487	yes
C#CCCC1(CCC(=O)Nc2nc3n(c2C#N)CCOC3)N=N1	Z3397334490	no
C#CCCC1(CCC(=O)N2CCN(c3cccc4[nH]c(=O)[nH]c34)CC2)N=N1	Z3397334491	yes
C#CCCC1(CCC(=O)Nc2ccc(CN=S(C)(=O)N(C)C)cc2)N=N1	Z3397334492	yes
C#CCCC1(CCC(=O)NCc2cnc3n2CCOC3)N=N1	Z3397334495	yes
C#CCCC1(CCC(=O)N2CC(c3nc(C)n[nH]3)C(C3CC3)C2)N=N1	Z3397334497	no
C#CCCC1(CCC(=O)N2CCn3c(C(F)(F)F)nc(Br)c3C2)N=N1	Z3397334499	yes
C#CCCC1(CCC(=O)N2CCc3[nH][nH]c(=O)c3CC2)N=N1	Z3397334505	no
C#CCCC1(CCC(=O)N2CC3CCCC3(c3nnc(C4CC4)o3)C2)N=N1	Z3397334506	no
C#CCCC1(CCC(=O)N2CC(c3nc(C(C)C)n[nH]3)C(C3CC3)C2)N=N1	Z3397334508	no
C#CCCC1(CCC(=O)N2CCn3ncc(C(=O)OC)c3C2)N=N1	Z3397334511	yes
C#CCCC1(CCC(=O)Nc2nc3n(c2C(=O)OC(C)(C)C)CCC3)N=N1	Z3397334513	no
C#CCCC1(CCC(=O)N2c3ccncc3N3CCC2C3)N=N1	Z3397334519	yes
C#CCCC1(CCC(=O)N(C)CC2OCCC2c2nc(C)n[nH]2)N=N1	Z3397334530	no
C#CCCC1(CCC(=O)N2CC(O)(C(F)(F)C(=O)OCC)C2)N=N1	Z3397334537	no
C#CCCC1(CCC(=O)N2CCN(c3ccncc3F)C(C)C2)N=N1	Z3397334541	no
C#CCCC1(CCC(=O)NCc2cncc(-c3cccnc3)c2)N=N1	Z3397334543	yes
C#CCCC1(CCC(=O)NCc2cn(C)nc2-c2ccccn2)N=N1	Z3397334546	no
C#CCCC1(CCC(=O)NCC2CC(F)(F)C(=O)N2)N=N1	Z3397334548	no
C#CCCC1(CCC(=O)N2CCn3c(nc4c3CCCC4)C2)N=N1	Z3397334551	yes
C#CCCC1(CCC(=O)NCCn2cnc(C)cc2=O)N=N1	Z3397334556	yes
C#CCCC1(CCC(=O)N2CCn3c(C)nc(Br)c3C2)N=N1	Z3397334558	yes
C#CCCC1(CCC(=O)N2CCC3(CC2)OC(=O)NC32CCC2)N=N1	Z3397334559	yes
C#CCCC1(CCC(=O)N2CC(NC(=O)c3cc(C)no3)C(OC)C2)N=N1	Z3397334565	yes
C#CCCC1(CCC(=O)N2CCn3c(nc(C(F)(F)F)c3Br)C2)N=N1	Z3397334567	yes
C#CCCC1(CCC(=O)Nc2cnccc2-n2ccnc2)N=N1	Z3397334573	no
C#CCCC1(CCC(=O)Nc2ccncc2OC(C)C)N=N1	Z3410158066	yes
C#CCCC1(CCC(=O)NCc2cnc(CC)nc2N)N=N1	Z3410158070	yes
C#CCCC1(CCC(=O)NC2COCC2n2cccn2)N=N1	Z3410158084	yes
C#CCCC1(CCC(=O)N(Cc2cncn2C)C(C)C)N=N1	Z3410158108	yes
C#CCCC1(CCC(=O)N(C)Cc2cnn(CC)c2C)N=N1	Z3410158112	yes
C#CCCC1(CCC(=O)NC2CCC3CN(C)CC3C2)N=N1	Z3410158179	yes
C#CCCC1(CCC(=O)N(C)Cc2cccc3cc[nH]c23)N=N1	Z3410158418	yes
C#CCCC1(CCC(=O)Nc2cccc3nc[nH]c(=O)c23)N=N1	Z3410158432	yes
C#CCCC1(CCC(=O)NCCn2ccc3cccnc32)N=N1	Z3410158445	yes
C#CCCC1(CCC(=O)Nc2ccc3c(c2)C(=O)N(C)C3)N=N1	Z3410158525	yes
C#CCCC1(CCC(=O)Nc2ccc3c(c2)CN(C)CC3)N=N1	Z3410158533	yes
C#CCCC1(CCC(=O)NCCc2nccc(C3CC3)n2)N=N1	Z3410158574	yes
C#CCCC1(CCC(=O)Nc2cccc3c2NC(=O)CO3)N=N1	Z3410158662	yes
C#CCCC1(CCC(=O)Nc2ccccc2OC2COC2)N=N1	Z3410158705	yes
C#CCCC1(CCC(=O)NC2CCNC(=O)c3[nH]ccc32)N=N1	Z3410158707	yes
C#CCCC1(CCC(=O)N2CCC(c3cncn3C)CC2)N=N1	Z3410158745	yes
C#CCCC1(CCC(=O)NCCN2CCn3nccc3C2)N=N1	Z3410158811	yes
C#CCCC1(CCC(=O)N2CCN3CCCC3C23CCC3)N=N1	Z3410158816	yes
C#CCCC1(CCC(=O)N2CCOC(c3ccnn3C)C2)N=N1	Z3410158845	yes
C#CCCC1(CCC(=O)N2CCCCC2Cc2nn[nH]n2)N=N1	Z3410158850	yes
C#CCCC1(CCC(=O)Nc2cc3oc(=O)[nH]c3cc2F)N=N1	Z3410158899	yes
C#CCCC1(CCC(=O)NCCc2nc3c(s2)CCC3)N=N1	Z3410158915	yes
C#CCCC1(CCC(=O)N2CC3CCC(N(C)C)CC3C2)N=N1	Z3410158920	yes
C#CCCC1(CCC(=O)N2CCCCCCN(C)CCC2)N=N1	Z3410159008	yes
C#CCCC1(CCC(=O)NCc2nc(CN(C)C)cs2)N=N1	Z3410159039	yes
C#CCCC1(CCC(=O)Nc2ccnc(Cn3cccn3)c2)N=N1	Z3410159287	yes
C#CCCC1(CCC(=O)Nc2ccc3c(c2)NC(=O)CCC3)N=N1	Z3410159650	yes
C#CCCC1(CCC(=O)Nc2ccc(CN(C)C3CC3)cc2)N=N1	Z3410159693	yes
C#CCCC1(CCC(=O)N2CC(N(C)Cc3ccccc3)C2)N=N1	Z3410159702	yes
C#CCCC1(CCC(=O)NCC(O)(c2ccccc2)C2CC2)N=N1	Z3410159795	yes
C#CCCC1(CCC(=O)NCCc2ccc3c(c2)COCC3)N=N1	Z3410159807	yes
C#CCCC1(CCC(=O)NC2CCC(Oc3ccncc3)C2)N=N1	Z3410160140	yes
C#CCCC1(CCC(=O)NCCCn2cnc3c2CCCC3)N=N1	Z3410160369	yes
C#CCCC1(CCC(=O)NC2CCCC2Cc2cnn(C)c2)N=N1	Z3410160375	yes
C#CCCC1(CCC(=O)NC2CCCCC2c2ccnn2C)N=N1	Z3410160377	yes
C#CCCC1(CCC(=O)Nc2cnn(C3CCC(=O)NC3)c2)N=N1	Z3410160523	yes
C#CCCC1(CCC(=O)N2CCn3ncc(CN(C)C)c3C2)N=N1	Z3410160541	yes
C#CCCC1(CCC(=O)NCC2(c3cnn(C)c3)CCCO2)N=N1	Z3410160636	yes
C#CCCC1(CCC(=O)NCCn2cc(C3CCOC3)cn2)N=N1	Z3410160638	yes
C#CCCC1(CCC(=O)NCc2nc3c(s2)CC(C)CC3)N=N1	Z3410160735	yes
C#CCCC1(CCC(=O)N2CCOCC23COCCN(C)C3)N=N1	Z3410161104	yes
C#CCCC1(CCC(=O)Nc2ccc(Oc3cccnn3)cc2)N=N1	Z3410161179	yes
C#CCCC1(CCC(=O)Nc2ccc(Oc3ccncn3)cc2)N=N1	Z3410161181	yes
C#CCCC1(CCC(=O)Nc2ccccc2-c2nc(C)c(C)[nH]2)N=N1	Z3410161231	yes
C#CCCC1(CCC(=O)NC(C)c2ccccc2-n2ccnc2)N=N1	Z3410161233	yes
C#CCCC1(CCC(=O)NCCc2ccnn2-c2ccccc2)N=N1	Z3410161243	yes
C#CCCC1(CCC(=O)Nc2cnn(C(C)c3ccccc3)c2)N=N1	Z3410161247	yes
C#CCCC1(CCC(=O)Nc2ccc(-c3nc(C)c(C)[nH]3)cc2)N=N1	Z3410161256	yes
C#CCCC1(CCC(=O)NCc2ccc(-c3cnn(C)c3)cc2)N=N1	Z3410161260	yes
C#CCCC1(CCC(=O)N(Cc2cnn(C)c2)c2ccccc2)N=N1	Z3410161267	yes
C#CCCC1(CCC(=O)N(C)C(c2ccccc2)c2ncc[nH]2)N=N1	Z3410161275	yes
C#CCCC1(CCC(=O)N(C)Cc2ccn(-c3ccccc3)n2)N=N1	Z3410161286	yes
C#CCCC1(CCC(=O)NCc2oc(-c3ccccc3)nc2C)N=N1	Z3410161411	yes
C#CCCC1(CCC(=O)NCc2c(OC)ccc3cccnc23)N=N1	Z3410161416	yes
C#CCCC1(CCC(=O)NC(c2cccnc2)c2cnn(C)c2)N=N1	Z3410161419	yes
C#CCCC1(CCC(=O)Nc2cccnc2-n2nc(C)cc2C)N=N1	Z3410161423	no
C#CCCC1(CCC(=O)NC(c2cccnc2)c2ccnn2C)N=N1	Z3410161434	yes
C#CCCC1(CCC(=O)N(C)C(c2ccccc2)c2nnc[nH]2)N=N1	Z3410161437	yes
C#CCCC1(CCC(=O)Nc2ccc(Oc3cnn(C)c3)cc2)N=N1	Z3410161518	yes
C#CCCC1(CCC(=O)Nc2ccccc2N2CCCCC2=O)N=N1	Z3410161777	yes
C#CCCC1(CCC(=O)NCCc2c[nH]c3cc(OC)ccc23)N=N1	Z3410161780	yes
C#CCCC1(CCC(=O)Nc2cccc(C3CCN(C)CC3)c2)N=N1	Z3410161814	yes
C#CCCC1(CCC(=O)NCC2CN(C)CC2c2ccccc2)N=N1	Z3410161816	yes
C#CCCC1(CCC(=O)NC2(c3ccccc3)CCN(C)CC2)N=N1	Z3410161837	yes
C#CCCC1(CCC(=O)NCc2nc(-c3ccncc3)cs2)N=N1	Z3410161972	yes
C#CCCC1(CCC(=O)N2C3CCC2CC(c2cnn(C)c2)C3)N=N1	Z3410162047	yes
C#CCCC1(CCC(=O)N2CCCC3c4[nH]c(C)nc4CCC32)N=N1	Z3410162060	yes
C#CCCC1(CCC(=O)N2CCc3[nH]c(=O)c(C(N)=O)cc3C2)N=N1	Z3410162351	yes
C#CCCC1(CCC(=O)N(C)Cc2nc3c(cnn3C)c(=O)[nH]2)N=N1	Z3410162354	yes
C#CCCC1(CCC(=O)NCc2cc3c([nH]c2=O)CCN(C)C3)N=N1	Z3410162379	yes
C#CCCC1(CCC(=O)NC2CCCC2Cc2cc(C)nn2C)N=N1	Z3410162405	yes
C#CCCC1(CCC(=O)Nc2cnn(CCN3CCCC3=O)c2)N=N1	Z3410162594	yes
C#CCCC1(CCC(=O)NC2CCCC2Oc2cnn(CC)c2)N=N1	Z3410162684	yes
C#CCCC1(CCC(=O)Nc2ccc(Cl)cc2-c2nnn[nH]2)N=N1	Z3410162713	yes
C#CCCC1(CCC(=O)N2CCNC(=O)C2CC2CCCCC2)N=N1	Z3410162810	yes
C#CCCC1(CCC(=O)N2CC3(CCCC3)OCC2CN(C)C)N=N1	Z3410163083	yes
C#CCCC1(CCC(=O)Nc2cc(-c3ccncc3)ccc2OC)N=N1	Z3410163288	yes
C#CCCC1(CCC(=O)N2CCc3nc[nH]c3C2c2cccnc2)N=N1	Z3410163292	yes
C#CCCC1(CCC(=O)Nc2ccc(OCc3cnccn3)cc2)N=N1	Z3410163419	yes
C#CCCC1(CCC(=O)Nc2c(C)nn(Cc3ccccc3)c2C)N=N1	Z3410163437	yes
C#CCCC1(CCC(=O)N2CC3(CCN(Cc4ccccc4)C3)C2)N=N1	Z3410163607	yes
C#CCCC1(CCC(=O)Nc2cccc(-c3nnnn3C(C)C)c2)N=N1	Z3410163678	yes
C#CCCC1(CCC(=O)N2CCc3[nH]cnc3C2c2ccnn2C)N=N1	Z3410163681	yes
C#CCCC1(CCC(=O)Nc2ccc3c(c2)ncn3CCN(C)C)N=N1	Z3410163878	yes
C#CCCC1(CCC(=O)N(C)Cc2csc(-c3ccccc3)n2)N=N1	Z3410163892	yes
C#CCCC1(CCC(=O)Nc2cccc(CC3CCCN(C)C3)c2)N=N1	Z3410163908	yes
C#CCCC1(CCC(=O)NCC2(c3ccccc3)CCN(C)CC2)N=N1	Z3410163911	yes
C#CCCC1(CCC(=O)Nc2ccc3c(=O)n(C)c(=O)n(C)c3c2)N=N1	Z3410164042	yes
C#CCCC1(CCC(=O)NCc2ccc(N3CCN(C)CC3)cc2)N=N1	Z3410164111	yes
C#CCCC1(CCC(=O)NCC2CCN(Cc3ccncc3)CC2)N=N1	Z3410164114	yes
C#CCCC1(CCC(=O)NC2CCOCC2OCc2ccccc2)N=N1	Z3410164383	yes
C#CCCC1(CCC(=O)N2CCC(c3nc4c(s3)CCC4)CC2)N=N1	Z3410164583	yes
C#CCCC1(CCC(=O)N(Cc2ccc(F)cc2)C2CCOCC2)N=N1	Z3410164632	yes
C#CCCC1(CCC(=O)N2CCN(C(C)c3nc(C)cs3)CC2)N=N1	Z3410164892	yes
C#CCCC1(CCC(=O)NCC2CC(c3n[nH]c(=O)n3C)CC2O)N=N1	Z3410165047	yes
C#CCCC1(CCC(=O)NC2CCc3nc(-c4ccccc4)cn3C2)N=N1	Z3410165165	yes
C#CCCC1(CCC(=O)NC2CCCC(c3nc4ccccc4[nH]3)C2)N=N1	Z3410165528	yes
C#CCCC1(CCC(=O)N2Cc3ccccc3C[C@H]2C(=O)NC2CC2)N=N1	Z3410165712	yes
C#CCCC1(CCC(=O)NC2c3ccccc3CCC2N2CCCC2)N=N1	Z3410165724	yes
C#CCCC1(CCC(=O)Nc2ccc(-n3nc(C)cc3C)c(OC)c2)N=N1	Z3410165838	yes
C#CCCC1(CCC(=O)Nc2ccc(=O)n(Cc3cccc(F)c3)c2)N=N1	Z3410165978	yes
C#CCCC1(CCC(=O)NCc2cccc(C3(C)NC(=O)NC3=O)c2)N=N1	Z3410166065	yes
C#CCCC1(CCC(=O)N2C[C@H](OC)C[C@H]2c2nnc3cnccn23)N=N1	Z3410166068	yes
C#CCCC1(CCC(=O)NCc2ccc(CN3CCN(C)C3=O)cc2)N=N1	Z3410166073	yes
C#CCCC1(CCC(=O)Nc2ccc3c(c2)N(C)C(=O)C(C)(C)CO3)N=N1	Z3410166251	yes
C#CCCC1(CCC(=O)N2CCN(CC(=O)Nc3ccccn3)CC2)N=N1	Z3410166263	yes
C#CCCC1(CCC(=O)NCc2csc(-c3ccc(OC)cc3)n2)N=N1	Z3410166271	yes
C#CCCC1(CCC(=O)N(C)CC2OCCN(C)C2c2ccccc2)N=N1	Z3410166301	yes
C#CCCC1(CCC(=O)NCC2OCCN(CC)C2c2cnn(C)c2)N=N1	Z3410166682	yes
C#CCCC1(CCC(=O)NC2CCCN(c3ccc(F)cc3F)C2=O)N=N1	Z3410166881	yes
C#CCCC1(CCC(=O)N2CC3C(C(F)(F)F)(CCS3(=O)=O)C2)N=N1	Z3410167197	yes
C#CCCC1(CCC(=O)N2C[C@@H]3C(=O)N(Cc4ccccc4)C(=O)[C@@H]3C2)N=N1	Z3410167347	yes
C#CCCC1(CCC(=O)NCC2CN(Cc3ccccc3)CC23CCC3)N=N1	Z3410167366	yes
C#CCCC1(CCC(=O)NC2CN(Cc3ccccc3)C3(CCCC3)C2)N=N1	Z3410167369	yes
C#CCCC1(CCC(=O)N2CCN(Cc3ccccc3)C(C)(C3CC3)C2)N=N1	Z3410167376	yes
C#CCCC1(CCC(=O)N2CCC(c3ccccc3)(N3CCCC3)CC2)N=N1	Z3410167378	yes
C#CCCC1(CCC(=O)N2CCOC3CCN(Cc4ccccc4)CC32)N=N1	Z3410167565	yes
C#CCCC1(CCC(=O)N2CCc3cc(OC)c(OC)cc3C2C2CC2)N=N1	Z3410167641	yes
C#CCCC1(CCC(=O)N2CC(NC(=O)C3CC3)C(c3ccnn3C)C2)N=N1	Z3410167758	yes
C#CCCC1(CCC(=O)NCC2CCCN(C3CC3)C2c2cncn2C)N=N1	Z3410167762	yes
C#CCCC1(CCC(=O)Nc2ccc(=O)n(Cc3ccc(Cl)cc3)c2)N=N1	Z3410167778	yes
C#CCCC1(CCC(=O)NCC2CCC(=O)N(CC)C2c2nccn2C)N=N1	Z3410167925	yes
C#CCCC1(CCC(=O)NCC2OCC(=O)N(CC)C2c2nccn2C)N=N1	Z3410168035	yes
C#CCCC1(CCC(=O)Nc2ccc(-c3cc(C(F)(F)F)nn3C)cc2)N=N1	Z3410168212	yes
C#CCCC1(CCC(=O)N2CC34CCCC3(CN(Cc3ccccc3)C4)C2)N=N1	Z3410168314	yes
C#CCCC1(CCC(=O)N2c3ccccc3CC2CNC(=O)C(F)(F)F)N=N1	Z3410168436	yes
C#CCCC1(CCC(=O)Nc2ccccc2CC(=O)Nc2cc(C)nn2C)N=N1	Z3410168447	yes
C#CCCC1(CCC(=O)Nc2ccc(C(=O)Nc3ccnc(C)c3)c(F)c2)N=N1	Z3410168496	yes
C#CCCC1(CCC(=O)NC2COCC2Oc2cnn(-c3ccccc3)c2)N=N1	Z3410168498	yes
C#CCCC1(CCC(=O)N2CCCCC2c2nc(-c3ccccn3)cs2)N=N1	Z3410168501	yes
C#CCCC1(CCC(=O)N2CCCC3(CN(Cc4ccccc4)CCO3)C2)N=N1	Z3410168567	yes
C#CCCC1(CCC(=O)NCC2CCC(=O)N(C3CC3)C2c2nccn2C)N=N1	Z3410168710	yes
C#CCCC1(CCC(=O)Nc2ccc3nc(N4CCN(C)CC4)sc3c2)N=N1	Z3410168714	yes
C#CCCC1(CCC(=O)N2CC3(CCOCC3)C2c2cnn(CC(C)C)c2)N=N1	Z3410168759	yes
C#CCCC1(CCC(=O)NC2CN(Cc3ccccc3)CC2c2ccnn2C)N=N1	Z3410169122	yes
C#CCCC1(CCC(=O)NC2CCCN(c3ccc(Cl)c(Cl)c3)C2=O)N=N1	Z3410169288	yes
C#CCCC1(CCC(=O)N2C3CCC2CC(O)(Cc2nc(C(C)(C)C)cs2)C3)N=N1	Z3410169979	yes
C#CCCC1(CCC(=O)Nc2sc(CC)nc2C(=O)O)N=N1	Z3410195601	yes
C#CCCC1(CCC(=O)NC(C(=O)O)C2CCc3ccccc32)N=N1	Z3410196034	yes
C#CCCC1(CCC(=O)NC(Cn2cc(C)cn2)C(=O)O)N=N1	Z3421024007	yes
C#CCCC1(CCC(=O)NC(Cc2nccn2C)C(=O)O)N=N1	Z3421025811	yes
C#CCCC1(CCC(=O)Nc2cc(C(=O)O)n(Cc3ccccc3)c2)N=N1	Z3421026687	yes
C#CCCC1(CCC(=O)N[C@H](CC(=O)O)CC2CCCCC2)N=N1	Z3421028225	yes
C#CCCC1(CCC(=O)N[C@@H](COCc2ccccc2)CC(=O)O)N=N1	Z3421035608	yes
C#CCCC1(CCC(=O)Nc2ccc3c(C(=O)O)nccc3c2)N=N1	Z3421035615	yes
C#CCCC1(CCC(=O)N[C@@H](Cc2cn(C)cn2)C(=O)O)N=N1	Z3421035814	yes
C#CCCC1(CCC(=O)NCc2nn3c(c2C(=O)O)CCCC3)N=N1	Z3421035830	yes
C#CCCC1(CCC(=O)NCCc2nnc3c(=O)n(C)ccn23)N=N1	Z3426048505	yes
C#CCCC1(CCC(=O)N2CCC(c3n[nH]c(=O)o3)CC2)N=N1	Z3426050484	yes
C#CCCC1(CCC(=O)N2CCCC(c3n[nH]c(=O)[nH]3)C2)N=N1	Z3426051114	yes
C#CCCC1(CCC(=O)N2CCN(C(=O)c3cscn3)[C@@H](C)C2)N=N1	Z3426052961	yes
C#CCCC1(CCC(=O)N2CCN(C(=O)c3cc(C)[nH]n3)C[C@H]2C)N=N1	Z3426053357	yes
C#CCCC1(CCC(=O)NCc2n[nH]c(=O)n2C2CC2)N=N1	Z3426058386	yes
C#CCCC1(CCC(=O)N2CCN(C(=O)c3ccccc3OC)CC2)N=N1	Z3426060153	yes
C#CCCC1(CCC(=O)N(C)CC(=O)Nc2cc(C)ccn2)N=N1	Z3426065432	yes
C#CCCC1(CCC(=O)NCc2nnc(C3CCCO3)[nH]2)N=N1	Z3426075192	yes
C#CCCC1(CCC(=O)NCc2c(C3CCC3)cnn2C)N=N1	Z3426075206	yes
C#CCCC1(CCC(=O)N[C@H]2C[C@H](S(=O)(=O)c3ccccc3)C2)N=N1	Z3426078389	yes
C#CCCC1(CCC(=O)NCCNC(=O)c2ccc(Cl)cn2)N=N1	Z3426099242	yes
C#CCCC1(CCC(=O)Nc2ccc(OCc3nc[nH]n3)cc2)N=N1	Z3426102343	yes
C#CCCC1(CCC(=O)N(Cc2ncc[nH]2)c2cncc(C)c2)N=N1	Z3426136153	yes
C#CCCC1(CCC(=O)N2CCn3nnc(CO)c3C2)N=N1	Z3426141615	yes
C#CCCC1(CCC(=O)NCC2=NS(=O)(=O)c3ccccc3N2)N=N1	Z3426142523	yes
C#CCCC1(CCC(=O)N2CCC(O)(c3cccc4cnccc34)CC2)N=N1	Z3426146475	yes
C#CCCC1(CCC(=O)N2CCCC(S(=O)(=O)Nc3ccccc3)C2)N=N1	Z3426159904	yes
C#CCCC1(CCC(=O)N2CCOC(c3ccc(S(C)(=O)=O)cc3)C2)N=N1	Z3426160139	yes
C#CCCC1(CCC(=O)NCc2nnc(C3CCOCC3)[nH]2)N=N1	Z3426162235	yes
C#CCCC1(CCC(=O)NCC2CCS(=O)(=O)c3ccccc32)N=N1	Z3426162252	yes
C#CCCC1(CCC(=O)NC2CCCCC2NS(=O)(=O)C2CC2)N=N1	Z3426163961	yes
C#CCCC1(CCC(=O)NC2CC=CCC2C(F)(F)F)N=N1	Z3426164562	yes
C#CCCC1(CCC(=O)NCc2cc(=O)n(-c3ccccc3)n2C)N=N1	Z3426167520	yes
C#CCCC1(CCC(=O)N2CCCC2c2ncc(OC)c(=O)[nH]2)N=N1	Z3426169372	yes
C#CCCC1(CCC(=O)NC(C)c2nnc(C(F)(F)F)[nH]2)N=N1	Z3426169379	yes
C#CCCC1(CCC(=O)N2COCCC2c2ccccc2)N=N1	Z3426169627	yes
C#CCCC1(CCC(=O)NC2CCN(c3cc(=O)[nH]cn3)C2)N=N1	Z3426172136	yes
C#CCCC1(CCC(=O)NC2CCN(c3n[nH]c(=O)[nH]c3=O)C2)N=N1	Z3426173369	yes
C#CCCC1(CCC(=O)NC2CCN(c3cn[nH]c(=O)c3Cl)C2)N=N1	Z3426174511	yes
C#CCCC1(CCC(=O)NCc2c3c(n[nH]c2=O)CCCC3)N=N1	Z3426179832	yes
C#CCCC1(CCC(=O)N(C)C2CCC(N3C(=O)c4ccccc4C3=O)CC2)N=N1	Z3426179833	yes
C#CCCC1(CCC(=O)N2CCC3=NS(=O)(=O)NC=C3C2)N=N1	Z3426179840	yes
C#CCCC1(CCC(=O)N2CCC(n3c(=O)oc4ccccc43)C2)N=N1	Z3426180936	yes
C#CCCC1(CCC(=O)NCCc2ncc(F)cc2F)N=N1	Z3426184492	yes
C#CCCC1(CCC(=O)NC(C)c2cn(C)c3cc(Cl)ccc23)N=N1	Z3426189259	yes
C#CCCC1(CCC(=O)NCC2(c3ccccc3)COCCO2)N=N1	Z3426191691	yes
C#CCCC1(CCC(=O)NCc2cccc(C(=O)NC3CCC(=O)NC3=O)c2)N=N1	Z3426192703	yes
C#CCCC1(CCC(=O)Nc2ccc(N3CCCCC3=O)c(OC)c2)N=N1	Z3426195503	yes
C#CCCC1(CCC(=O)N2COC[C@@]3(COC[C@@H]4CCCN43)C2)N=N1	Z3426195554	yes
C#CCCC1(CCC(=O)N2CC(S(=O)(=O)N3CCOCC3)C2)N=N1	Z3426199654	yes
C#CCCC1(CCC(=O)N2CCCC(NS(=O)(=O)c3ccccc3)C2)N=N1	Z3426208137	yes
C#CCCC1(CCC(=O)NC(c2ccccc2)c2ccn(C)n2)N=N1	Z3426209437	yes
C#CCCC1(CCC(=O)NC(C)c2nn(-c3ccccc3)nc2C)N=N1	Z3426210916	yes
C#CCCC1(CCNC(=O)C2CCCN(S(=O)(=O)c3ccccc3)C2)N=N1	Z3433404216	yes
C#CCCC1(CCNC(=O)CN(C)c2ncnc3nc[nH]c23)N=N1	Z3433404218	yes
C#CCCC1(CCNC(=O)c2cccc(-n3cccn3)n2)N=N1	Z3433404232	yes
C#CCCC1(CCNC(=O)COc2cncc(Cl)n2)N=N1	Z3433404240	yes
C#CCCC1(CCNC(=O)c2c[nH]n3c2nc(=O)c2ccccc23)N=N1	Z3433404277	yes
C#CCCC1(CCNC(=O)C2(O)CCc3ccccc3C2)N=N1	Z3433404321	yes
C#CCCC1(CCNC(=O)C2CCc3nnnn3CC2)N=N1	Z3433404333	yes
C#CCCC1(CCNC(=O)C2(n3cnnn3)CCOCC2)N=N1	Z3433404336	yes
C#CCCC1(CCNC(=O)C2CC(=O)N(c3nccs3)C2)N=N1	Z3433404354	yes
C#CCCC1(CCNC(=O)CC2OCCc3ccsc32)N=N1	Z3433404374	yes
C#CCCC1(CCNC(=O)C2CCCN2C(=O)Cc2cn3ccsc3n2)N=N1	Z3433404383	yes
C#CCCC1(CCNC(=O)COC2CCCc3ccccc32)N=N1	Z3433404390	yes
C#CCCC1(CCNC(=O)Cc2ccc(-n3ccnc3)cc2)N=N1	Z3433404406	yes
C#CCCC1(CCNC(=O)c2ccc3c(c2)CCCN3S(C)(=O)=O)N=N1	Z3433404429	yes
C#CCCC1(CCNC(=O)C2CCN(c3cnccn3)CC2)N=N1	Z3433404457	yes
C#CCCC1(CCNC(=O)Cc2c(C)nn(-c3nc(C)cc(C)n3)c2C)N=N1	Z3433404458	yes
C#CCCC1(CCNC(=O)Cc2ccc(-n3cnnn3)cc2)N=N1	Z3433404460	yes
C#CCCC1(CCNC(=O)c2cnc3[nH]c(=O)[nH]c(=O)c3c2)N=N1	Z3433404465	yes
C#CCCC1(CCNC(=O)c2cccnc2N2CCOCC2)N=N1	Z3433404484	yes
C#CCCC1(CCNC(=O)C2CCN(Cc3csc(C)n3)CC2)N=N1	Z3433404493	no
C#CCCC1(CCNC(=O)C2CCC3(CC2)NC(=O)NC3=O)N=N1	Z3433404494	yes
C#CCCC1(CCNC(=O)CNC(=O)N2CCc3ccccc3C2)N=N1	Z3433404501	yes
C#CCCC1(CCNC(=O)Cn2ncn3nccc3c2=O)N=N1	Z3433404505	yes
C#CCCC1(CCNC(=O)c2cc(C)c3c(=O)[nH]c(=O)[nH]c3n2)N=N1	Z3433404507	yes
C#CCCC1(CCNC(=O)c2c(C)c(C)nn(C)c2=O)N=N1	Z3433404533	yes
C#CCCC1(CCNC(=O)c2cc(N3CCNC(=O)C3)ccn2)N=N1	Z3433404558	yes
C#CCCC1(CCNC(=O)c2cnn3c2CC(CNC(C)=O)CC3)N=N1	Z3433404565	yes
C#CCCC1(CCNC(=O)C(C)n2ccc3ccccc3c2=O)N=N1	Z3433404586	yes
C#CCCC1(CCNC(=O)c2ccc3c(c2)NC(=O)CNC3=O)N=N1	Z3433404616	yes
C#CCCC1(CCNC(=O)CC2COc3ccccc3O2)N=N1	Z3433404620	yes
C#CCCC1(CCNC(=O)Cn2c(=O)c3c(ncn3C)n(C)c2=O)N=N1	Z3433404645	yes
C#CCCC1(CCNC(=O)c2ccc(CN3C(=O)CNC3=O)cc2)N=N1	Z3433404652	no
C#CCCC1(CCNC(=O)C2CCCN(C(=O)Nc3ccccc3)C2)N=N1	Z3433404657	yes
C#CCCC1(CCNC(=O)CCn2c(=O)[nH]c(=O)c3ccccc32)N=N1	Z3433404668	yes
C#CCCC1(CCNC(=O)Cn2nc3ccccn3c2=O)N=N1	Z3433404677	yes
C#CCCC1(CCNC(=O)c2nc(C)n(-c3nnc[nH]3)n2)N=N1	Z3433404680	yes
C#CCCC1(CCNC(=O)c2ccc(-n3ccnc3)nc2)N=N1	Z3433404692	yes
C#CCCC1(CCNC(=O)C2CCN(c3ccc4nncn4n3)CC2)N=N1	Z3433404694	yes
C#CCCC1(CCNC(=O)C2CCCN(C(=O)Cc3ccc(F)cc3)C2)N=N1	Z3433404703	yes
C#CCCC1(CCNC(=O)c2cnc(-c3ccccn3)s2)N=N1	Z3433404736	yes
C#CCCC1(CCNC(=O)c2cc(-n3cccn3)ccn2)N=N1	Z3433404753	yes
C#CCCC1(CCNC(=O)c2cn(Cc3ccccn3)nn2)N=N1	Z3433404759	yes
C#CCCC1(CCNC(=O)CNC(=O)c2cc3ccccc3[nH]2)N=N1	Z3433404761	yes
C#CCCC1(CCNC(=O)C2CC(=O)N(c3cn[nH]c3)C2)N=N1	Z3433404765	yes
C#CCCC1(CCNC(=O)Cn2cc(-c3ccccc3)nn2)N=N1	Z3433404773	yes
C#CCCC1(CCNC(=O)c2cnc3c(c2)NC(=O)CO3)N=N1	Z3433404790	yes
C#CCCC1(CCNC(=O)c2cncnc2-c2ccccc2)N=N1	Z3433404791	yes
C#CCCC1(CCNC(=O)C2CCCN2c2nccs2)N=N1	Z3433404794	yes
C#CCCC1(CCNC(=O)c2cnc3c(c2)c(=O)[nH]c(=O)n3CCC)N=N1	Z3433404818	yes
C#CCCC1(CCNC(=O)c2cc3nn[nH]c3cc2OC)N=N1	Z3433404830	yes
C#CCCC1(CCNC(=O)c2nn3c(c2C)OCCC3)N=N1	Z3433404859	yes
C#CCCC1(CCNC(=O)c2cc3c(=O)[nH]cnc3cn2)N=N1	Z3433404887	yes
C#CCCC1(CCNC(=O)c2cc3c(=O)[nH]c(C)cn3n2)N=N1	Z3433404920	yes
C#CCCC1(CCNC(=O)c2nnn3cc(C)[nH]c(=O)c23)N=N1	Z3433404921	yes
C#CCCC1(CCNC(=O)c2cc(O)c3cnn(C)c3c2)N=N1	Z3433404928	yes
C#CCCC1(CCNC(=O)c2[nH]cc3c2CCS3(=O)=O)N=N1	Z3433404929	yes
C#CCCC1(CCNC(=O)c2nc(S(N)(=O)=O)c3ccccn23)N=N1	Z3433404935	yes
C#CCCC1(CCNC(=O)c2cnn3c2S(=O)(=O)N(C)CC3)N=N1	Z3433404937	yes
C#CCCC1(CCNC(=O)c2csc(NC(C)=O)n2)N=N1	Z3433404960	yes
C#CCCC1(CCNC(=O)Cc2csc(N3CCCC3=O)n2)N=N1	Z3433404976	yes
C#CCCC1(CCNC(=O)CNC(=O)c2c[nH]c3ccccc3c2=O)N=N1	Z3433404979	yes
C#CCCC1(CCNC(=O)c2cnccc2Oc2ccccc2)N=N1	Z3433404982	yes
C#CCCC1(CCNC(=O)c2cncc(N3CCCC3)n2)N=N1	Z3433404990	yes
C#CCCC1(CCNC(=O)c2ccc(-n3cnnn3)cn2)N=N1	Z3433405013	yes
C#CCCC1(CCNC(=O)c2cc(C)n(-c3nc(C)cc(C)n3)n2)N=N1	Z3433405025	yes
C#CCCC1(CCNC(=O)c2cncc(-n3ccnn3)c2)N=N1	Z3433405040	yes
C#CCCC1(CCNC(=O)c2cnc(OC3CCOCC3)c(Cl)c2)N=N1	Z3433405047	yes
C#CCCC1(CCNC(=O)COc2cccc3cccnc23)N=N1	Z3433405050	yes
C#CCCC1(CCNC(=O)Cc2csc(C3CC3)n2)N=N1	Z3433405062	yes
C#CCCC1(CCNC(=O)c2ccnc(-c3ccccn3)n2)N=N1	Z3433405063	yes
C#CCCC1(CCNC(=O)c2ccc(N3N=C(C(F)(F)F)CC3=O)cc2)N=N1	Z3433405065	yes
C#CCCC1(CCNC(=O)C(C)Cc2cnc3ccccc3n2)N=N1	Z3433405077	yes
C#CCCC1(CCNC(=O)Cn2cnc(-c3ccccc3)n2)N=N1	Z3433405082	yes
C#CCCC1(CCNC(=O)C2CCN(c3ccc4nnnn4n3)CC2)N=N1	Z3433405086	yes
C#CCCC1(CCNC(=O)c2nnn(-c3ccn(C)n3)c2C)N=N1	Z3433405091	yes
C#CCCC1(CCNC(=O)c2ccc(-n3ccnc3)nn2)N=N1	Z3433405094	yes
C#CCCC1(CCNC(=O)CN2CCC(c3ccccc3)NC2=O)N=N1	Z3433405102	yes
C#CCCC1(CCNC(=O)c2cnc(-c3cnn(C)c3)s2)N=N1	Z3433405111	yes
C#CCCC1(CCNC(=O)C2CC(=O)N(c3cc(Cl)ccc3OC)C2)N=N1	Z3433405116	yes
C#CCCC1(CCNC(=O)c2c[nH]cc2-c2cnn(C)c2)N=N1	Z3433405121	yes
C#CCCC1(CCNC(=O)c2cc(Cl)c(-n3cnnn3)cc2OC)N=N1	Z3433405140	yes
C#CCCC1(CCNC(=O)c2cccc(Oc3nccs3)c2)N=N1	Z3433405141	yes
C#CCCC1(CCNC(=O)c2ccc(-c3noc(C(F)F)n3)cc2)N=N1	Z3433405150	yes
C#CCCC1(CCNC(=O)c2c(C)nn(C)c2-n2cccn2)N=N1	Z3433405153	yes
C#CCCC1(CCNC(=O)c2ccnc(-n3cccn3)c2)N=N1	Z3433405160	yes
C#CCCC1(CCNC(=O)c2c[nH]nc2-c2cnn(C)c2)N=N1	Z3433405164	yes
C#CCCC1(CCNC(=O)c2cc(-c3ccn(C)c3)[nH]n2)N=N1	Z3433405170	yes
C#CCCC1(CCNC(=O)c2nc(-c3ccccc3)n3c2COCC3)N=N1	Z3433405180	yes
C#CCCC1(CCNC(=O)c2c[nH]c(C(=O)N3CCCC3)c2)N=N1	Z3433405203	yes
C#CCCC1(CCNC(=O)c2ccccc2-c2nnc(C)o2)N=N1	Z3433405237	yes
C#CCCC1(CCNC(=O)c2cn(C3CC3)c(C)cc2=O)N=N1	Z3433405242	yes
C#CCCC1(CCNC(=O)c2ccc(N3CCNC3=O)c(C)c2)N=N1	Z3433405245	yes
C#CCCC1(CCNC(=O)Cc2cnn(-c3ccccc3)n2)N=N1	Z3433405249	yes
C#CCCC1(CCNC(=O)Cn2nnc3c2CCCC3)N=N1	Z3433405255	yes
C#CCCC1(CCNC(=O)c2nnn(-c3cnn(C)c3)c2C)N=N1	Z3433405265	yes
C#CCCC1(CCNC(=O)c2ccc3c(=O)[nH]cnc3c2)N=N1	Z3433405277	yes
C#CCCC1(CCNC(=O)c2cnn(-c3ccc(=O)[nH]n3)c2C)N=N1	Z3433405299	yes
C#CCCC1(CCNC(=O)c2cnn(C)c2Cc2ccccc2)N=N1	Z3433405339	yes
C#CCCC1(CCNC(=O)Cn2nc(-c3ccccc3)oc2=O)N=N1	Z3433405345	yes
C#CCCC1(CCNC(=O)C2CCCN(c3ncccn3)C2)N=N1	Z3433405353	yes
C#CCCC1(CCNC(=O)c2cccnc2-n2cncn2)N=N1	Z3433405407	yes
C#CCCC1(CCNC(=O)c2cnc3ccccn3c2=O)N=N1	Z3433405429	yes
C#CCCC1(CCNC(=O)c2c(C)oc(C)c2S(N)(=O)=O)N=N1	Z3433405439	yes
C#CCCC1(CCNC(=O)c2csc(-c3nnc[nH]3)n2)N=N1	Z3433405472	yes
C#CCCC1(CCNC(=O)CN2C(=O)c3cccnc3C2=O)N=N1	Z3433405486	yes
C#CCCC1(CCNC(=O)Cc2csc(-c3nnc[nH]3)n2)N=N1	Z3433405499	yes
C#CCCC1(CCNC(=O)Cn2[nH]cc3c(=O)ncnc2-3)N=N1	Z3433405511	yes
C#CCCC1(CCNC(=O)CN2CC(=O)Nc3ccccc32)N=N1	Z3433405519	yes
C#CCCC1(CCNC(=O)c2ncoc2C2CCCO2)N=N1	Z3433405523	yes
C#CCCC1(CCNC(=O)C(F)(F)c2c[nH]c(=O)[nH]c2=O)N=N1	Z3433405562	yes
C#CCCC1(CCNC(=O)c2cnc(-n3cccn3)cn2)N=N1	Z3433405579	yes
C#CCCC1(CCNC(=O)c2ccc(Cc3nnc[nH]3)cc2)N=N1	Z3433405601	yes
C#CCCC1(CCNC(=O)c2cnc(C3CCCO3)s2)N=N1	Z3433405630	yes
C#CCCC1(CCNC(=O)Cn2c(C)cc(C)nc2=O)N=N1	Z3433405642	yes
C#CCCC1(CCNC(=O)Cc2cc(Cl)cc3c2OCC3)N=N1	Z3433405643	yes
C#CCCC1(CCNC(=O)c2cc(F)cc3[nH]nnc23)N=N1	Z3433405651	yes
C#CCCC1(CCNC(=O)c2oc(-c3cnn(C)c3)nc2C)N=N1	Z3433405674	yes
C#CCCC1(CCNC(=O)c2cn(C)c(=O)c3c2CCCC3)N=N1	Z3433405692	yes
C#CCCC1(CCNC(=O)c2cc(-c3cccnc3)n(C)n2)N=N1	Z3433405722	yes
C#CCCC1(CCNC(=O)c2cnc(C(F)(F)F)c(C#N)c2)N=N1	Z3433405731	yes
C#CCCC1(CCNC(=O)c2c[nH]nc2-c2ccccn2)N=N1	Z3433405758	yes
C#CCCC1(CCNC(=O)CNS(=O)(=O)c2cccnc2)N=N1	Z3433405791	yes
C#CCCC1(CCNC(=O)CN2Cc3ccccc3OC2=O)N=N1	Z3433405799	yes
C#CCCC1(CCNC(=O)c2coc(CS(C)(=O)=O)n2)N=N1	Z3433405802	yes
C#CCCC1(CCNC(=O)c2cncc(N3CCCC3=O)c2)N=N1	Z3433405844	yes
C#CCCC1(CCNC(=O)c2cc(C)n(C3CCOC3)c2C)N=N1	Z3433405848	yes
C#CCCC1(CCNC(=O)C2(C)Oc3ccccc3NC2=O)N=N1	Z3433405850	yes
C#CCCC1(CCNC(=O)c2cnc3c(c2)NC(=O)CN3C)N=N1	Z3433405856	yes
C#CCCC1(CCNC(=O)c2ccc(-c3cn[nH]c3)cn2)N=N1	Z3433405867	yes
C#CCCC1(CCNC(=O)c2cn(CC3CNC(=O)O3)nn2)N=N1	Z3433405875	yes
C#CCCC1(CCNC(=O)c2cc(-c3ccncc3)nn2C)N=N1	Z3433405898	yes
C#CCCC1(CCNC(=O)c2cc3c([nH]c2=O)CCOC3)N=N1	Z3433405911	yes
C#CCCC1(CCNC(=O)c2nc(OC)cc(OC)n2)N=N1	Z3433405913	yes
C#CCCC1(CCNC(=O)c2ccc3c(c2)COC(=O)N3)N=N1	Z3433405918	yes
C#CCCC1(CCNC(=O)c2cnn(-c3ccccn3)c2)N=N1	Z3433405925	yes
C#CCCC1(CCNC(=O)c2cc(=O)[nH]c3c2CCCC3)N=N1	Z3433405946	yes
C#CCCC1(CCNC(=O)Cn2nnnc2-c2ccccc2)N=N1	Z3433405956	yes
C#CCCC1(CCNC(=O)c2cc3n(n2)CCN(C)S3(=O)=O)N=N1	Z3433405962	yes
C#CCCC1(CCNC(=O)CN2Cc3c(cnn3-c3ccccc3)C2=O)N=N1	Z3433405984	yes
C#CCCC1(CCNC(=O)c2cnc(-c3ccccn3)nc2)N=N1	Z3433405987	yes
C#CCCC1(CCNC(=O)C2CCC(=O)N(c3cnn(C)c3)C2)N=N1	Z3433406002	yes
C#CCCC1(CCNC(=O)c2cnn3c(C(F)F)cc(C4CC4)nc23)N=N1	Z3433406004	yes
C#CCCC1(CCNC(=O)COc2cccc3c2OC(C)(C)C3)N=N1	Z3433406014	yes
C#CCCC1(CCNC(=O)c2nc(-c3ccc(Cl)cc3)[nH]c2CC)N=N1	Z3433406041	yes
C#CCCC1(CCNC(=O)Cn2cnc(-c3ccccc3)cc2=O)N=N1	Z3433406052	yes
C#CCCC1(CCNC(=O)C(c2cscn2)N(C)C)N=N1	Z3433406074	yes
C#CCCC1(CCNC(=O)c2cnn(CC3CCCCO3)c2)N=N1	Z3433406098	yes
C#CCCC1(CCNC(=O)CCC(=O)N2CC(=O)Nc3ccccc32)N=N1	Z3433406106	yes
C#CCCC1(CCNC(=O)c2cc(C3CC3)nc3c2c(=O)[nH]c(=O)n3C)N=N1	Z3433406132	yes
C#CCCC1(CCNC(=O)CCc2nc3c([nH]2)c(=O)[nH]c(=O)n3C)N=N1	Z3433406134	yes
C#CCCC1(CCNC(=O)c2ccc3ncc(=O)[nH]c3c2)N=N1	Z3433406148	yes
C#CCCC1(CCNC(=O)c2nnn(Cc3nnc(C)o3)c2C)N=N1	Z3433406189	yes
C#CCCC1(CCNC(=O)c2ccc(CN3CCOCC3)cn2)N=N1	Z3433406190	no
C#CCCC1(CCNC(=O)Cc2sc(-c3ccn(C)n3)nc2C)N=N1	Z3433406197	yes
C#CCCC1(CCNC(=O)c2cccc3[nH]c(=O)n(CC(C)(C)C)c23)N=N1	Z3433406201	yes
C#CCCC1(CCNC(=O)c2coc3c2C(=O)NCC(C)(C)C3)N=N1	Z3433406205	yes
C#CCCC1(CCNC(=O)Cc2c(C)nn(-c3ccccn3)c2C)N=N1	Z3433406234	yes
C#CCCC1(CCNC(=O)CCc2nc3ccccc3c(=O)[nH]2)N=N1	Z3433406262	yes
C#CCCC1(CCNC(=O)c2nc(-n3nc(C)cc3C)ccc2Cl)N=N1	Z3433406267	yes
C#CCCC1(CCNC(=O)c2ccc3c(=O)n4c(nc3c2)CCC4)N=N1	Z3433406278	yes
C#CCCC1(CCNC(=O)C2CCN(C(=O)Nc3ccccc3)CC2)N=N1	Z3433406282	yes
C#CCCC1(CCNC(=O)CN2C(=O)NC3(CCc4ccccc43)C2=O)N=N1	Z3433406286	yes
C#CCCC1(CCNC(=O)CNS(=O)(=O)c2ccc3c(c2)nnn3O)N=N1	Z3433406287	yes
C#CCCC1(CCNC(=O)c2ccccc2C(=O)N2CCCC2)N=N1	Z3433406291	yes
C#CCCC1(CCNC(=O)C(c2ccccc2)n2cnnn2)N=N1	Z3433406294	yes
C#CCCC1(CCNC(=O)c2ccc3c(c2)C(=O)N(CC2CCCO2)C3=O)N=N1	Z3433406310	yes
C#CCCC1(CCNC(=O)C2CCN(c3nc4ccccc4o3)CC2)N=N1	Z3433406316	yes
C#CCCC1(CCNC(=O)CCn2[nH]c(=O)ccc2=O)N=N1	Z3433406325	yes
C#CCCC1(CCNC(=O)c2ccc3c(c2)nc(C)c(=O)n3CC)N=N1	Z3433406346	yes
C#CCCC1(CCNC(=O)CCN2C(=O)c3ccccc3S2(=O)=O)N=N1	Z3433406350	yes
C#CCCC1(CCNC(=O)Cc2cc(=O)n(-c3ccccn3)[nH]2)N=N1	Z3433406353	yes
C#CCCC1(CCNC(=O)c2cccc(-c3nnn[nH]3)c2)N=N1	Z3433406378	yes
C#CCCC1(CCNC(=O)c2cc(S(=O)(=O)N3CCOCC3)c[nH]2)N=N1	Z3433406385	yes
C#CCCC1(CCNC(=O)C2CCCN2S(=O)(=O)c2c(C)noc2C)N=N1	Z3433406386	yes
C#CCCC1(CCNC(=O)CCn2cnc3c2c(=O)n(C)c(=O)n3C)N=N1	Z3433406401	yes
C#CCCC1(CCNC(=O)C2(S(=O)(=O)c3ccc(Cl)cc3)CCC2)N=N1	Z3433406409	yes
C#CCCC1(CCNC(=O)CCn2cnc3c(cnn3C)c2=O)N=N1	Z3433406417	yes
C#CCCC1(CCNC(=O)CC2c3ccccc3CCN2S(C)(=O)=O)N=N1	Z3433406422	yes
C#CCCC1(CCNC(=O)c2ccc3c(c2)S(=O)(=O)NC3=O)N=N1	Z3433406427	yes
C#CCCC1(CCNC(=O)c2cccn3cc(CN4CCCC4)nc23)N=N1	Z3433406433	no
C#CCCC1(CCNC(=O)c2cc(C)n(C3CN4CCC3CC4)c2C)N=N1	Z3433406450	yes
C#CCCC1(CCNC(=O)c2sc(-c3c(C)c(C)nn(C)c3=O)nc2C)N=N1	Z3433406461	yes
C#CCCC1(CCNC(=O)c2cccc(NC(=O)C3CCCO3)c2)N=N1	Z3433406463	yes
C#CCCC1(CCNC(=O)c2c(C)nc(C3CC3)[nH]c2=O)N=N1	Z3433406466	yes
C#CCCC1(CCNC(=O)c2cn3c4c(cc(F)cc4c2=O)CCC3C)N=N1	Z3433406472	yes
C#CCCC1(CCNC(=O)C2CCN(C(=O)c3cccnc3)CC2)N=N1	Z3433406495	yes
C#CCCC1(CCNC(=O)C2CN(S(C)(=O)=O)c3ccccc3O2)N=N1	Z3433406511	yes
C#CCCC1(CCNC(=O)CN(C)c2ccc(Cl)nn2)N=N1	Z3433406517	yes
C#CCCC1(CCNC(=O)CNS(=O)(=O)c2ccc3c(c2)CC(=O)N3)N=N1	Z3433406534	yes
C#CCCC1(CCNC(=O)CCc2c(C)c3c(C)nn(C)c3[nH]c2=O)N=N1	Z3433406561	yes
C#CCCC1(CCNC(=O)c2ccc(-n3[nH]c(=O)[nH]c3=O)cc2)N=N1	Z3433406574	yes
C#CCCC1(CCNC(=O)c2sc(Cc3ccccn3)nc2C)N=N1	Z3433406575	yes
C#CCCC1(CCNC(=O)c2nccnc2C(=O)N2CCOCC2)N=N1	Z3433406578	yes
C#CCCC1(CCNC(=O)c2ccc3c(=O)n(C(C)C)c(=O)[nH]c3c2)N=N1	Z3433406582	yes
C#CCCC1(CCNC(=O)COn2nnc3ccccc32)N=N1	Z3433406584	yes
C#CCCC1(CCNC(=O)CCc2c(C)nn3cnnc3c2C)N=N1	Z3433406595	yes
C#CCCC1(CCNC(=O)CCc2c(C)[nH]c3ncnn3c2=O)N=N1	Z3433406601	yes
C#CCCC1(CCNC(=O)CC2NC(=O)N(c3ccc(F)cc3)C2=O)N=N1	Z3433406610	yes
C#CCCC1(CCNC(=O)CNS(=O)(=O)c2c[nH]c3ncccc23)N=N1	Z3433406633	yes
C#CCCC1(CCNC(=O)c2ccc(NS(C)(=O)=O)cc2O)N=N1	Z3433406637	yes
C#CCCC1(CCNC(=O)C2CCN(c3ccncc3)CC2)N=N1	Z3433406645	yes
C#CCCC1(CCNC(=O)c2ccc(Oc3cccnc3)cc2)N=N1	Z3433406646	yes
C#CCCC1(CCNC(=O)CN2C(=O)Cn3c(cc4ccccc43)C2=O)N=N1	Z3433406657	yes
C#CCCC1(CCNC(=O)Cc2c(C)nc(N3CCCC3)[nH]c2=O)N=N1	Z3433406669	yes
C#CCCC1(CCNC(=O)C2Cc3ccccc3N2C(C)=O)N=N1	Z3433406691	yes
C#CCCC1(CCNC(=O)C(C)NC(=O)c2[nH]nc3ccccc23)N=N1	Z3433406697	yes
C#CCCC1(CCNC(=O)c2nc(C3CC3)n(-c3ccccc3)n2)N=N1	Z3433406702	yes
C#CCCC1(CCNC(=O)CNC(=O)c2ccc3c(c2)CCC3)N=N1	Z3433406704	yes
C#CCCC1(CCNC(=O)COc2nn(C)c3nc(C)cc(C)c23)N=N1	Z3433406715	yes
C#CCCC1(CCNC(=O)c2ccc(CN3CCNC(=O)C3)cc2)N=N1	Z3433406728	yes
C#CCCC1(CCNC(=O)c2ncoc2-c2cnn(C)c2)N=N1	Z3433406735	yes
C#CCCC1(CCNC(=O)C2(N(C)C)CCOc3ccccc32)N=N1	Z3433406736	yes
C#CCCC1(CCNC(=O)CCN2Cc3ccccc3C2=O)N=N1	Z3433406765	yes
C#CCCC1(CCNC(=O)c2ccc3c(c2)S(=O)(=O)Nc2ncnn2-3)N=N1	Z3433406784	yes
C#CCCC1(CCNC(=O)c2ccc3c(c2)CCN3C(=O)CNC(C)=O)N=N1	Z3433406795	yes
C#CCCC1(CCNC(=O)c2c[nH]c3nc(C)nn3c2=O)N=N1	Z3433406807	yes
C#CCCC1(CCNC(=O)c2cn3nc(C)sc3n2)N=N1	Z3433406861	yes
C#CCCC1(CCNC(=O)c2cncc(-c3nnn[nH]3)c2)N=N1	Z3433406877	yes
C#CCCC1(CCNC(=O)c2cc(-c3ccccn3)n[nH]2)N=N1	Z3433406919	yes
C#CCCC1(CCNC(=O)Cn2ncn3cccc3c2=O)N=N1	Z3433406925	yes
C#CCCC1(CCNC(=O)CCn2ccc3cccnc32)N=N1	Z3433406968	yes
C#CCCC1(CCNC(=O)c2cn(C)nc2-c2ccccc2OC)N=N1	Z3433406991	yes
C#CCCC1(CCNC(=O)c2ccc(NC(=O)N3CCCCC3)c(F)c2)N=N1	Z3433407009	yes
C#CCCC1(CCNC(=O)c2ccc(CC3CC(=O)NC3=O)cc2)N=N1	Z3433407016	yes
C#CCCC1(CCNC(=O)c2cc3nc(C)sc3[nH]2)N=N1	Z3433407075	yes
C#CCCC1(CCNC(=O)c2ccc(OC3CCN(C)CC3)cc2)N=N1	Z3433407089	yes
C#CCCC1(CCNC(=O)Cn2c(-c3scnc3C)nc3ccccc32)N=N1	Z3433407091	yes
C#CCCC1(CCNC(=O)C(C)NC(=O)c2cc3c(C)nn(C)c3s2)N=N1	Z3433407095	yes
C#CCCC1(CCNC(=O)CN(C)C(=O)c2cnc3cc(C)nn3c2C)N=N1	Z3433407100	yes
C#CCCC1(CCNC(=O)c2cn(-c3nc(C)cc(C)n3)nc2C)N=N1	Z3433407101	yes
C#CCCC1(CCNC(=O)c2ncoc2-c2ccc3c(c2)OCCO3)N=N1	Z3433407108	yes
C#CCCC1(CCNC(=O)C2CCN(C(=O)c3ccccn3)CC2)N=N1	Z3433407117	yes
C#CCCC1(CCNC(=O)c2cc3ccncc3c(=O)[nH]2)N=N1	Z3433407163	yes
C#CCCC1(CCNC(=O)Cc2ccc3oc(=O)[nH]c3c2)N=N1	Z3433407176	yes
C#CCCC1(CCNC(=O)c2ccn(-c3ccc(C(F)(F)F)cn3)n2)N=N1	Z3433407203	yes
C#CCCC1(CCNC(=O)CC2=NN(c3ccccc3)C(=O)C2)N=N1	Z3433407253	yes
C#CCCC1(CCNC(=O)c2ccccc2NC(=O)c2nc[nH]n2)N=N1	Z3433407261	yes
C#CCCC1(CCNC(=O)C(c2cnn(C)c2)N2CCOCC2)N=N1	Z3433407265	yes
C#CCCC1(CCNC(=O)c2ccn3cc(-c4cnn(C)c4)nc3c2)N=N1	Z3433407278	yes
C#CCCC1(CCNC(=O)c2nc(CN3CCOCC3)cs2)N=N1	Z3433407280	yes
C#CCCC1(CCNC(=O)C2CCN(c3cncc4nnnn34)CC2)N=N1	Z3433407297	yes
C#CCCC1(CCNC(=O)c2cnn(-c3cncc4nnnn34)c2)N=N1	Z3433407298	yes
C#CCCC1(CCNC(=O)c2cc(C)n(-c3cnn(C)c3)c2C)N=N1	Z3433407301	yes
C#CCCC1(CCNC(=O)c2c[nH]c(=O)n(-c3ccccc3)c2=O)N=N1	Z3433407312	yes
C#CCCC1(CCNC(=O)C2CS(=O)(=O)CN2C(C)=O)N=N1	Z3433407314	yes
C#CCCC1(CCNC(=O)c2ccc3nnc(C4CC4)n3c2)N=N1	Z3433407332	yes
C#CCCC1(CCNC(=O)CN2CC(=O)N(c3cccc(Cl)c3)C2=O)N=N1	Z3433407336	yes
C#CCCC1(CCNC(=O)CCc2ccc3c(c2)NC(=O)CO3)N=N1	Z3433407361	yes
C#CCCC1(CCNC(=O)c2cnc(-c3ccncn3)[nH]c2=O)N=N1	Z3433407375	yes
C#CCCC1(CCNC(=O)c2nc(C(F)(F)F)n3ccncc23)N=N1	Z3433407378	yes
C#CCCC1(CCNC(=O)c2cn[nH]c2-c2ccc3c(c2)OCO3)N=N1	Z3433407379	yes
C#CCCC1(CCNC(=O)c2cncc3[nH]nc(C(C)C)c23)N=N1	Z3433407399	yes
C#CCCC1(CCNC(=O)Cn2cc(-c3ccccc3)cn2)N=N1	Z3433407460	yes
C#CCCC1(CCNC(=O)Cn2ccc3c(=O)n(C)c(=O)n(C)c32)N=N1	Z3433407482	yes
C#CCCC1(CCNC(=O)c2ccc3c(c2)S(=O)(=O)NC(=O)N3)N=N1	Z3433407506	yes
C#CCCC1(CCNC(=O)c2ccc(=O)n(-c3cnn(C)c3)c2)N=N1	Z3433407520	yes
C#CCCC1(CCNC(=O)CCc2c(C)nc3nnnn3c2C)N=N1	Z3433407531	yes
C#CCCC1(CCNC(=O)c2cnc(COC)[nH]c2=O)N=N1	Z3433407535	yes
C#CCCC1(CCNC(=O)C(C)n2ccnc2-c2ccccc2)N=N1	Z3433407544	yes
C#CCCC1(CCNC(=O)C[C@@H]2NC(=O)c3ccccc3NC2=O)N=N1	Z3433407552	yes
C#CCCC1(CCNC(=O)Cc2sc(N3CCOCC3)nc2C)N=N1	Z3433407561	no
C#CCCC1(CCNC(=O)CCc2cncc(Br)c2)N=N1	Z3433407573	yes
C#CCCC1(CCNC(=O)c2ccc3c(N(C)C)ncnc3c2)N=N1	Z3433407579	no
C#CCCC1(CCNC(=O)c2cc(S(=O)(=O)C3CCCC3)ccc2F)N=N1	Z3433407601	yes
C#CCCC1(CCNC(=O)CNC(=O)c2cccc3[nH]ccc23)N=N1	Z3433407609	yes
C#CCCC1(CCNC(=O)c2c[nH]cc2-c2csc(C)n2)N=N1	Z3433407611	yes
C#CCCC1(CCNC(=O)c2ccc3nc(COC)sc3c2)N=N1	Z3433407622	yes
C#CCCC1(CCNC(=O)c2cccc(Cc3cnc(C)s3)c2)N=N1	Z3433407653	yes
C#CCCC1(CCNC(=O)C2CCN(C(=O)Cc3c(C)nn(C)c3C)CC2)N=N1	Z3433407654	yes
C#CCCC1(CCNC(=O)c2cccc(NC(=O)N3CCC(OC)CC3)c2)N=N1	Z3433407660	yes
C#CCCC1(CCNC(=O)c2cn(C)nc2-c2nccs2)N=N1	Z3433407684	yes
C#CCCC1(CCNC(=O)c2c[nH]cc2-c2scnc2C)N=N1	Z3433407690	yes
C#CCCC1(CCNC(=O)C2CCN(c3ccc(=O)[nH]n3)CC2)N=N1	Z3433407697	yes
C#CCCC1(CCNC(=O)c2cn(C(C)C)c(=O)c3ccccc23)N=N1	Z3433407700	yes
C#CCCC1(CCNC(=O)c2cc3cccnc3c(=O)[nH]2)N=N1	Z3433407757	yes
C#CCCC1(CCNC(=O)Cc2cc3ccccc3c(=O)o2)N=N1	Z3433407814	yes
C#CCCC1(CCNC(=O)c2ccc3c(c2)C=CS3(=O)=O)N=N1	Z3433407816	yes
C#CCCC1(CCNC(=O)c2ccc3c(c2)CCS3(=O)=O)N=N1	Z3433407817	yes
C#CCCC1(CCNC(=O)c2cn(-c3cnn(C)c3)cn2)N=N1	Z3433407882	yes
C#CCCC1(CCNC(=O)c2nc(C)sc2Cc2ccccc2)N=N1	Z3433407888	yes
C#CCCC1(CCNC(=O)c2cnn(C3CCCOC3)c2C(F)(F)F)N=N1	Z3433407943	yes
C#CCCC1(CCNC(=O)C2CCCc3scnc32)N=N1	Z3433407949	yes
C#CCCC1(CCNC(=O)c2ccc(S(=O)(=O)C3CCC3)cc2)N=N1	Z3433407957	yes
C#CCCC1(CCNC(=O)c2c(C)nn(C3CCCCO3)c2C)N=N1	Z3433407960	yes
C#CCCC1(CCNC(=O)c2c(C)nn(C)c2-n2nc(C)nc2C)N=N1	Z3433407993	yes
C#CCCC1(CCNC(=O)C2CCc3n[nH]c(=O)cc3C2)N=N1	Z3433408008	yes
C#CCCC1(CCNC(=O)c2cn(-c3ccc(NC(C)=O)cn3)cn2)N=N1	Z3433408013	yes
C#CCCC1(CCNC(=O)CC2(n3cccc3)CCOCC2)N=N1	Z3433408014	yes
C#CCCC1(CCNC(=O)c2cccc(C3(F)COC3)c2)N=N1	Z3433408019	yes
C#CCCC1(CCNC(=O)C(O)c2cccc3c2OCC3)N=N1	Z3433408052	yes
C#CCCC1(CCNC(=O)c2nc3cc(OC)c(OC)cc3n(C)c2=O)N=N1	Z3433408065	yes
C#CCCC1(CCNC(=O)Cn2ncc(Br)n2)N=N1	Z3433408086	yes
C#CCCC1(CCNC(=O)C2CC(=O)Nc3ncn(C)c32)N=N1	Z3433408088	yes
C#CCCC1(CCNC(=O)c2cc3ccc(-c4cnsc4)cc3[nH]2)N=N1	Z3433408239	yes
C#CCCC1(CCNC(=O)C2(c3cnn(C)c3)CCCO2)N=N1	Z3433408249	yes
C#CCCC1(CCNC(=O)CC2CCCc3oc(C)nc32)N=N1	Z3433408297	yes
C#CCCC1(CCNC(=O)c2ccncc2-n2cccn2)N=N1	Z3433408318	yes
C#CCCC1(CCNC(=O)c2c[nH]c(=O)c3ncccc23)N=N1	Z3433408320	yes
C#CCCC1(CCNC(=O)c2cc(CN(C)C)c[nH]2)N=N1	Z3433408324	yes
C#CCCC1(CCNC(=O)c2c(C)nn3cc[nH]c(=O)c23)N=N1	Z3433408326	yes
C#CCCC1(CCNC(=O)Cc2cnc3n2CCCC3C)N=N1	Z3433408330	yes
C#CCCC1(CCNC(=O)[C@@H]2Cc3cncn3C(=O)N2)N=N1	Z3433408332	yes
C#CCCC1(CCNC(=O)C(F)(F)c2ccc(=O)n(C)c2)N=N1	Z3433408340	yes
C#CCCC1(CCNC(=O)c2cn(CC(F)(F)F)cn2)N=N1	Z3433408352	yes
C#CCCC1(CCNC(=O)Cc2nc3c([nH]2)CCCC3)N=N1	Z3433408379	yes
C#CCCC1(CCNC(=O)c2n[nH]c3c2COC3(C)C)N=N1	Z3433408392	yes
C#CCCC1(CCNC(=O)c2cn(-c3ccn(C)n3)cn2)N=N1	Z3433408432	yes
C#CCCC1(CCNC(=O)c2nn(-c3cnn(C)c3)nc2C)N=N1	Z3433408444	yes
C#CCCC1(CCNC(=O)c2c(O)cc(=O)n3c2COCC3)N=N1	Z3433408445	yes
C#CCCC1(CCNC(=O)Cc2ccc3c(c2)NC(=O)C3)N=N1	Z3462042523	yes
C#CCCC1(CCNC(=O)Cn2nnc(-c3ccccc3)n2)N=N1	Z3462042530	yes
C#CCCC1(CCNC(=O)c2ccc3c(c2)OCC(=O)N3)N=N1	Z3462042537	yes
C#CCCC1(CCNC(=O)c2cc(OC)c3c(c2)OCCO3)N=N1	Z3462042539	yes
C#CCCC1(CCNC(=O)Cn2cnc3sccc3c2=O)N=N1	Z3462042544	yes
C#CCCC1(CCNC(=O)c2ccccc2-n2cnnn2)N=N1	Z3462042583	yes
C#CCCC1(CCNC(=O)c2ccc3c(c2)[nH]c(=O)n3C)N=N1	Z3462042628	yes
C#CCCC1(CCNC(=O)Cc2c(C)nc(C)[nH]c2=O)N=N1	Z3462042637	yes
C#CCCC1(CCNC(=O)c2cccc(C3(C)NC(=O)NC3=O)c2)N=N1	Z3462042651	no
C#CCCC1(CCNC(=O)Cc2nnn(C(C)(C)C)n2)N=N1	Z3462042696	yes
C#CCCC1(CCNC(=O)CN2C(=O)CCOc3ccccc32)N=N1	Z3462042722	no
C#CCCC1(CCNC(=O)CCc2nc3c(cnn3C)c(=O)[nH]2)N=N1	Z3462042737	yes
C#CCCC1(CCNC(=O)C2=CC=CN3CCS(=O)(=O)N=C23)N=N1	Z3462042750	yes
C#CCCC1(CCNC(=O)C2=CN3CCS(=O)(=O)N=C3C=C2)N=N1	Z3462042763	yes
C#CCCC1(CCNC(=O)Cn2c(=O)oc3cc(S(N)(=O)=O)ccc32)N=N1	Z3462042767	yes
C#CCCC1(CCNC(=O)c2cc(S(N)(=O)=O)c[nH]2)N=N1	Z3462042787	yes
C#CCCC1(CCNC(=O)C2=CC(c3ccccc3)NC(=O)N2)N=N1	Z3462042867	yes
C#CCCC1(CCNC(=O)c2cc3[nH]c(C(=O)OC)cc3o2)N=N1	Z3462042954	yes
C#CCCC1(CCNC(=O)C2(Cc3cnn[nH]3)CCC2)N=N1	Z3462042970	yes
C#CCCC1(CCC(=O)NC)N=N1	Z3671661036	yes
C#CCCC1(CCNCc2nn(C)c3c2COCC3)N=N1	Z3817632328	yes
C#CCCC1(CCNCc2ccnn2CC(F)F)N=N1	Z3817632678	yes
C#CCCC1(CCNCc2nc3c(s2)COCC3)N=N1	Z3817633264	yes
C#CCCC1(CCNCc2nc3cc(Br)ccc3n2C)N=N1	Z3817633880	yes
C#CCCC1(CCNCc2c(C)cc(C#N)cc2C)N=N1	Z3817633921	yes
C#CCCC1(CCNCC2CC2c2ccc(F)cc2)N=N1	Z3817634636	yes
C#CCCC1(CCNCc2ccnn2Cc2ccccc2)N=N1	Z3817636023	yes
C#CCCC1(CCNCC(CNC(=O)OC(C)(C)C)Cc2cccnc2)N=N1	Z3817636155	yes
C#CCCC1(CCNCc2cccc3nccn23)N=N1	Z3817637460	yes
C#CCCC1(CCNCc2cscc2Cl)N=N1	Z3817637643	yes
C#CCCC1(CCNCc2ccc(C(N)=O)s2)N=N1	Z3817637768	yes
C#CCCC1(CCNCc2ccc(OC)c3oc(C(=O)OC)cc23)N=N1	Z3817638118	yes
C#CCCC1(CCNCc2cc(C)nc3ccccc23)N=N1	Z3817638273	yes
C#CCCC1(CCNCc2cnn(-c3ccccc3)c2)N=N1	Z3817638912	yes
C#CCCC1(CCBr)N=N1	Z3891107478	yes
C#CCCC1(CCNCc2cc3cnn(C)c3nc2Cl)N=N1	Z4043224501	yes
C#CCCC1(CCC(=O)Nc2nc3ccc(=O)[nH]c3s2)N=N1	Z4224371661	yes
C#CCCC1(CCC(=O)N2CCC3CCCC(C2)N3C)N=N1	Z4224447300	yes
C#CCCC1(CCNC(=O)COc2ccc3c(C)cc(=O)oc3c2)N=N1	Z4225918047	yes
C#CCCC1(CCNC(=O)c2ccc(C)c(NC(=O)c3ccco3)c2)N=N1	Z4225918226	yes
C#CCCC1(CCNC(=O)CCc2nc3ccccc3n2-c2ccccc2)N=N1	Z4225918491	yes
C#CCCC1(CCNC(=O)C(NC(=O)c2c(F)cccc2F)C(C)C)N=N1	Z4225918681	yes
C#CCCC1(CCNC(=O)c2ccc(N3C(=O)CCC3=O)cc2)N=N1	Z4225918922	yes
C#CCCC1(CCNC(=O)CC2OC(=O)c3ccccc32)N=N1	Z4225919251	yes
C#CCCC1(CCNC(=O)CCC(=O)c2ccc3c(c2)OCCO3)N=N1	Z4225919334	yes
C#CCCC1(CCNC(=O)Cc2sc(C)nc2-c2ccc(C)cc2)N=N1	Z4225919343	yes
C#CCCC1(CCNC(=O)CCNS(=O)(=O)C=Cc2ccccc2)N=N1	Z4225919459	yes
C#CCCC1(CCNC(=O)C2CC(=O)N(Cc3ccc(C)cc3)C2)N=N1	Z4225919480	yes
C#CCCC1(CCNC(=O)C2CC(=O)N(c3ccc(OCC)cc3)C2)N=N1	Z4225919483	yes
C#CCCC1(CCNC(=O)C2CCN(C(=O)c3ccc(Cl)cc3)CC2)N=N1	Z4225919559	yes
C#CCCC1(CCNC(=O)CCNS(=O)(=O)c2cc(C)ccc2C)N=N1	Z4225919578	yes
C#CCCC1(CCNC(=O)c2ccc(=O)n(Cc3ccccc3)n2)N=N1	Z4225919591	yes
C#CCCC1(CCNC(=O)c2nn(CC(C)C)c(=O)c3ccccc23)N=N1	Z4225919709	yes
C#CCCC1(CCNC(=O)C2CC(=O)N(c3ccc4c(c3)OCCO4)C2)N=N1	Z4225919720	yes
C#CCCC1(CCNC(=O)C(C)NC(=O)Cc2cccc3ccccc23)N=N1	Z4225919858	yes
C#CCCC1(CCNC(=O)C=Cc2cnc3ccccc3n2)N=N1	Z4225919919	yes
C#CCCC1(CCNC(=O)C2=NN(c3cc(C)ccc3C)C(=O)CC2)N=N1	Z4225920167	yes
C#CCCC1(CCNC(=O)c2cc(S(=O)(=O)N3CCCC3)ccc2C)N=N1	Z4225920708	yes
C#CCCC1(CCNC(=O)c2cc(S(=O)(=O)N(CC)CC)ccc2C)N=N1	Z4225920711	yes
C#CCCC1(CCNC(=O)C2CCCN(C(=O)c3ccc(Cl)cc3)C2)N=N1	Z4225921356	yes
C#CCCC1(CCNC(=O)C2CCN(C(=O)c3ccc(F)cc3F)CC2)N=N1	Z4225921402	yes
C#CCCC1(CCNC(=O)CCNC(=O)c2ccc(F)cc2F)N=N1	Z4225921404	yes
C#CCCC1(CCNC(=O)c2ccc(CN3CCCC3=O)cc2)N=N1	Z4225921456	yes
C#CCCC1(CCNC(=O)COCc2nc3ccccc3s2)N=N1	Z4225921544	yes
C#CCCC1(CCNC(=O)Cn2c(=O)ccn(Cc3ccccc3)c2=O)N=N1	Z4225921813	yes
C#CCCC1(CCNC(=O)CCc2nc3ccccc3c(=O)n2C)N=N1	Z4225922030	yes
C#CCCC1(CCNC(=O)c2oc3ccccc3c2COC(C)C)N=N1	Z4225922141	yes
C#CCCC1(CCNC(=O)c2nn(-c3ccccc3Cl)c(C)cc2=O)N=N1	Z4225922306	yes
C#CCCC1(CCNC(=O)c2nn(-c3ccccc3F)c(C)cc2=O)N=N1	Z4225922317	yes
C#CCCC1(CCNC(=O)c2sc3nc4n(c(=O)c3c2C)CCCCC4)N=N1	Z4225922383	yes
C#CCCC1(CCNC(=O)c2[nH]c(CC)c(C(=O)OC)c2C)N=N1	Z4225922496	yes
C#CCCC1(CCNC(=O)c2ccc(-n3c(C)nc4ccccc4c3=O)cc2)N=N1	Z4225922530	yes
C#CCCC1(CCNC(=O)CCc2c(C)nc3cc(C)nn3c2C)N=N1	Z4225922554	yes
C#CCCC1(CCNC(=O)COc2cccc(N3CCCC3=O)c2)N=N1	Z4225922622	yes
C#CCCC1(CCNC(=O)C2CC(=O)N(c3cc(C)ccc3OC)C2)N=N1	Z4225922631	yes
C#CCCC1(CCNC(=O)c2cc(C3CC3)nc3c2cnn3C(C)C)N=N1	Z4225922650	yes
C#CCCC1(CCNC(=O)c2cccnc2SCc2c(C)noc2C)N=N1	Z4225922659	yes
C#CCCC1(CCNC(=O)c2sc(-c3ccc(OC)cc3)nc2C)N=N1	Z4225922753	yes
C#CCCC1(CCNC(=O)c2ccccc2OCc2csc(C)n2)N=N1	Z4225922756	yes
C#CCCC1(CCNC(=O)C(=O)c2c(C)nn(C)c2C)N=N1	Z4225922834	yes
C#CCCC1(CCNC(=O)c2ccc(=O)n(CCOc3ccccc3)n2)N=N1	Z4225922870	yes
C#CCCC1(CCNC(=O)c2cccc3c2OC(C)C3C)N=N1	Z4225922952	yes
C#CCCC1(CCNC(=O)CCn2cnc3sc4c(c3c2=O)CCCC4)N=N1	Z4225923065	yes
C#CCCC1(CCNC(=O)c2cc(S(=O)(=O)N3CCCC3)cn2C)N=N1	Z4225923101	yes
C#CCCC1(CCNC(=O)c2sc3nc(COC)nc(OC)c3c2C)N=N1	Z4225923123	yes
C#CCCC1(CCNC(=O)CCN2C(=O)C(C)Oc3ccccc32)N=N1	Z4225923141	yes
C#CCCC1(CCNC(=O)CCn2cnc3c(C)cccc3c2=O)N=N1	Z4225923213	yes
C#CCCC1(CCNC(=O)C2CC(=O)N(C3CCCC3)C2)N=N1	Z4225923266	yes
C#CCCC1(CCNC(=O)C(NC(=O)c2ccccc2)c2ccccc2)N=N1	Z4225923275	yes
C#CCCC1(CCNC(=O)c2cccc(OCc3cn4ccccc4n3)c2)N=N1	Z4225923307	yes
C#CCCC1(CCNC(=O)Cn2c(=O)n(CC)c3ccccc32)N=N1	Z4225923347	yes
C#CCCC1(CCNC(=O)CCc2c(C)nc3c4ccccc4nn3c2C)N=N1	Z4225923450	yes
C#CCCC1(CCNC(=O)C2=Cc3ccc(OC)cc3OC2)N=N1	Z4225923587	yes
C#CCCC1(CCNC(=O)C2CC(=O)Nc3ccccc32)N=N1	Z4225923597	yes
C#CCCC1(CCNC(=O)C(CCC)NC(=O)NCc2ccc(F)cc2)N=N1	Z4225923716	yes
C#CCCC1(CCNC(=O)CSc2nncn2-c2ccc(C)c(C)c2)N=N1	Z4225923741	yes
C#CCCC1(CCNC(=O)CCc2c(C)nc3c(c(C)nn3C)c2C)N=N1	Z4225923790	yes
C#CCCC1(CCNC(=O)Cc2c(C)nc3nc(C(F)(F)F)nn3c2C)N=N1	Z4225923797	yes
C#CCCC1(CCNC(=O)c2cnc3c(cnn3Cc3ccccc3)c2)N=N1	Z4225923802	yes
C#CCCC1(CCNC(=O)c2sc(COc3ccc(F)cc3)nc2C)N=N1	Z4225923824	yes
C#CCCC1(CCNC(=O)CCc2nc3sc4c(c3c(=O)[nH]2)CCC4)N=N1	Z4225923992	yes
C#CCCC1(CCNC(=O)C2(NC(=O)NCc3ccccc3)CCCC2)N=N1	Z4225924005	yes
C#CCCC1(CCNC(=O)CCN2C(=O)c3ccc(C)cc3C2=O)N=N1	Z4225924067	yes
C#CCCC1(CCNC(=O)C2Cc3ccccc3CN2C(=O)c2ccco2)N=N1	Z4225924244	yes
C#CCCC1(CCNC(=O)C2CCCN2C(=O)C23CC4CC(CC(C4)C2)C3)N=N1	Z4225924495	yes
C#CCCC1(CCNC(=O)c2ccc(-n3cncn3)nc2)N=N1	Z4225924548	yes
C#CCCC1(CCNC(=O)c2cnn(-c3ccc(F)cc3)c2C(F)(F)F)N=N1	Z4225924623	yes
C#CCCC1(CCNC(=O)COc2cccc(Oc3ccccn3)c2)N=N1	Z4225924756	yes
C#CCCC1(CCNC(=O)Cn2nc3n(c2=O)CCCCC3)N=N1	Z4225924804	yes
C#CCCC1(CCNC(=O)COc2ccc(Oc3ccccn3)cc2)N=N1	Z4225924847	yes
C#CCCC1(CCNC(=O)C(C)N2C(=O)c3ccc(C)cc3C2=O)N=N1	Z4225924877	yes
C#CCCC1(CCNC(=O)c2cnn(-c3cccc(C(F)(F)F)c3)c2C)N=N1	Z4225924931	yes
C#CCCC1(CCNC(=O)c2cccc(Nc3ncccn3)c2)N=N1	Z4225925320	yes
C#CCCC1(CCNC(=O)CCc2ccc(S(=O)(=O)NC3CC3)cc2)N=N1	Z4225925429	yes
C#CCCC1(CCNC(=O)c2ccc(OCc3cscn3)c(OC)c2)N=N1	Z4225925455	yes
C#CCCC1(CCNC(=O)CN2C(=O)c3ccccc3N3C(=O)CCC23C)N=N1	Z4225925477	yes
C#CCCC1(CCNC(=O)c2cnn(-c3ccc(F)cc3)c2C(C)C)N=N1	Z4225925679	yes
C#CCCC1(CCNC(=O)c2ccc(F)c(S(=O)(=O)NC(C)(C)C)c2)N=N1	Z4225925861	yes
C#CCCC1(CCNC(=O)C2CC(=O)N(c3c(C)cc(C)cc3C)C2)N=N1	Z4225926021	yes
C#CCCC1(CCNC(=O)COc2cccc(NC(=O)C3CC3)c2)N=N1	Z4225926025	yes
C#CCCC1(CCNC(=O)CCc2c(C)nc3c(c(OC)nn3C)c2C)N=N1	Z4225926141	yes
C#CCCC1(CCNC(=O)c2cnn(-c3ccccn3)c2C(F)(F)F)N=N1	Z4225926145	yes
C#CCCC1(CCNC(=O)c2ccc(-n3ncc(C(=O)OCC)c3C)cc2)N=N1	Z4225926166	yes
C#CCCC1(CCNC(=O)C=Cc2ccc(OCc3ccccn3)cc2)N=N1	Z4225926192	yes
C#CCCC1(CCNC(=O)c2cccc(NC(=O)c3cccnc3)c2)N=N1	Z4225926305	yes
C#CCCC1(CCNC(=O)c2cc(S(=O)(=O)N3CCCCC3)cn2C)N=N1	Z4225926308	yes
C#CCCC1(CCNC(=O)c2cnc3c(c2)c(C)nn3-c2ccccc2)N=N1	Z4225926458	yes
C#CCCC1(CCNC(=O)c2ccc(CN3CCCCC3=O)cc2)N=N1	Z4225926542	yes
C#CCCC1(CCNC(=O)Cc2nc3nc(C)cc(C)n3n2)N=N1	Z4225926584	yes
C#CCCC1(CCNC(=O)CCC(=O)Nc2nccs2)N=N1	Z4225926592	yes
C#CCCC1(CCNC(=O)c2cnn3c(-c4ccccc4)ccnc23)N=N1	Z4225926629	yes
C#CCCC1(CCNC(=O)Cc2csc(Cc3ccccn3)n2)N=N1	Z4225926675	yes
C#CCCC1(CCNC(=O)c2cnc3c(c2)c(C)nn3-c2ccccn2)N=N1	Z4225926688	yes
C#CCCC1(CCNC(=O)c2cc(C)c(OCc3cccnc3)c(C)c2)N=N1	Z4225926741	yes
C#CCCC1(CCNC(=O)C=Cc2ccc(S(=O)(=O)NC3CC3)cc2)N=N1	Z4225926860	yes
C#CCCC1(CCNC(=O)c2nn(-c3ccccc3F)c3c2CCC3)N=N1	Z4225926882	yes
C#CCCC1(CCNC(=O)c2cnn(Cc3ccccc3)c2C(C)C)N=N1	Z4225926936	yes
C#CCCC1(CCNC(=O)C2CCCN(C(=O)Nc3ccccc3F)C2)N=N1	Z4225927048	yes
C#CCCC1(CCNC(=O)C2CCCN(c3nc4ccccc4s3)C2)N=N1	Z4225927062	yes
C#CCCC1(CCNC(=O)COCc2cccc(OC)c2)N=N1	Z4225927089	yes
C#CCCC1(CCNC(=O)c2cc(C)nc3c2c(C)nn3C(C)(C)C)N=N1	Z4225927285	yes
C#CCCC1(CCNC(=O)Cc2csc(-n3c(C)ccc3C)n2)N=N1	Z4225927307	yes
C#CCCC1(CCNC(=O)C2CCCN2C(=O)Nc2ccc(F)cc2)N=N1	Z4225927326	yes
C#CCCC1(CCNC(=O)c2ccc(OCc3cccnc3)c(OC)c2)N=N1	Z4225927345	yes
C#CCCC1(CCNC(=O)C2=NN(Cc3ccccc3)C(=O)CC2)N=N1	Z4225927396	yes
C#CCCC1(CCNC(=O)c2ccc(OCc3nccn3C)cc2)N=N1	Z4225927414	yes
C#CCCC1(CCNC(=O)c2cc(C(C)(C)C)n3nc(C)nc3n2)N=N1	Z4225927443	yes
C#CCCC1(CCNC(=O)CC(C)n2nc(C)cc2C)N=N1	Z4225927456	yes
C#CCCC1(CCNC(=O)C(Cc2cccc(F)c2)n2nnnc2C)N=N1	Z4225927484	yes
C#CCCC1(CCNC(=O)Cn2c(=O)[nH]c3ccccc32)N=N1	Z4225927567	yes
C#CCCC1(CCNC(=O)C2=NN(Cc3ccc(F)cc3)C(=O)CC2)N=N1	Z4225927612	yes
C#CCCC1(CCNC(=O)c2cccc(CS(=O)(=O)c3ccccc3)c2)N=N1	Z4225927682	yes
C#CCCC1(CCNC(=O)C2CCCN(C(=O)c3cc(C)cc(C)c3)C2)N=N1	Z4225927812	yes
C#CCCC1(CCNC(=O)C2CCCN(C(=O)Nc3cccc(C)c3)C2)N=N1	Z4225928002	yes
C#CCCC1(CCNC(=O)c2c(C)nn3c(C)cc(C)nc23)N=N1	Z4225928092	yes
C#CCCC1(CCNC(=O)c2[nH]c(C)c(C(=O)OC)c2CCC)N=N1	Z4225928212	yes
C#CCCC1(CCNC(=O)c2cc(C)nc3cc(C)nn23)N=N1	Z4225928220	yes
C#CCCC1(CCNC(=O)c2cc(F)ccc2NC(=O)CCOC)N=N1	Z4225928252	yes
C#CCCC1(CCNC(=O)CN(C)C(=O)C(C)n2cccn2)N=N1	Z4225928312	yes
C#CCCC1(CCNC(=O)Cc2cc(=O)oc3cc(OC)ccc23)N=N1	Z4225928636	yes
C#CCCC1(CCNC(=O)C2CCCN(C(=O)CCOc3ccccc3)C2)N=N1	Z4225928811	yes
C#CCCC1(CCNC(=O)C2CCCCN2CC(C)C)N=N1	Z4225928843	yes
C#CCCC1(CCNC(=O)CN(C)C(=O)c2ccc(F)cc2)N=N1	Z4225928957	yes
C#CCCC1(CCNC(=O)C(C(C)C)n2nnc(-c3ccccc3)n2)N=N1	Z4225928962	yes
C#CCCC1(CCNC(=O)C2CCN(c3cc(F)cc(F)c3)C2=O)N=N1	Z4225929007	yes
C#CCCC1(CCNC(=O)CC(O)(c2nc(C)cs2)C(F)(F)F)N=N1	Z4225929114	yes
C#CCCC1(CCNC(=O)c2cnn(C)c2-n2c(C)ccc2C)N=N1	Z4225929119	yes
C#CCCC1(CCNC(=O)C2CCCN(Cc3cccnc3)C2)N=N1	Z4225929170	yes
C#CCCC1(CCNC(=O)c2ccc(Cl)c(N3CCCS3(=O)=O)c2)N=N1	Z4225929251	yes
C#CCCC1(CCNC(=O)CCNc2cc(C)ccc2OC)N=N1	Z4225929499	yes
C#CCCC1(CCNC(=O)C(NC(=O)c2ccncc2)C(C)C)N=N1	Z4225929671	yes
C#CCCC1(CCNC(=O)c2nc(OC(C)C)ccc2Cl)N=N1	Z4225929714	yes
C#CCCC1(CCNC(=O)c2ccc(-c3ccncc3)[nH]c2=O)N=N1	Z4225929755	yes
C#CCCC1(CCNC(=O)C2CCN(c3nc(C)cs3)CC2)N=N1	Z4225929762	yes
C#CCCC1(CCNC(=O)c2csc(-c3ccccn3)n2)N=N1	Z4225929883	yes
C#CCCC1(CCNC(=O)C(C(C)C)N2CC(C)OC(C)C2)N=N1	Z4225929887	yes
C#CCCC1(CCNC(=O)c2cc3ccccc3c(OCCOC)n2)N=N1	Z4225930090	yes
C#CCCC1(CCNC(=O)CCCn2nnc(-c3ccccc3)n2)N=N1	Z4225930257	yes
C#CCCC1(CCNC(=O)CN(C)Cc2nnc(C)n2C)N=N1	Z4225930318	yes
C#CCCC1(CCNC(=O)c2ccc(Cn3nc(C)cc3C)cc2)N=N1	Z4225930333	yes
C#CCCC1(CCNC(=O)c2ccc(S(=O)(=O)C3CCCC3)cc2)N=N1	Z4225930419	yes
C#CCCC1(CCNC(=O)c2ccccc2Oc2cccnc2)N=N1	Z4225930452	yes
C#CCCC1(CCNC(=O)c2cn(CCN(C)C)c3ccccc23)N=N1	Z4225930508	yes
C#CCCC1(CCNC(=O)c2cccnc2Oc2cccnc2)N=N1	Z4225930574	yes
C#CCCC1(CCNC(=O)c2cccc(-n3nccc3C(F)(F)F)c2)N=N1	Z4225930590	yes
C#CCCC1(CCNC(=O)C2CCCN2C(=O)c2ccc3c(c2)OCO3)N=N1	Z4225930645	yes
C#CCCC1(CCNC(=O)c2cnc3c(cnn3C(C)C3CC3)c2)N=N1	Z4225930689	yes
C#CCCC1(CCNC(=O)c2cc(-n3ccnc3C)ccn2)N=N1	Z4225930786	yes
C#CCCC1(CCNC(=O)c2ccc(CN(CC)C3CC3)cc2)N=N1	Z4225930850	yes
C#CCCC1(CCNC(=O)c2cccn2Cc2ccncc2)N=N1	Z4225931030	yes
C#CCCC1(CCNC(=O)c2oc3ccccc3c2Cn2cccn2)N=N1	Z4225931242	yes
C#CCCC1(CCNC(=O)C2CC(=O)N(Cc3ccc(OC)cc3)C2)N=N1	Z4225931265	yes
C#CCCC1(CCNC(=O)c2ccc(N3CCCC3)nn2)N=N1	Z4225931436	yes
C#CCCC1(CCNC(=O)C2CCN(c3nc4ccccc4s3)CC2)N=N1	Z4225931663	yes
C#CCCC1(CCNC(=O)c2ccccc2S(=O)(=O)N2CCCC2)N=N1	Z4225931710	yes
C#CCCC1(CCNC(=O)C2(NC(C)=O)CCCc3ccccc32)N=N1	Z4225931784	yes
C#CCCC1(CCNC(=O)C(c2ccccc2)N2CCCCC2=O)N=N1	Z4225931960	yes
C#CCCC1(CCNC(=O)C2CS(=O)(=O)c3ccccc3O2)N=N1	Z4225932023	yes
C#CCCC1(CCNC(=O)C2CCCN2c2ccc(C#N)cc2)N=N1	Z4225932027	yes
C#CCCC1(CCNC(=O)c2ncccc2OCc2ccncc2)N=N1	Z4225932047	yes
C#CCCC1(CCNC(=O)c2cc(C(=O)OC)nn2-c2ccccc2)N=N1	Z4225932216	yes
C#CCCC1(CCNC(=O)c2occc2CN2c3ccccc3CC2C)N=N1	Z4225932244	yes
C#CCCC1(CCNC(=O)C(Cc2ccccc2)N2CCCOC2=O)N=N1	Z4225932332	yes
C#CCCC1(CCNC(=O)CCCc2ccc3c(c2)CC(=O)N3)N=N1	Z4225932445	yes
C#CCCC1(CCNC(=O)C2CCCCN2Cc2ccncc2)N=N1	Z4225932608	yes
C#CCCC1(CCNC(=O)C2CCCCN2C(=O)C2CCCO2)N=N1	Z4225932611	yes
C#CCCC1(CCNC(=O)C2CCCCN2Cc2cccnc2)N=N1	Z4225932638	yes
C#CCCC1(CCNC(=O)CCc2nc3cccnc3[nH]2)N=N1	Z4225932642	yes
C#CCCC1(CCNC(=O)C2CCN(c3ccc4c(c3)OCCO4)C2=O)N=N1	Z4225932661	yes
C#CCCC1(CCNC(=O)c2cccc(S(=O)(=O)Cc3ccccc3)c2)N=N1	Z4225932747	yes
C#CCCC1(CCNC(=O)c2ccccc2N(C)C(=O)c2ccco2)N=N1	Z4225932773	yes
C#CCCC1(CCNC(=O)CCCc2nnc(C)n2C)N=N1	Z4225932776	yes
C#CCCC1(CCNC(=O)c2ccccc2CS(=O)(=O)c2ccccc2)N=N1	Z4225932801	yes
C#CCCC1(CCNC(=O)c2nnn(-c3ccc(OC(F)F)cc3)c2C)N=N1	Z4225932814	yes
C#CCCC1(CCNC(=O)c2nnn(-c3cccc4ncccc34)c2C)N=N1	Z4225932828	yes
C#CCCC1(CCNC(=O)c2nnn(-c3ccc(OC(C)C)cc3)c2C)N=N1	Z4225932831	yes
C#CCCC1(CCNC(=O)c2nnn(-c3cccc4c3CCN(C)C4)c2C)N=N1	Z4225932881	yes
C#CCCC1(CCNC(=O)CCc2csc3nc(C4CC4)cn23)N=N1	Z4225932950	yes
C#CCCC1(CCNC(=O)c2nn(C)c3ccccc3c2=O)N=N1	Z4225933087	yes
C#CCCC1(CCNC(=O)c2ccc(Oc3ccc(C#N)cn3)cc2)N=N1	Z4225933106	yes
C#CCCC1(CCNC(=O)c2cccc(Nc3ccncc3)c2)N=N1	Z4225933199	yes
C#CCCC1(CCNC(=O)c2cnn(CCN3CCOCC3)c2)N=N1	Z4225933253	yes
C#CCCC1(CCNC(=O)c2cccc(Oc3ccncc3)c2)N=N1	Z4225933278	yes
C#CCCC1(CCNC(=O)C2CC(=O)N(CC3CCCN3CC)C2)N=N1	Z4225933313	yes
C#CCCC1(CCNC(=O)c2oc3ccccc3c2CN(C)C)N=N1	Z4225933349	yes
C#CCCC1(CCNC(=O)C2(O)CCN(Cc3ccccc3)C2)N=N1	Z4225933423	yes
C#CCCC1(CCNC(=O)Cc2cnc3ccccc3c2)N=N1	Z4225933477	yes
C#CCCC1(CCNC(=O)C2CCC(=O)N(C)C2c2ccc(OC)cc2)N=N1	Z4225933533	yes
C#CCCC1(CCNC(=O)C2CCCN(CC(=O)Nc3ccccc3)C2)N=N1	Z4225933568	yes
C#CCCC1(CCNC(=O)c2nc(C(C)C)n(-c3cccc(F)c3)n2)N=N1	Z4225933631	yes
C#CCCC1(CCNC(=O)CN(Cc2cccnc2)c2ccccc2)N=N1	Z4225933642	yes
C#CCCC1(CCNC(=O)c2ccccc2OC2CCC2)N=N1	Z4225933662	yes
C#CCCC1(CCNC(=O)c2nc(-c3ccc(OC)cc3)oc2C)N=N1	Z4225933664	yes
C#CCCC1(CCNC(=O)c2cccc(Nc3ccc(C)nn3)c2)N=N1	Z4225933695	yes
C#CCCC1(CCNC(=O)c2ccc(N3CCCS3(=O)=O)cc2Cl)N=N1	Z4225933698	yes
C#CCCC1(CCNC(=O)CN2CCN(c3ccccn3)CC2)N=N1	Z4225933718	yes
C#CCCC1(CCNC(=O)c2cccc(Oc3cnccn3)c2)N=N1	Z4225933733	yes
C#CCCC1(CCNC(=O)c2cc(N3CCNC3=O)ccc2F)N=N1	Z4225933774	yes
C#CCCC1(CCNC(=O)c2ccccc2CN2CCOCC2)N=N1	Z4225933857	yes
C#CCCC1(CCNC(=O)c2ccc(OCc3cnn(C)c3)c(OC)c2)N=N1	Z4225933894	yes
C#CCCC1(CCNC(=O)c2cn(-c3cccc(C(F)(F)F)c3)nn2)N=N1	Z4225933928	yes
C#CCCC1(CCNC(=O)C2CCCN2Cc2ccccn2)N=N1	Z4225933989	yes
C#CCCC1(CCNC(=O)CCN2CCN(c3ccccc3)CC2)N=N1	Z4225934031	yes
C#CCCC1(CCNC(=O)C2CCN(Cc3cccnc3)CC2)N=N1	Z4225934033	yes
C#CCCC1(CCNC(=O)C2CN(Cc3ccccc3)CCO2)N=N1	Z4225934064	yes
C#CCCC1(CCNC(=O)c2ccc3c(c2)NC(=O)CCN3C)N=N1	Z4225934329	yes
C#CCCC1(CCNC(=O)C2CC2c2ccc3c(c2)OCCO3)N=N1	Z4225934373	yes
C#CCCC1(CCNC(=O)c2ccc(-n3cncn3)c(F)c2)N=N1	Z4225934390	yes
C#CCCC1(CCNC(=O)C2(C)CCCN(C(=O)c3ccccc3)C2)N=N1	Z4225934450	yes
C#CCCC1(CCNC(=O)c2nc(C(C)C)n(-c3ccccc3F)n2)N=N1	Z4225934474	yes
C#CCCC1(CCNC(=O)c2cccc(-c3nnc(C)o3)c2)N=N1	Z4225934582	yes
C#CCCC1(CCNC(=O)c2c[nH]nc2-c2cccc(OC(F)F)c2)N=N1	Z4225934590	yes
C#CCCC1(CCNC(=O)CCc2nncn2-c2ccccc2)N=N1	Z4225934655	yes
C#CCCC1(CCNC(=O)c2ccc(-n3nc(C)nc3C)cc2)N=N1	Z4225934691	yes
C#CCCC1(CCNC(=O)c2ccnc(N(C)CC3CC3)c2)N=N1	Z4225934819	yes
C#CCCC1(CCNC(=O)c2ccnc(-n3ccnc3C)c2)N=N1	Z4225934826	yes
C#CCCC1(CCNC(=O)c2ccc(F)c(COCC3CC3)c2)N=N1	Z4225934860	yes
C#CCCC1(CCNC(=O)c2cc(OCc3ccccc3)ccn2)N=N1	Z4225934863	yes
C#CCCC1(CCNC(=O)CCCOc2cccnc2)N=N1	Z4225934892	yes
C#CCCC1(CCNC(=O)C2CC23CCc2ccccc23)N=N1	Z4225934930	yes
C#CCCC1(CCNC(=O)c2ccnc(N3CCOC(C)C3)c2)N=N1	Z4225934964	yes
C#CCCC1(CCNC(=O)CCc2nnc(C(C)C)o2)N=N1	Z4225935195	yes
C#CCCC1(CCNC(=O)c2ccc(-c3nc(C4CC4)n[nH]3)cc2)N=N1	Z4225935288	yes
C#CCCC1(CCNC(=O)CN(C)C(=O)c2cnn(C)c2-n2cccc2)N=N1	Z4225935341	yes
C#CCCC1(CCNC(=O)c2cnc(C(C)OC)s2)N=N1	Z4225935446	yes
C#CCCC1(CCNC(=O)C(Cc2c[nH]c3cc(F)ccc23)NC(C)=O)N=N1	Z4225935450	yes
C#CCCC1(CCNC(=O)CCCc2csc(C)n2)N=N1	Z4225935583	yes
C#CCCC1(CCNC(=O)C2CCC(=O)N(Cc3ccccc3)C2)N=N1	Z4225935654	yes
C#CCCC1(CCNC(=O)c2ccc(-c3nc(C4CC4)no3)cc2)N=N1	Z4225935745	yes
C#CCCC1(CCNC(=O)CCc2nnc(C3CCCC3)o2)N=N1	Z4225936280	yes
C#CCCC1(CCNC(=O)CN2CCc3cc(OC)c(OC)cc3C2)N=N1	Z4225936430	yes
C#CCCC1(CCNC(=O)c2cccc(COC3CCOCC3)c2)N=N1	Z4225936696	yes
C#CCCC1(CCNC(=O)c2cc3c(cc2F)NC(=O)CC3)N=N1	Z4225936714	yes
C#CCCC1(CCNC(=O)c2ccccc2COC2CCOCC2)N=N1	Z4225936717	yes
C#CCCC1(CCNC(=O)c2cn(-c3cc(C)ccc3OC)cn2)N=N1	Z4225936737	yes
C#CCCC1(CCNC(=O)c2ccc(-c3n[nH]c(CC)n3)cc2)N=N1	Z4225936814	yes
C#CCCC1(CCNC(=O)C2CCCN2c2ncnc3sc(C)cc23)N=N1	Z4225936841	yes
C#CCCC1(CCNC(=O)C2(OCc3ccccc3)CCOCC2)N=N1	Z4225936992	yes
C#CCCC1(CCNC(=O)C2CCc3[nH]nc(C(F)(F)F)c3C2)N=N1	Z4225937020	yes
C#CCCC1(CCNC(=O)c2cn3cc(C)nc3s2)N=N1	Z4225937062	yes
C#CCCC1(CCNC(=O)c2oc3c(F)cc(F)cc3c2C)N=N1	Z4225937096	yes
C#CCCC1(CCNC(=O)c2c(C3CC3)nc3sccn23)N=N1	Z4225937118	yes
C#CCCC1(CCNC(=O)c2cccc(C3OCCO3)c2)N=N1	Z4225937499	yes
C#CCCC1(CCNC(=O)c2cccc3c2oc(=O)n3C)N=N1	Z4225937518	yes
C#CCCC1(CCNC(=O)c2cncc(N3CCOCC3)c2)N=N1	Z4225937526	yes
C#CCCC1(CCNC(=O)C(OC2CCOCC2)c2ccccc2)N=N1	Z4225937647	yes
C#CCCC1(CCNC(=O)c2cc(OCCOC)c3ccccc3n2)N=N1	Z4225937684	yes
C#CCCC1(CCNC(=O)C2CCC(=O)N(c3ccc(C)c(C)c3)C2)N=N1	Z4225937743	yes
C#CCCC1(CCNC(=O)CN(CCc2ccccc2)C(C)=O)N=N1	Z4225937783	yes
C#CCCC1(CCNC(=O)c2ccnc(OCCN(C)C)c2)N=N1	Z4225937836	yes
C#CCCC1(CCNC(=O)c2nn(-c3ccccc3)cc2CCCO)N=N1	Z4225937869	yes
C#CCCC1(CCNC(=O)c2cnn(C3CCCC3)c2C)N=N1	Z4225937934	yes
C#CCCC1(CCNC(=O)c2cccc(N3CCN(C)CC3)n2)N=N1	Z4225937991	yes
C#CCCC1(CCNC(=O)c2cnn(C(C)C)c2C2CC2)N=N1	Z4225938060	yes
C#CCCC1(CCNC(=O)c2cc3c(cc2O)OCO3)N=N1	Z4225938248	yes
C#CCCC1(CCNC(=O)C(c2ccccc2)N2CCC(O)CC2)N=N1	Z4225938279	yes
C#CCCC1(CCNC(=O)c2ccc(OC)c(-c3ccn(C)n3)c2)N=N1	Z4225938332	yes
C#CCCC1(CCNC(=O)Cc2cccc(OCc3cccnc3)c2)N=N1	Z4225938390	yes
C#CCCC1(CCNC(=O)CN(C(=O)c2ccccc2)c2ccccc2)N=N1	Z4225938452	yes
C#CCCC1(CCNC(=O)C(C)n2nnnc2C(C)(C)C)N=N1	Z4225938484	yes
C#CCCC1(CCNC(=O)c2cc(C(C)C)[nH]c(=O)c2)N=N1	Z4225938532	yes
C#CCCC1(CCNC(=O)c2csc(NC3CC3)n2)N=N1	Z4225938590	yes
C#CCCC1(CCNC(=O)c2cnc3sc(C)c(C)n3c2=O)N=N1	Z4225938661	yes
C#CCCC1(CCNC(=O)c2cc(C)n(C(C)C3CC3)n2)N=N1	Z4225938810	yes
C#CCCC1(CCNC(=O)C2CCn3c(cnc3-c3ccccc3)C2)N=N1	Z4225938868	yes
C#CCCC1(CCNC(=O)CCN(C)c2ccncc2)N=N1	Z4225939017	yes
C#CCCC1(CCNC(=O)c2ccc(-c3ncn(C)n3)cc2)N=N1	Z4225939273	yes
C#CCCC1(CCNC(=O)c2ccccc2C(=O)c2ccc(OC)cc2)N=N1	Z4225939298	yes
C#CCCC1(CCNC(=O)c2c(C)nn(C)c2OCC2CCCCO2)N=N1	Z4225939707	yes
C#CCCC1(CCNC(=O)COCCNC(=O)c2ccccc2)N=N1	Z4225939740	yes
C#CCCC1(CCNC(=O)c2cccc(CNc3ccncn3)c2)N=N1	Z4225939793	yes
C#CCCC1(CCNC(=O)c2scnc2C2CCCC2)N=N1	Z4225939970	yes
C#CCCC1(CCNC(=O)c2cn(CC3(C)COC3)nn2)N=N1	Z4225939975	yes
C#CCCC1(CCNC(=O)c2cc(C)n(Cc3ccncc3)c2C)N=N1	Z4225940078	yes
C#CCCC1(CCNC(=O)CCC(=O)c2ccc3c(c2)CCC(=O)N3)N=N1	Z4225940286	yes
C#CCCC1(CCNC(=O)c2cnn(-c3ccccc3OC)c2CC)N=N1	Z4225940438	yes
C#CCCC1(CCNC(=O)c2ccc(=O)n(Cc3csc(C(C)C)n3)c2)N=N1	Z4225940518	yes
C#CCCC1(CCNC(=O)c2cnn(-c3ccc(OC)cc3)c2CC)N=N1	Z4225940597	yes
C#CCCC1(CCNC(=O)c2[nH]cnc2C(=O)c2ccccc2)N=N1	Z4225940687	yes
C#CCCC1(CCNC(=O)CCn2c(C)nc3ccccc32)N=N1	Z4225940758	yes
C#CCCC1(CCNC(=O)c2cc(N(C)CCOC)ccn2)N=N1	Z4225941016	yes
C#CCCC1(CCNC(=O)c2cn(C)nc2-c2cnn(CC)c2)N=N1	Z4225941153	yes
C#CCCC1(CCNC(=O)Cc2c[nH]c3cccc(OCC)c23)N=N1	Z4225941706	yes
C#CCCC1(CCNC(=O)c2cc(C)ccc2-n2cnnc2)N=N1	Z4225941731	yes
C#CCCC1(CCNC(=O)c2ccc(OC)cc2OCC2CC2)N=N1	Z4225942236	yes
C#CCCC1(CCNC(=O)C2COCCN2C2CCCC2)N=N1	Z4225942270	yes
C#CCCC1(CCNC(=O)c2oc(CC3CC3)nc2C)N=N1	Z4225942276	yes
C#CCCC1(CCNC(=O)C2CCC(=O)N2Cc2cccc(C#N)c2)N=N1	Z4225942369	yes
C#CCCC1(CCNC(=O)C2=C(C)N(C)c3ncnn3C2C)N=N1	Z4225942401	yes
C#CCCC1(CCNC(=O)c2ccc(OC3CC3)cc2OC)N=N1	Z4225942501	yes
C#CCCC1(CCNC(=O)c2cnn(-c3ccccc3C)c2C(C)C)N=N1	Z4225942553	yes
C#CCCC1(CCNC(=O)C2CCCCN2C2CCCC2)N=N1	Z4225942835	yes
C#CCCC1(CCNC(=O)c2cnn(CCN(C)C)c2-c2ccccc2)N=N1	Z4225943020	yes
C#CCCC1(CCNC(=O)C2CC(=O)N(C)C2c2cnn(C)c2)N=N1	Z4225943188	yes
C#CCCC1(CCNC(=O)Cn2cc(-c3ccccc3)c(C)n2)N=N1	Z4225943415	yes
C#CCCC1(CCNC(=O)c2ccccc2-c2ccccc2C(=O)OC)N=N1	Z4225943442	yes
C#CCCC1(CCNC(=O)c2ccc(NCC3CC3)nc2)N=N1	Z4225943663	yes
C#CCCC1(CCNC(=O)c2nc(-c3ccccc3)cs2)N=N1	Z4225943687	yes
C#CCCC1(CCNC(=O)C2CN(C)C(=O)c3ccccc32)N=N1	Z4225943713	yes
C#CCCC1(CCNC(=O)CCCOc2ccc3c(c2)NC(=O)CC3)N=N1	Z4225943755	yes
C#CCCC1(CCNC(=O)c2cnn(-c3ccncc3)c2C(F)F)N=N1	Z4225943798	yes
C#CCCC1(CCNC(=O)Cc2ccc(OCC)cn2)N=N1	Z4225943879	yes
C#CCCC1(CCNC(=O)c2nnn(CC3CCCC3)c2C)N=N1	Z4225943973	yes
C#CCCC1(CCNC(=O)CN2CCc3ccccc3C2=O)N=N1	Z4225944019	yes
C#CCCC1(CCNC(=O)C(C)(O)Cn2ccccc2=O)N=N1	Z4225944032	yes
C#CCCC1(CCNC(=O)C2CC(c3cc(OC)ccc3OC)=NO2)N=N1	Z4225944257	yes
C#CCCC1(CCNC(=O)C2CCC(NC(=O)C3CC3)CC2)N=N1	Z4225944361	yes
C#CCCC1(CCNC(=O)C2Cc3ccc(F)cc3C(=O)O2)N=N1	Z4225944375	yes
C#CCCC1(CCNC(=O)Cc2ccc(N3CCOC3=O)cc2)N=N1	Z4225944389	yes
C#CCCC1(CCNC(=O)CCC(=O)c2cnn(C)c2)N=N1	Z4225944501	yes
C#CCCC1(CCNC(=O)c2cc(C3CC3)cnc2Cl)N=N1	Z4225944513	yes
C#CCCC1(CCNC(=O)CC2(CC)CC(=O)c3ccccc3C2)N=N1	Z4225944634	yes
C#CCCC1(CCNC(=O)c2c(-c3cccc(Cl)c3)noc2C)N=N1	Z4225944671	yes
C#CCCC1(CCNC(=O)C2CCN(CC(F)F)CC2)N=N1	Z4225944788	yes
C#CCCC1(CCNC(=O)c2cnc(C3OCCO3)s2)N=N1	Z4225944872	yes
C#CCCC1(CCNC(=O)c2cc(-n3nnnc3C)cc(C(F)(F)F)c2)N=N1	Z4225945000	yes
C#CCCC1(CCNC(=O)c2cnn(-c3ccccc3OC)c2C)N=N1	Z4225945012	yes
C#CCCC1(CCNC(=O)C(CC)N2CCOC(CC)C2)N=N1	Z4225945179	yes
C#CCCC1(CCNC(=O)C(=O)c2ccc3c(c2)CCC(=O)N3)N=N1	Z4225945411	yes
C#CCCC1(CCNC(=O)c2c(OC)cnc3ccccc23)N=N1	Z4225945414	yes
C#CCCC1(CCNC(=O)C2CCCN(CCc3ccccc3)C2)N=N1	Z4225945439	yes
C#CCCC1(CCNC(=O)C2CCS(=O)(=O)c3ccccc32)N=N1	Z4225945537	yes
C#CCCC1(CCNC(=O)c2cnc(OCC3CC3)cn2)N=N1	Z4225945544	yes
C#CCCC1(CCNC(=O)C2CCc3c(nnn3CC)C2)N=N1	Z4225945570	yes
C#CCCC1(CCNC(=O)[C@@H]2[C@@H](C)OCC(=O)N2Cc2ccccc2)N=N1	Z4225945725	yes
C#CCCC1(CCNC(=O)C2CCc3cnc(C)n3C2)N=N1	Z4225945802	yes
C#CCCC1(CCNC(=O)CC(c2nccn2C)C(F)(F)F)N=N1	Z4225945804	yes
C#CCCC1(CCNC(=O)CC(c2ccccc2)c2ncc[nH]2)N=N1	Z4225945807	yes
C#CCCC1(CCNC(=O)C2(c3ccc(OC)cc3)CC3(CCC3)C2)N=N1	Z4225945887	yes
C#CCCC1(CCNC(=O)C(CN2CCCC2)c2ccccc2)N=N1	Z4225946012	yes
C#CCCC1(CCNC(=O)c2ccnc(NC(=O)C3CC3)c2)N=N1	Z4225946059	yes
C#CCCC1(CCNC(=O)C2CCN(c3ccc(C#N)cc3F)C2)N=N1	Z4225946147	yes
C#CCCC1(CCNC(=O)C(C)Cc2cncc3ccccc23)N=N1	Z4225946266	yes
C#CCCC1(CCNC(=O)COC(C)c2nccn2C)N=N1	Z4225946269	yes
C#CCCC1(CCNC(=O)C2(C)C3Cc4ccccc4C32)N=N1	Z4225946295	yes
C#CCCC1(CCNC(=O)c2cc(Nc3ccccc3)ncn2)N=N1	Z4225946343	yes
C#CCCC1(CCNC(=O)C2CC(c3ccccc3)OC2=O)N=N1	Z4225946369	yes
C#CCCC1(CCNC(=O)C2CCC(=O)N(c3ccccc3OC)C2)N=N1	Z4225946471	yes
C#CCCC1(CCNC(=O)Cc2nnc(-c3ccccc3)n2C)N=N1	Z4225946734	yes
C#CCCC1(CCNC(=O)C2(c3ccccc3)CCC(=O)NC2)N=N1	Z4225946759	yes
C#CCCC1(CCNC(=O)C2CCn3c(cnc3C)C2)N=N1	Z4225946904	yes
C#CCCC1(CCNC(=O)C2CCCN(Cc3ccccn3)C2)N=N1	Z4225947028	yes
C#CCCC1(CCNC(=O)C2CCc3nnc(C4CC4)n3C2)N=N1	Z4225947030	yes
C#CCCC1(CCNC(=O)c2ncsc2Nc2ccccc2)N=N1	Z4225947037	yes
C#CCCC1(CCNC(=O)C2(c3ccccc3)CCN(CC)CC2)N=N1	Z4225947066	yes
C#CCCC1(CCNC(=O)CN2C(=O)C(F)(F)Oc3ccccc32)N=N1	Z4225947136	yes
C#CCCC1(CCNC(=O)c2ccccc2NS(=O)(=O)C2CC2)N=N1	Z4225947470	yes
C#CCCC1(CCNC(=O)c2cccn2CCN2CCOCC2)N=N1	Z4225947666	yes
C#CCCC1(CCNC(=O)c2c3n(c(=O)n2C)CCCC3)N=N1	Z4225947694	yes
C#CCCC1(CCNC(=O)Cc2nc(-c3ccccc3)cs2)N=N1	Z4225947823	yes
C#CCCC1(CCNC(=O)C(C)OCc2ccncc2)N=N1	Z4225947865	yes
C#CCCC1(CCNC(=O)CCc2nc3ccncc3[nH]2)N=N1	Z4225947892	yes
C#CCCC1(CCNC(=O)c2ccn(CCn3cccn3)n2)N=N1	Z4225947905	yes
C#CCCC1(CCNC(=O)CCCn2nc(C)nc2C)N=N1	Z4225947997	yes
C#CCCC1(CCNC(=O)c2ccc(C3OCCO3)cc2)N=N1	Z4225948116	yes
C#CCCC1(CCNC(=O)c2cc(F)c(N3CCOCC3)c(F)c2)N=N1	Z4225948290	yes
C#CCCC1(CCNC(=O)c2c(F)ccc(S(=O)(=O)CC3CC3)c2F)N=N1	Z4225948307	yes
C#CCCC1(CCNC(=O)Cc2ccccc2OC2CCOC2)N=N1	Z4225948405	yes
C#CCCC1(CCNC(=O)c2ccc(Nc3nccs3)cc2F)N=N1	Z4225948472	yes
C#CCCC1(CCNC(=O)c2cc(C)n(CC(=O)OCC)c2C)N=N1	Z4225948524	yes
C#CCCC1(CCNC(=O)c2ccccc2NCc2cccnc2)N=N1	Z4225948695	yes
C#CCCC1(CCNC(=O)c2cn(-c3ccccc3C)nn2)N=N1	Z4225948887	yes
C#CCCC1(CCNC(=O)C2CC(C)(C)Oc3ccccc32)N=N1	Z4225948899	yes
C#CCCC1(CCNC(=O)c2ccnn2CCN(C)C)N=N1	Z4225948990	yes
C#CCCC1(CCNC(=O)c2cccc3sc(C(F)(F)F)nc23)N=N1	Z4225949006	yes
C#CCCC1(CCNC(=O)C2COCCC2c2ccccc2)N=N1	Z4225949019	yes
C#CCCC1(CCNC(=O)C2CC(=O)c3cc(F)ccc3O2)N=N1	Z4225949069	yes
C#CCCC1(CCNC(=O)c2nnn(Cc3ccccc3)c2CC)N=N1	Z4225949130	yes
C#CCCC1(CCNC(=O)c2cccc(C3CCCN(C)C3)c2)N=N1	Z4225949171	yes
C#CCCC1(CCNC(=O)c2c[nH]nc2C2CCOCC2)N=N1	Z4225949277	yes
C#CCCC1(CCNC(=O)c2cn3c(n2)CCCC3C(=O)OC)N=N1	Z4225949339	yes
C#CCCC1(CCNC(=O)Cc2nc(C3CC3)nn2C)N=N1	Z4225949634	yes
C#CCCC1(CCNC(=O)CC(C)n2ccnc2CC)N=N1	Z4225949785	yes
C#CCCC1(CCNC(=O)C2(Cc3ccccc3)CCN(C)C2=O)N=N1	Z4225949821	yes
C#CCCC1(CCNC(=O)c2ccc3[nH]c(=O)n(CCN(C)C)c3c2)N=N1	Z4225949831	yes
C#CCCC1(CCNC(=O)Cc2nccc(OCCC)n2)N=N1	Z4225949840	yes
C#CCCC1(CCNC(=O)c2nnn(Cc3ccc(OC)cc3)c2C)N=N1	Z4225949858	yes
C#CCCC1(CCNC(=O)CC2(Cn3cnnn3)CCCCC2)N=N1	Z4225949863	yes
C#CCCC1(CCNC(=O)C2CCOC2c2ccncc2)N=N1	Z4225949868	yes
C#CCCC1(CCNC(=O)Cc2c(C)nn(CC3CC3)c2C)N=N1	Z4225949883	yes
C#CCCC1(CCNC(=O)c2cccc(-n3cc[nH]c3=O)c2)N=N1	Z4225949895	yes
C#CCCC1(CCNC(=O)C23CC4CC(C(=O)N2)C3C4)N=N1	Z4225949938	yes
C#CCCC1(CCNC(=O)c2cccc(-n3cncn3)n2)N=N1	Z4225949959	yes
C#CCCC1(CCNC(=O)c2cc(Cl)nc(C3CC3)c2)N=N1	Z4225950077	yes
C#CCCC1(CCNC(=O)C2CCCCC2n2cccn2)N=N1	Z4225950114	yes
C#CCCC1(CCNC(=O)c2cc(-n3ccnc3)ccc2O)N=N1	Z4225950237	yes
C#CCCC1(CCNC(=O)CCC(=O)Nc2c(F)cccc2F)N=N1	Z4225950262	yes
C#CCCC1(CCNC(=O)c2ccc3[nH]c(=O)n(CC(F)(F)F)c3c2)N=N1	Z4225950393	yes
C#CCCC1(CCNC(=O)c2c(F)ccc3ccncc23)N=N1	Z4225950420	yes
C#CCCC1(CCNC(=O)C2CCOC2c2cncc(Br)c2)N=N1	Z4225950431	yes
C#CCCC1(CCNC(=O)C2OCCC2c2ccccc2)N=N1	Z4225950452	yes
C#CCCC1(CCNC(=O)c2cc(C)nc(NC3CC3)c2)N=N1	Z4225950454	yes
C#CCCC1(CCNC(=O)CC2CC2c2ccc(OC)cc2)N=N1	Z4225950528	yes
C#CCCC1(CCNC(=O)c2cnnn2-c2ccccc2)N=N1	Z4225950568	yes
C#CCCC1(CCNC(=O)c2cccc(NCc3ccccn3)c2)N=N1	Z4225950701	yes
C#CCCC1(CCNC(=O)c2cnn(Cc3ccccc3)c2N)N=N1	Z4225950838	yes
C#CCCC1(CCNC(=O)c2cccc(NCc3cncn3C)c2)N=N1	Z4225950936	yes
C#CCCC1(CCNC(=O)c2ccccc2Cn2ccnn2)N=N1	Z4225951040	yes
C#CCCC1(CCNC(=O)c2ccnn2CCc2ccccc2)N=N1	Z4225951581	yes
C#CCCC1(CCNC(=O)C2CCN2Cc2ccc(OC)cc2)N=N1	Z4225951705	yes
C#CCCC1(CCNC(=O)c2cc(N3CCOCC3)ncn2)N=N1	Z4225951708	yes
C#CCCC1(CCNC(=O)c2cnn3c(-c4cccnc4)ccnc23)N=N1	Z4225951737	yes
C#CCCC1(CCNC(=O)C2CN(Cc3ccccc3)CC23CCOC3)N=N1	Z4225951743	yes
C#CCCC1(CCNC(=O)C2C3CCC4(COC(=O)C24)O3)N=N1	Z4225951879	yes
C#CCCC1(CCNC(=O)c2ccc(NCc3cnn(C)c3)cc2)N=N1	Z4225952127	yes
C#CCCC1(CCNC(=O)Cc2ccc3cnccc3c2)N=N1	Z4225952419	yes
C#CCCC1(CCNC(=O)COCc2ccc(OC)nc2)N=N1	Z4225952435	yes
C#CCCC1(CCNC(=O)COCc2cc[nH]c(=O)c2)N=N1	Z4225952440	yes
C#CCCC1(CCNC(=O)c2cnc(NC3CC3)s2)N=N1	Z4225952476	yes
C#CCCC1(CCNC(=O)c2ccc(NCCc3ccccn3)cc2)N=N1	Z4225952478	yes
C#CCCC1(CCNC(=O)c2ccc(NCCn3ccnc3)cc2)N=N1	Z4225952482	yes
C#CCCC1(CCNC(=O)Cc2cn3cc(C)sc3n2)N=N1	Z4225953137	yes
C#CCCC1(CCNC(=O)[C@H](C)N[C@@H](CCc2ccccc2)C(=O)OCC)N=N1	Z4225953401	yes
C#CCCC1(CCNC(=O)C2CCOC2c2ccnn2Cc2ccccc2)N=N1	Z4225953718	yes
C#CCCC1(CCNC(=O)CCNC(=O)c2cc3ccccc3[nH]2)N=N1	Z4225953748	yes
C#CCCC1(CCNC(=O)CCC2C(C)Nc3ccnn3C2C)N=N1	Z4225953924	yes
C#CCCC1(CCNC(=O)C2(Cc3ccc(O)cc3)CC2)N=N1	Z4225953974	yes
C#CCCC1(CCNC(=O)CCc2ccc(N3CCCS3(=O)=O)cc2)N=N1	Z4225954033	yes
C#CCCC1(CCNC(=O)Cc2cn3cc(F)ccc3n2)N=N1	Z4225954082	yes
C#CCCC1(CCNC(=O)c2nn(C)cc2CN2CCC(OC)C2)N=N1	Z4225954257	yes
C#CCCC1(CCNC(=O)c2nn(C)cc2CN2CCC(O)C2)N=N1	Z4225954264	yes
C#CCCC1(CCNC(=O)c2coc(CN3CCC(OCC)C3)n2)N=N1	Z4225954274	yes
C#CCCC1(CCNC(=O)Cc2csc(NC3(C)CCCC3)n2)N=N1	Z4225954333	yes
C#CCCC1(CCNC(=O)c2ccnnc2NC(C)C)N=N1	Z4225954340	yes
C#CCCC1(CCNC(=O)Cc2ccc(OCc3ccncc3)cc2)N=N1	Z4225954428	yes
C#CCCC1(CCNC(=O)CCC2CC(C(=O)OC)CO2)N=N1	Z4225954560	yes
C#CCCC1(CCNC(=O)Cc2cccc3ncccc23)N=N1	Z4225954582	yes
C#CCCC1(CCNC(=O)c2cn(C3CCOCC3)nc2C)N=N1	Z4225954649	yes
C#CCCC1(CCNC(=O)Cc2sc(CCCC)nc2C)N=N1	Z4225954878	yes
C#CCCC1(CCNC(=O)Cc2ccccc2N2CCCC2=O)N=N1	Z4225954893	yes
C#CCCC1(CCNC(=O)c2ccc(-c3ccccc3OC)[nH]c2=O)N=N1	Z4225954898	yes
C#CCCC1(CCNC(=O)c2cnc(CC3CC3)s2)N=N1	Z4225955013	yes
C#CCCC1(CCNC(=O)c2cc3nc(C4CC4)cc(C(F)F)n3n2)N=N1	Z4225955065	yes
C#CCCC1(CCNC(=O)c2sc3cncn3c2C)N=N1	Z4225955095	yes
C#CCCC1(CCNC(=O)Cn2ccc3c(NC(C)=O)cccc32)N=N1	Z4225955108	yes
C#CCCC1(CCNC(=O)c2c(C(F)F)nc3cnccn23)N=N1	Z4225955210	yes
C#CCCC1(CCNC(=O)C2CC(O)CN2C(=O)Cc2ccccc2F)N=N1	Z4225955382	yes
C#CCCC1(CCNC(=O)c2cccc3nc[nH]c(=O)c23)N=N1	Z4225955434	yes
C#CCCC1(CCNC(=O)C2CCC(Cn3ccnc3)O2)N=N1	Z4225955479	yes
C#CCCC1(CCNC(=O)c2ccccc2CC(=O)Nc2cccnc2)N=N1	Z4225955499	yes
C#CCCC1(CCNC(=O)C23CC4CC(CC(C)(C4)C2)C3)N=N1	Z4225955657	yes
C#CCCC1(CCNC(=O)C2(c3ccc4c(c3)OCCO4)CC2)N=N1	Z4225955662	yes
C#CCCC1(CCNC(=O)c2nnn(C)c2C(F)(F)F)N=N1	Z4225955856	yes
C#CCCC1(CCNC(=O)[C@@H](c2ccccc2)N2Cc3ccccc3C2=O)N=N1	Z4225955893	yes
C#CCCC1(CCNC(=O)c2cccc(NCc3nc(C)cs3)c2)N=N1	Z4225955923	yes
C#CCCC1(CCNC(=O)c2cccc(NCc3cncs3)c2)N=N1	Z4225955924	yes
C#CCCC1(CCNC(=O)Cn2nc(C(F)(F)F)c3c2CCCC3)N=N1	Z4225955983	yes
C#CCCC1(CCNC(=O)COC2CCN(C)CC2)N=N1	Z4225955998	yes
C#CCCC1(CCNC(=O)CCCN(C)C(=O)c2ccncc2)N=N1	Z4225956088	yes
C#CCCC1(CCNC(=O)c2cccc(Nc3nccs3)c2)N=N1	Z4225956112	yes
C#CCCC1(CCNC(=O)Cn2nc(C)c3cccnc32)N=N1	Z4225956136	yes
C#CCCC1(CCNC(=O)CC2CC2Cc2ccccc2)N=N1	Z4225956316	yes
C#CCCC1(CCNC(=O)c2ccc3c(c2)C(=O)NCCO3)N=N1	Z4225956337	yes
C#CCCC1(CCNC(=O)CCc2ccc(OCCN(C)C)cc2)N=N1	Z4225956368	yes
C#CCCC1(CCNC(=O)c2cnn3c2NC(C)CC3C(F)F)N=N1	Z4225956472	yes
C#CCCC1(CCNC(=O)c2cc(F)cc(C(=O)OC)c2)N=N1	Z4225956484	yes
C#CCCC1(CCNC(=O)CC2CC(=O)Nc3ccccc32)N=N1	Z4225956602	yes
C#CCCC1(CCNC(=O)c2c(F)ccc3c2OCO3)N=N1	Z4225956747	yes
C#CCCC1(CCNC(=O)Cc2cc(=O)n(CC(C)C)[nH]2)N=N1	Z4225956771	yes
C#CCCC1(CCNC(=O)C2CCOC2c2ccnn2C(C)C)N=N1	Z4225956972	yes
C#CCCC1(CCNC(=O)c2cc(=O)c(OCc3ccc(F)cc3)co2)N=N1	Z4225956999	yes
C#CCCC1(CCNC(=O)Cc2cccc3c2OCCO3)N=N1	Z4225957130	yes
C#CCCC1(CCNC(=O)C2CCN(Cc3ccccc3)C2=O)N=N1	Z4225957181	yes
C#CCCC1(CCNC(=O)c2cc3nccc(C(F)(F)F)n3n2)N=N1	Z4225957206	yes
C#CCCC1(CCNC(=O)c2ccc3c(c2)C(=O)NCC3)N=N1	Z4225957243	yes
C#CCCC1(CCNC(=O)c2cccc3c2[nH]c(=O)n3CC(C)(C)C)N=N1	Z4225957311	yes
C#CCCC1(CCNC(=O)c2ccc(NC(=O)Cc3cccnc3)cc2)N=N1	Z4225957564	yes
C#CCCC1(CCNC(=O)C2CCCC(Nc3cnccn3)C2)N=N1	Z4225957726	yes
C#CCCC1(CCNC(=O)c2cn(CC3CCCO3)nn2)N=N1	Z4225957797	yes
C#CCCC1(CCNC(=O)C2CN(C(C)(C)C)CC2C(F)(F)F)N=N1	Z4225957878	yes
C#CCCC1(CCNC(=O)c2ccn3c(C)cc(C)nc23)N=N1	Z4225958144	yes
C#CCCC1(CCNC(=O)C(O)c2ccc(C3CC3)cc2)N=N1	Z4225958225	yes
C#CCCC1(CCNC(=O)c2ccc(C3CCCC(=O)N3)cc2)N=N1	Z4225958298	yes
C#CCCC1(CCNC(=O)Cc2cnn(Cc3ccccc3)c2)N=N1	Z4225958303	yes
C#CCCC1(CCNC(=O)c2ccc3c(c2)C(C)C(C)O3)N=N1	Z4225958382	yes
C#CCCC1(CCNC(=O)C2CCOC2c2c(C)nn(C)c2C)N=N1	Z4225958520	yes
C#CCCC1(CCNC(=O)c2cnn3c2NC(C2CC2)CC3C(F)F)N=N1	Z4225958583	yes
C#CCCC1(CCNC(=O)c2ccc3c(c2)NC(=O)NC3)N=N1	Z4225958677	yes
C#CCCC1(CCNC(=O)c2csc(COc3ccccc3)n2)N=N1	Z4225958681	yes
C#CCCC1(CCNC(=O)c2[nH]c(-c3cccnc3)nc2C)N=N1	Z4225958761	yes
C#CCCC1(CCNC(=O)c2oc3ccccc3c(=O)c2C)N=N1	Z4225958891	yes
C#CCCC1(CCNC(=O)C2CCCc3nnn(C)c32)N=N1	Z4225958923	yes
C#CCCC1(CCNC(=O)c2cc(NCc3ccccc3)ccn2)N=N1	Z4225959083	yes
C#CCCC1(CCNC(=O)c2cc(F)c(C(=O)OC)cc2F)N=N1	Z4225959132	yes
C#CCCC1(CCNC(=O)C(C)(C)Cc2cnn[nH]2)N=N1	Z4225959156	yes
C#CCCC1(CCNC(=O)c2cncc3ccc(F)cc23)N=N1	Z4225959190	yes
C#CCCC1(CCNC(=O)Cc2cncc(Br)c2)N=N1	Z4225959204	yes
C#CCCC1(CCNC(=O)C2CCOC2c2cnn(Cc3ccccc3)c2)N=N1	Z4225959251	yes
C#CCCC1(CCNC(=O)[C@@H]2C[C@@H]3CCCC[C@@H]3N2C(=O)c2ccccc2)N=N1	Z4225959261	yes
C#CCCC1(CCNC(=O)C2CCC(=O)N(CCC)C2c2cncn2C)N=N1	Z4225959269	yes
C#CCCC1(CCNC(=O)c2cc3nccnc3cc2C)N=N1	Z4225959328	yes
C#CCCC1(CCNC(=O)c2nc3c(s2)COCC3)N=N1	Z4225959508	yes
C#CCCC1(CCNC(=O)c2cn(CCN3CCOCC3)nn2)N=N1	Z4225959788	yes
C#CCCC1(CCNC(=O)c2cccc(NS(=O)(=O)C3CC3)c2)N=N1	Z4225959816	yes
C#CCCC1(CCNC(=O)Cn2nnc(C(C)(C)C)n2)N=N1	Z4225959862	yes
C#CCCC1(CCNC(=O)CC23CCC(CC2)C3(C)C)N=N1	Z4225960185	yes
C#CCCC1(CCNC(=O)Cn2cc(C3CCOC3)cn2)N=N1	Z4225960187	yes
C#CCCC1(CCNC(=O)c2cn(C)nc2-c2ccnn2C)N=N1	Z4225960261	yes
C#CCCC1(CCNC(=O)C2CC(=O)N(CC)C2c2nccn2CC)N=N1	Z4225960428	yes
C#CCCC1(CCNC(=O)CC2COCCN2CC)N=N1	Z4225960470	yes
C#CCCC1(CCNC(=O)CC(c2ccc(OC)cc2)C(F)F)N=N1	Z4225960511	yes
C#CCCC1(CCNC(=O)C2CC(=O)NC(c3ccccc3)C2)N=N1	Z4225960523	yes
C#CCCC1(CCNC(=O)C2CC3CC2C2C3C2(F)F)N=N1	Z4225960684	yes
C#CCCC1(CCNC(=O)c2c(C)nc(C3CC3)nc2C)N=N1	Z4225960742	yes
C#CCCC1(CCNC(=O)c2nc3ccccc3[nH]c2=O)N=N1	Z4225960896	yes
C#CCCC1(CCNC(=O)C2Cc3ccccc3NC2=O)N=N1	Z4225960986	yes
C#CCCC1(CCNC(=O)C2CCc3nc(C)ncc3C2)N=N1	Z4225961039	yes
C#CCCC1(CCNC(=O)C2(C)Cc3ccccc3NC2=O)N=N1	Z4225961127	yes
C#CCCC1(CCNC(=O)c2ncnc3c(C)csc23)N=N1	Z4225961210	yes
C#CCCC1(CCNC(=O)c2ccn(C(C)C)c(=O)c2)N=N1	Z4225961360	yes
C#CCCC1(CCNC(=O)CC2CCn3cncc3C2)N=N1	Z4225961586	yes
C#CCCC1(CCNC(=O)C2CCCN(Cc3ccncc3)C2)N=N1	Z4225961839	yes
C#CCCC1(CCNC(=O)C(C)OCc2cncs2)N=N1	Z4225961905	yes
C#CCCC1(CCNC(=O)C2CCCn3cnnc32)N=N1	Z4225961928	yes
C#CCCC1(CCNC(=O)C2CCc3c(nc(C)n3CCOC(C)=O)C2)N=N1	Z4225961981	yes
C#CCCC1(CCNC(=O)C(C)Oc2ccc(Cl)cc2CO)N=N1	Z4225962007	yes
C#CCCC1(CCNC(=O)c2ccc3c(c2)C(=O)OCC3)N=N1	Z4225962117	yes
C#CCCC1(CCNC(=O)c2cc3c(C)cc(C(=O)OC)cc3[nH]2)N=N1	Z4225962158	yes
C#CCCC1(CCNC(=O)Cn2nc(C3CC3)n(C)c2=O)N=N1	Z4225962246	yes
C#CCCC1(CCNC(=O)c2ccc(-c3nnc(C(F)F)o3)cc2)N=N1	Z4225962441	yes
C#CCCC1(CCNC(=O)C2(NC(C)CC)Cc3ccccc3C2)N=N1	Z4225962630	yes
C#CCCC1(CCNC(=O)c2cc(CC3CC3)c(O)c(OC)c2)N=N1	Z4225962670	yes
C#CCCC1(CCNC(=O)c2nccn2Cc2ccc(OC)cc2)N=N1	Z4225962674	yes
C#CCCC1(CCNC(=O)c2ccc(N)c(-c3nccs3)c2)N=N1	Z4225962689	yes
C#CCCC1(CCNC(=O)c2nn(C)c3c2COCC3)N=N1	Z4225962724	yes
C#CCCC1(CCNC(=O)Cc2ccc3c(c2)CCOC3)N=N1	Z4225962875	yes
C#CCCC1(CCNC(=O)C2CC2c2ccc3c(c2)OCCO3)N=N1	Z4225962898	yes
C#CCCC1(CCNC(=O)C(F)(F)CCn2ccnn2)N=N1	Z4225963232	yes
C#CCCC1(CCNC(=O)C(F)(F)CCn2cccn2)N=N1	Z4225963237	yes
C#CCCC1(CCNC(=O)c2ccccc2NC(=O)N2CCCCC2)N=N1	Z4225963263	yes
C#CCCC1(CCNC(=O)c2cnc(CC3CC3)[nH]c2=O)N=N1	Z4225963267	yes
C#CCCC1(CCNC(=O)c2n[nH]c3c2CC(C)OC3C)N=N1	Z4225963417	yes
C#CCCC1(CCNC(=O)C2COc3ccc(F)cc32)N=N1	Z4225963431	yes
C#CCCC1(CCNC(=O)C2CCCN2c2cnccn2)N=N1	Z4225963466	yes
C#CCCC1(CCNC(=O)C2(NCc3ccccc3)CCOCC2)N=N1	Z4225963707	yes
C#CCCC1(CCNC(=O)c2cncc3c2CCNC3=O)N=N1	Z4225963850	yes
C#CCCC1(CCNC(=O)C2Cc3ccccc3N(C)C2=O)N=N1	Z4225963863	yes
C#CCCC1(CCNC(=O)c2cncc(-n3cccc3)c2)N=N1	Z4225963970	yes
C#CCCC1(CCNC(=O)c2nc3ccc(Cl)nn3n2)N=N1	Z4225963974	yes
C#CCCC1(CCNC(=O)CN2CCN(c3ccncc3)CC2)N=N1	Z4225964020	yes
C#CCCC1(CCNC(=O)c2cnc(N3CCCCC3)cn2)N=N1	Z4225964285	yes
C#CCCC1(CCNC(=O)c2ccc3nnc(-c4ccccc4)n3c2)N=N1	Z4225964474	yes
C#CCCC1(CCNC(=O)c2coc(-c3cnn(C)c3)n2)N=N1	Z4225964568	yes
C#CCCC1(CCNC(=O)c2cccc(N=S3(=O)CCCC3)c2)N=N1	Z4225964647	yes
C#CCCC1(CCNC(=O)Cn2nc(C)c3c(C(F)F)cc(C)nc32)N=N1	Z4225964695	yes
C#CCCC1(CCNC(=O)CCc2ccc3ocnc3c2)N=N1	Z4225964778	yes
C#CCCC1(CCNC(=O)C2CCn3cc(CC)nc3C2)N=N1	Z4225964796	yes
C#CCCC1(CCNC(=O)c2cc3cccc(OC(F)F)c3o2)N=N1	Z4225964884	yes
C#CCCC1(CCNC(=O)CC(c2ccccc2)n2cnnn2)N=N1	Z4225965003	yes
C#CCCC1(CCNC(=O)c2ncsc2-c2ccccn2)N=N1	Z4225965006	yes
C#CCCC1(CCNC(=O)c2ccnc3c2CN(C(=O)OC(C)(C)C)CC3)N=N1	Z4225965077	yes
C#CCCC1(CCNC(=O)c2ccccc2-c2ncn[nH]2)N=N1	Z4225965174	yes
C#CCCC1(CCNC(=O)C2(c3ccc(O)cc3)CCCCC2)N=N1	Z4225965211	yes
C#CCCC1(CCNC(=O)c2ccc3cc[nH]c(=O)c3n2)N=N1	Z4225965235	yes
C#CCCC1(CCNC(=O)C2(C3(O)CCN(C)CC3)CC2)N=N1	Z4225965243	yes
C#CCCC1(CCNC(=O)c2ncnn2C2CCOCC2)N=N1	Z4225965246	yes
C#CCCC1(CCNC(=O)c2cncc3c(=O)[nH]ccc23)N=N1	Z4225965252	yes
C#CCCC1(CCNC(=O)Cc2cccc(OCC3CC3)c2)N=N1	Z4225965443	yes
C#CCCC1(CCNC(=O)c2cncc(-n3ccnc3)n2)N=N1	Z4225965506	yes
C#CCCC1(CCNC(=O)C2CC2c2cnn(C(C)C)c2)N=N1	Z4225965556	yes
C#CCCC1(CCNC(=O)CC2Cc3ccccc3NC2=O)N=N1	Z4225965664	yes
C#CCCC1(CCNC(=O)c2ccc(C3(OC)CCOCC3)nc2)N=N1	Z4225965674	yes
C#CCCC1(CCNC(=O)CCc2ccc3c(n2)NCCC3)N=N1	Z4225965733	yes
C#CCCC1(CCNC(=O)CC(c2ccccc2)N2CCCC2)N=N1	Z4225965837	yes
C#CCCC1(CCNC(=O)c2c(OC)ccc3ncccc23)N=N1	Z4225966094	yes
C#CCCC1(CCNC(=O)c2c3c(n[nH]c2=O)CCCC3)N=N1	Z4225966219	yes
C#CCCC1(CCNC(=O)c2ccc3[nH]cc(C#N)c3c2)N=N1	Z4225966321	yes
C#CCCC1(CCNC(=O)C2COC(Cn3cccn3)C2)N=N1	Z4225966519	yes
C#CCCC1(CCNC(=O)c2cc(C)c3nc(C)nn3c2)N=N1	Z4225966566	yes
C#CCCC1(CCNC(=O)c2ccc(C(=O)OC)c(C(F)(F)F)c2)N=N1	Z4225966730	yes
C#CCCC1(CCNC(=O)c2sc3nccnc3c2NC)N=N1	Z4225966742	yes
C#CCCC1(CCNC(=O)C2CN(C)CC2c2cccnc2)N=N1	Z4225966780	yes
C#CCCC1(CCNC(=O)C2Cc3c(cnn3C)NC2C(F)(F)F)N=N1	Z4225967145	yes
C#CCCC1(CCNC(=O)C2CCN(Cc3nc4ccccc4[nH]3)CC2)N=N1	Z4225967258	yes
C#CCCC1(CCNC(=O)c2cc(C)nc3c2nc(C)n3C)N=N1	Z4225967523	yes
C#CCCC1(CCNC(=O)C2CC(C)c3nc(C)cn3C2)N=N1	Z4225967615	yes
C#CCCC1(CCNC(=O)c2cccc3cccc(OC)c23)N=N1	Z4225967770	yes
C#CCCC1(CCNC(=O)C2(c3ccc(F)cn3)CC2)N=N1	Z4225968069	yes
C#CCCC1(CCNC(=O)c2ccncc2-c2ccccc2)N=N1	Z4225968071	yes
C#CCCC1(CCNC(=O)c2sc(-c3ncc[nH]3)nc2C)N=N1	Z4225968129	yes
C#CCCC1(CCNC(=O)c2c(C)nc3sc(C)nn23)N=N1	Z4225968159	yes
C#CCCC1(CCNC(=O)c2ncn(-c3ncccc3F)n2)N=N1	Z4225968193	yes
C#CCCC1(CCNC(=O)c2cc(C)c3nc(C)cn3n2)N=N1	Z4225968222	yes
C#CCCC1(CCNC(=O)C2CC2c2nc(C(F)(F)F)no2)N=N1	Z4225968259	yes
C#CCCC1(CCNC(=O)C2CC3CC2C2OC(C)(C)OC32)N=N1	Z4225968278	yes
C#CCCC1(CCNC(=O)c2cc3c(cnn3C)nc2C)N=N1	Z4225968528	yes
C#CCCC1(CCNC(=O)C(C)Cn2nnc3ccccc32)N=N1	Z4225968559	yes
C#CCCC1(CCNC(=O)c2cc(F)c3nc(COC)cn3c2)N=N1	Z4225968611	yes
C#CCCC1(CCNC(=O)c2cc(OC)ncc2Cl)N=N1	Z4225968618	yes
C#CCCC1(CCNC(=O)C2(C)CCn3c(C)nnc32)N=N1	Z4225968833	yes
C#CCCC1(CCNC(=O)c2nccnc2-c2ccncc2)N=N1	Z4225968965	yes
C#CCCC1(CCNC(=O)C(O)Cc2ccc3ncccc3c2)N=N1	Z4225968968	yes
C#CCCC1(CCNC(=O)c2nnc3c(F)cccn23)N=N1	Z4225968976	yes
C#CCCC1(CCNC(=O)C2CN(c3ncc(F)cn3)C2)N=N1	Z4225969023	yes
C#CCCC1(CCNC(=O)C2(Oc3ccc(F)cc3)CCOCC2)N=N1	Z4225969132	yes
C#CCCC1(CCNC(=O)c2cc(C3CCCC3)nn2C)N=N1	Z4225969238	yes
C#CCCC1(CCNC(=O)c2cc3ccncc3cc2F)N=N1	Z4225969380	yes
C#CCCC1(CCNC(=O)c2c(C3CCCOC3)noc2CC)N=N1	Z4225969462	yes
C#CCCC1(CCNC(=O)c2cn(C)nc2OCC(F)F)N=N1	Z4225969482	yes
C#CCCC1(CCNC(=O)c2cn(C)nc2C2CCCO2)N=N1	Z4225969497	yes
C#CCCC1(CCNC(=O)C2CCc3cc(F)ccc3O2)N=N1	Z4225969667	yes
C#CCCC1(CCNC(=O)c2c(C)c3cnccn3c2C)N=N1	Z4225969854	yes
C#CCCC1(CCNC(=O)C2CC(O)CN2C(=O)c2ccc3c(c2)CCC3)N=N1	Z4225969886	yes
C#CCCC1(CCNC(=O)c2cn(CCC3CC3)nn2)N=N1	Z4225969987	yes
C#CCCC1(CCNC(=O)C2CC2c2nn(C)c3ccccc23)N=N1	Z4225970074	yes
C#CCCC1(CCNC(=O)c2ccc3cccnc3c2N)N=N1	Z4225970394	yes
C#CCCC1(CCNC(=O)c2c(C)cc(=O)n(-c3ccccc3)c2C)N=N1	Z4225970533	yes
C#CCCC1(CCNC(=O)c2c3c(nn2C)CCOC3)N=N1	Z4225970863	yes
C#CCCC1(CCNC(=O)c2cnc(COc3ccccc3)s2)N=N1	Z4225970932	yes
C#CCCC1(CCNC(=O)c2ccc(-c3cscn3)nc2)N=N1	Z4225971096	yes
C#CCCC1(CCNC(=O)C23CCC(CC2)N3Cc2ccccc2)N=N1	Z4225971153	yes
C#CCCC1(CCNC(=O)c2nccc(-n3ccc(C)n3)n2)N=N1	Z4225971449	yes
C#CCCC1(CCNC(=O)Cc2coc3c(OC)cccc23)N=N1	Z4225971499	yes
C#CCCC1(CCNC(=O)c2c(-c3ccccc3)nnn2C)N=N1	Z4225971556	yes
C#CCCC1(CCNC(=O)c2c(C)[nH]c(C(=O)OCC)c2CC)N=N1	Z4225971651	yes
C#CCCC1(CCNC(=O)c2nc3n(n2)CCC(C)N3)N=N1	Z4225971742	yes
C#CCCC1(CCNC(=O)c2ccnc(Cn3cnnc3)c2)N=N1	Z4225971859	yes
C#CCCC1(CCNC(=O)C2CC(=O)N(Cc3c(F)cccc3F)C2)N=N1	Z4225971865	yes
C#CCCC1(CCNC(=O)c2cccc3nc(C)sc23)N=N1	Z4225971961	yes
C#CCCC1(CCNC(=O)c2cnc3c(c2)CCC(=O)N3)N=N1	Z4225972089	yes
C#CCCC1(CCNC(=O)c2c(C3CC3)nn3ccccc23)N=N1	Z4225972109	yes
C#CCCC1(CCNC(=O)c2cc3cccnc3nc2C)N=N1	Z4225972140	yes
C#CCCC1(CCNC(=O)c2[nH]ncc2-c2ccncc2)N=N1	Z4225972333	yes
C#CCCC1(CCNC(=O)c2ccccc2N2CCCCC2=O)N=N1	Z4225972613	yes
C#CCCC1(CCNC(=O)Cn2cnc(C(F)(F)F)n2)N=N1	Z4225972796	yes
C#CCCC1(CCNC(=O)Cc2ccc3c(c2)ncn3C)N=N1	Z4225972802	yes
C#CCCC1(CCNC(=O)C2CN(CC)c3ccccc32)N=N1	Z4225972853	yes
C#CCCC1(CCNC(=O)c2sc(-n3cccc3)nc2CC)N=N1	Z4225972963	yes
C#CCCC1(CCNC(=O)c2csc(CN3CCN(C)CC3)n2)N=N1	Z4225973035	yes
C#CCCC1(CCNC(=O)c2ncnc3c2ccn3C2CC2)N=N1	Z4225973064	yes
C#CCCC1(CCNC(=O)c2ccc(=O)n3c2CCCCC3)N=N1	Z4225973227	yes
C#CCCC1(CCNC(=O)C2CCOC(c3cccc(F)c3)C2)N=N1	Z4225973276	yes
C#CCCC1(CCNC(=O)c2cnc(N3CCOCC3)nc2)N=N1	Z4225973315	yes
C#CCCC1(CCNC(=O)c2cccnc2-c2nncn2C)N=N1	Z4225973369	yes
C#CCCC1(CCNC(=O)c2ccc3nc(C)n(C)c(=O)c3c2)N=N1	Z4225973376	yes
C#CCCC1(CCNC(=O)Cc2ccn(C3CCCC3)n2)N=N1	Z4225973482	yes
C#CCCC1(CCNC(=O)CCc2cc3cccnc3nc2C)N=N1	Z4225973607	yes
C#CCCC1(CCNC(=O)c2ncc(-c3cccc(OC)c3)cn2)N=N1	Z4225973616	yes
C#CCCC1(CCNC(=O)c2cn(-c3ncccn3)cn2)N=N1	Z4225973677	yes
C#CCCC1(CCNC(=O)C2CCCN2S(=O)(=O)Cc2ccccc2)N=N1	Z4225973694	yes
C#CCCC1(CCNC(=O)c2cnccc2N2CCOCC2)N=N1	Z4225973703	yes
C#CCCC1(CCNC(=O)c2ccc3nc(C)c(=O)n(C)c3c2)N=N1	Z4225973706	yes
C#CCCC1(CCC(=O)NC2CN(CC(F)(F)F)C2)N=N1	Z4226129407	yes
C#CCCC1(CCC(=O)NCc2cc3ncccc3s2)N=N1	Z4228454810	yes
C#CCCC1(CCC(=O)NCCC23CCCN2CCC3)N=N1	Z4230443779	yes
C#CCCC1(CCC(=O)N2CCCCC2CN(CC)CC)N=N1	Z4232425600	yes
C#CCCC1(CCSc2nnc(-c3ccc(Cl)cc3)n2N)N=N1	Z4235686062	yes
C#CCCC1(CCN2C(=O)NC(C)(c3ccccc3)C2=O)N=N1	Z4235687609	yes
C#CCCC1(CCN2C(=O)NC(CC)(c3ccccc3)C2=O)N=N1	Z4235688046	yes
C#CCCC1(CCN2C(=O)NC(CC)(c3ccc(F)cc3)C2=O)N=N1	Z4235690679	yes
C#CCCC1(CCOc2cc3oc(=O)cc(C)c3cc2Cl)N=N1	Z4235766391	yes
C#CCCC1(CCSc2nnc(-c3ccc(OC)cc3OC)n2N)N=N1	Z4235934583	yes
C#CCCC1(CCSc2nnnn2-c2ccc(C)c(C)c2)N=N1	Z4235935071	yes
C#CCCC1(CCSc2nnc(-c3cccnc3)n2CC=C)N=N1	Z4235975163	yes
C#CCCC1(CCSc2nnc(COc3ccccc3OCC)n2N)N=N1	Z4235991857	yes
C#CCCC1(CCN2C(=O)C(=O)N(c3ccc(C)cc3C)C2=O)N=N1	Z4236060267	yes
C#CCCC1(CCOc2ccc(OCC)cc2C=O)N=N1	Z4236075654	yes
C#CCCC1(CCN2C(=O)c3ccccc3CS2(=O)=O)N=N1	Z4236160495	yes
C#CCCC1(CCC(=O)NCc2nnc(N3CCCC3)o2)N=N1	Z4236164078	yes
C#CCCC1(CCN2C(=O)NC(C)(c3ccc(F)cc3Cl)C2=O)N=N1	Z4236209482	yes
C#CCCC1(CCOc2ccc(C#N)c(F)c2)N=N1	Z4236225098	yes
C#CCCC1(CCOc2cccc(C)c2[N+](=O)[O-])N=N1	Z4236326839	yes
C#CCCC1(CCOc2cccc3c2NC(=O)CO3)N=N1	Z4236334836	yes
C#CCCC1(CCN2C(=O)NC(CCC(C)C)(C3CC3)C2=O)N=N1	Z4236405827	yes
C#CCCC1(CCOc2cc(OC)ccc2[N+](=O)[O-])N=N1	Z4236454988	yes
C#CCCC1(CCOc2cc(Br)ccc2[N+](=O)[O-])N=N1	Z4236476117	yes
C#CCCC1(CCOc2ccc(C=O)c(C)c2)N=N1	Z4236539337	yes
C#CCCC1(CCN2C(=O)NC3(CC(CO)C3)C2=O)N=N1	Z4236562986	yes
C#CCCC1(CCOc2ccc(C=O)c(CC)c2)N=N1	Z4236572901	yes
C#CCCC1(CCOc2cc(Br)cnc2F)N=N1	Z4236573353	yes
C#CCCC1(CCC(=O)NCc2ccc3c(c2)CN(C)C3)N=N1	Z4236643365	yes
C#CCCC1(CCOc2cnccc2C#N)N=N1	Z4237289563	yes
C#CCCC1(CCN2C(=O)CN(c3ccc(Cl)cc3)C2=O)N=N1	Z4237920684	yes
C#CCCC1(CCC(=O)NCCCn2nccc2C2CC2)N=N1	Z4238188694	yes
C#CCCC1(CCC(=O)NCCc2c[nH]c3cccnc23)N=N1	Z4239396050	yes
C#CCCC1(CCC(=O)NC(C)Cc2c(C)nn(C)c2C)N=N1	Z4240086115	yes
C#CCCC1(CCC(=O)NC2CCCN(C3CCOCC3)C2)N=N1	Z4240212273	yes
C#CCCC1(CCC(=O)NCc2ncccc2-n2cccn2)N=N1	Z4240578263	yes
C#CCCC1(CCC(=O)Nc2ccc(-c3ccccn3)cn2)N=N1	Z4241035275	yes
C#CCCC1(CCC(=O)NCc2cccc3ncn(C)c23)N=N1	Z4241317592	yes
C#CCCC1(CCC(=O)N2CCC3(CCCCN3C)CC2)N=N1	Z4241432867	yes
C#CCCC1(CCC(=O)NCc2nnc(Cc3ccccc3)[nH]2)N=N1	Z4245129212	yes
C#CCCC1(CCC(=O)NC2CCCn3cc(C(=O)OCC)nc32)N=N1	Z4245642605	yes
C#CCCC1(CCC(=O)N2CCC(Nc3cc(C)ncn3)CC2)N=N1	Z4245761991	yes
C#CCCC1(CCC(=O)N2CCCn3nc(C(=O)OCC)cc32)N=N1	Z4246327668	yes
C#CCCC1(CCC(=O)NC2CCc3nc(C(=O)OCC)cn3C2)N=N1	Z4246479296	yes
C#CCCC1(CCC(=O)N(Cc2cccnc2)C2CCN(C)CC2)N=N1	Z4247276186	yes
C#CCCC1(CCC(=O)N2CCc3cc(CN(C)C)ccc3C2)N=N1	Z4247686738	yes
C#CCCC1(CCC(=O)Nc2cccc3cc(C(=O)OC)cnc23)N=N1	Z4248981395	yes
C#CCCC1(CCC(=O)N(C)[C@@H](CN2CCCC2)c2ccccc2)N=N1	Z4249225370	yes
C#CCCC1(CCC(=O)N2C[C@@H]3C[C@H]2CN3C2CCC2)N=N1	Z4249879181	yes
C#CCCC1(CCC(=O)N2CC(c3cn(Cc4ccccc4)nn3)C2)N=N1	Z4249922115	yes
C#CCCC1(CCC(=O)N2CC3CN(C)CCC3(CO)C2)N=N1	Z4250670130	yes
C#CCCC1(CCC(=O)NC2=Nc3nc(-c4ccccc4)nn3CC2)N=N1	Z4250858596	yes
C#CCCC1(CCC(=O)N2CCC3(CC2)CC(=O)c2ncccc2O3)N=N1	Z4251462347	yes
C#CCCC1(CCC(=O)N2CCN3[C@H]4CC[C@H](C4)[C@H]3C2)N=N1	Z4251734505	yes
C#CCCC1(CCC(=O)N[C@H]2CC[C@H](c3n[nH]c(C)n3)CC2)N=N1	Z4252344838	yes
C#CCCC1(CCC(=O)N(Cc2ccccc2OC)Cc2ccnn2C)N=N1	Z4252896109	yes
C#CCCC1(CCC(=O)N2CC(c3nc4ccccc4n3C)C2)N=N1	Z4253180345	yes
C#CCCC1(CCC(=O)N2C(C)Cc3cc(O)ccc3C2C)N=N1	Z4253334894	yes
C#CCCC1(CCC(=O)NC2CCc3n[nH]c(=O)cc3C2)N=N1	Z4253977529	yes
C#CCCC1(CCC(=O)NCC2CCN(c3ncnc4[nH]ccc34)CC2)N=N1	Z4254677454	yes
C#CCCC1(CCC(=O)NCc2ccc(C(=O)NCc3ccccn3)cc2)N=N1	Z4254704238	yes
C#CCCC1(CCC(=O)NC(C)C2CN(Cc3cn(C)nc3C)CCO2)N=N1	Z4255413621	yes
C#CCCC1(CCC(=O)NC(CC(=O)OC)c2ccc(OC)cc2OC)N=N1	Z4256935369	yes
C#CCCC1(CCC(=O)N[C@@H](Cc2c[nH]c3ccccc23)C(=O)OC)N=N1	Z4257607052	yes
C#CCCC1(CCC(=O)N2CC3(CCN(C4COC4)CC3)C2)N=N1	Z4259885782	yes
C#CCCC1(CCN(CCCCOC)Cc2ccccc2)N=N1	Z4260457589	yes
C#CCCC1(CCN2CCCCC2C(=O)NC)N=N1	Z4261069425	yes
C#CCCC1(CCN2CCCN(C(N)=O)CC2)N=N1	Z4261095356	yes
C#CCCC1(CCC(=O)NC2CCC3CCN(Cc4ccccc4)C32)N=N1	Z4261117099	yes
C#CCCC1(CCN(C)CCN2CCOCC2)N=N1	Z4261175727	yes
C#CCCC1(CCC(=O)N2C3CCCC2c2cn[nH]c2C3)N=N1	Z4261581070	yes
C#CCCC1(CCN(CCO)Cc2ccc(OC)cc2OC)N=N1	Z4261674236	yes
C#CCCC1(CCC(=O)N2CC(O)(Cc3ccn[nH]3)C2)N=N1	Z4261846013	yes
C#CCCC1(CCN2CCCC2CNC(=O)OC(C)(C)C)N=N1	Z4262141049	yes
C#CCCC1(CCN2CCC(N(C)C(=O)OC(C)(C)C)C2)N=N1	Z4262343968	yes
C#CCCC1(CCN2CCc3ccc([N+](=O)[O-])cc3C2)N=N1	Z4262473168	yes
C#CCCC1(CCC(=O)NC2CC(N3CCN(C)CC3)c3ccccc32)N=N1	Z4262887961	yes
C#CCCC1(CCN2CCC(C(=O)NCCc3cccs3)CC2)N=N1	Z4262889403	yes
C#CCCC1(CCC(=O)Nc2c[nH]nc2OCC(F)F)N=N1	Z4264145143	yes
C#CCCC1(CCN2CCC(C(C)O)C2)N=N1	Z4264155931	yes
C#CCCC1(CCN2CCCC(C(=O)OC(C)(C)C)C2)N=N1	Z4264476146	yes
C#CCCC1(CCC(=O)NC2CC2c2cnn(CC(C)C)c2)N=N1	Z4264948886	yes
C#CCCC1(CCC(=O)N2CCCc3c(C(=O)OCC)cnn32)N=N1	Z4265103342	yes
C#CCCC1(CCN[C@@H](c2ccccc2)[C@H](O)c2ccccc2)N=N1	Z4266045873	yes
C#CCCC1(CCN[C@H](c2ccccc2)[C@@H](O)c2ccccc2)N=N1	Z4266163155	yes
C#CCCC1(CCC(=O)NC(C)C2(n3ccnn3)CC2)N=N1	Z4266230756	yes
C#CCCC1(CCN(C)c2ccc(OC)cc2)N=N1	Z4266966867	yes
C#CCCC1(CCN2CCC(N3CCOC3=O)CC2)N=N1	Z4267466793	yes
C#CCCC1(CCC(=O)NCC2CC(n3cncn3)C2)N=N1	Z4267609065	yes
C#CCCC1(CCC(=O)N2CC(O)CC2c2ccc(C(F)(F)F)cc2)N=N1	Z4268776643	yes
C#CCCC1(CCC(=O)N2CCCc3ncc(C(=O)OC)n32)N=N1	Z4270556344	yes
C#CCCC1(CCC(=O)NC2(c3ccc(=O)[nH]c3)CCC2)N=N1	Z4270918530	yes
C#CCCC1(CCC(=O)N2CC(c3cc4n(n3)CCCC4)C2)N=N1	Z4271856427	yes
C#CCCC1(CCC(=O)NCC2Oc3ccc(C(=O)OC)cc3C2C)N=N1	Z4273398933	yes
C#CCCC1(CCC(=O)Nc2cccc3c2CN(C2CCC(=O)NC2=O)C3=O)N=N1	Z4282859688	yes
C#CCCC1(CCC(=O)Nc2ccccc2-c2ncc3n2CCCC3)N=N1	Z4282859718	yes
C#CCCC1(CCC(=O)NCc2cc(C(=O)NC)c3n2CCCC3)N=N1	Z4282859726	yes
C#CCCC1(CCC(=O)NCc2ncc(OC)c(=O)[nH]2)N=N1	Z4282859735	yes
C#CCCC1(CCC(=O)Nc2cc(N3CC4CCC3C4)ccc2C)N=N1	Z4282859744	yes
C#CCCC1(CCC(=O)Nc2ccc(-c3c4c(=O)[nH][nH]c(=O)c4cn3C)cc2)N=N1	Z4282859755	yes
C#CCCC1(CCC(=O)Nc2cccc(-c3n[nH]c4c3CCCC4)c2)N=N1	Z4282859758	yes
C#CCCC1(CCC(=O)Nc2ccc3ccn(CCN(C)C)c3c2)N=N1	Z4282859796	yes
C#CCCC1(CCC(=O)NC(C=C)c2cscn2)N=N1	Z4282859811	yes
C#CCCC1(CCC(=O)Nc2c(CC)nn(C)c2-n2nc(C)nc2C)N=N1	Z4282859823	yes
C#CCCC1(CCC(=O)NC2CCN(c3n[nH]c(=O)[nH]3)CC2)N=N1	Z4282859855	yes
C#CCCC1(CCC(=O)NCCC2CCN(C3CCN(C)CC3)CC2)N=N1	Z4282859860	yes
C#CCCC1(CCC(=O)Nc2ccc(F)c(N3CCS(=O)(=O)CC3)c2)N=N1	Z4282859869	yes
C#CCCC1(CCC(=O)Nc2cn(CC(F)F)nc2OC)N=N1	Z4282859881	yes
C#CCCC1(CCC(=O)NC(C)c2ccc(-c3csc(C)n3)cc2)N=N1	Z4282859884	yes
C#CCCC1(CCC(=O)Nc2ncc(CC3CCCO3)s2)N=N1	Z4282859886	yes
C#CCCC1(CCC(=O)NCC(=O)N2CCN(c3ccc(Cl)cc3)CC2)N=N1	Z4282859913	yes
C#CCCC1(CCC(=O)Nc2c(-c3ccccc3)[nH][nH]c2=O)N=N1	Z4282859998	yes
C#CCCC1(CCC(=O)N(C)C(C)c2cccc(N3CCCS3(=O)=O)c2)N=N1	Z4282860063	yes
C#CCCC1(CCC(=O)N2CCCC2c2c(OC)n(C)c3ccccc23)N=N1	Z4282860081	yes
C#CCCC1(CCC(=O)N2CCCC2C(C#N)c2ccccc2)N=N1	Z4282860102	yes
C#CCCC1(CCC(=O)N2CC(F)(c3ccc(F)c(OC)c3)C2)N=N1	Z4282860116	yes
C#CCCC1(CCC(=O)N2CC3(CC(=O)Nc4nccn43)C2)N=N1	Z4282860192	yes
C#CCCC1(CCC(=O)N2CCC3(CC2)CCC(F)(F)C3)N=N1	Z4282860224	yes
C#CCCC1(CCC(=O)N2CCn3c(CCO)nnc3C2)N=N1	Z4282860344	yes
C#CCCC1(CCC(=O)N2CC(OC(C)C(F)(F)F)C2)N=N1	Z4282860472	yes
C#CCCC1(CCC(=O)N2CCC(CCNS(N)(=O)=O)CC2)N=N1	Z4282860573	yes
C#CCCC1(CCC(=O)N(C)CC(=O)Nc2c(C)cc(C)cc2C)N=N1	Z4282860595	yes
C#CCCC1(CCC(=O)N2CC(C)OCC2C(F)(F)F)N=N1	Z4282860706	yes
C#CCCC1(CCC(=O)NNC(=O)CCN2CCN(c3ccccc3)CC2)N=N1	Z4286004085	yes
C#CCCC1(CCC(=O)Nc2ccc(-c3nnc4n3CCCCC4)cc2)N=N1	Z4286026204	yes
C#CCCC1(CCC(=O)Nc2cccc(-c3nnc4n3CCCCC4)c2)N=N1	Z4286057519	yes
C#CCCC1(CCC(=O)N2CCN(S(=O)(=O)c3cccc(F)c3)CC2)N=N1	Z4286062281	yes
C#CCCC1(CCC(=O)NCC(c2ccc(OC)cc2)N(C)C)N=N1	Z4286065489	yes
C#CCCC1(CCC(=O)N2CCN(Cc3nc4ccccc4s3)CC2)N=N1	Z4286095289	yes
C#CCCC1(CCC(=O)N2CCN(CC3CCCO3)CC2)N=N1	Z4286099402	yes
C#CCCC1(CCC(=O)N2CCN(CC(=O)Nc3cccc(F)c3)CC2)N=N1	Z4286112747	yes
C#CCCC1(CCC(=O)N2CCN(C(C)c3nc4ccccc4s3)CC2)N=N1	Z4286135860	yes
C#CCCC1(CCC(=O)NCc2cc3c(cc2OCC)CC(C)O3)N=N1	Z4286138001	yes
C#CCCC1(CCC(=O)N2CCC(C(=O)Nc3ccc4c(c3)OCO4)CC2)N=N1	Z4286154578	yes
C#CCCC1(CCC(=O)NCCCN2CCN(c3ccc(OC)cc3)CC2)N=N1	Z4286168154	yes
C#CCCC1(CCC(=O)NCC2COc3ccccc3C2)N=N1	Z4286168520	yes
C#CCCC1(CCC(=O)Nc2ccc3c(c2)NC(=O)C(C)O3)N=N1	Z4286180956	yes
C#CCCC1(CCC(=O)Nc2ccccc2C(=O)NCC2CCCO2)N=N1	Z4286195351	yes
C#CCCC1(CCC(=O)N2CCC(C(=O)Nc3ccccc3O)CC2)N=N1	Z4286197839	yes
C#CCCC1(CCC(=O)NCCOc2ccc3ccccc3c2)N=N1	Z4286200923	yes
C#CCCC1(CCC(=O)N2CC=C(n3c(=O)[nH]c4ccccc43)CC2)N=N1	Z4286258482	yes
C#CCCC1(CCC(=O)N2CCC(NS(=O)(=O)c3ccccc3)CC2)N=N1	Z4286266017	yes
C#CCCC1(CCC(=O)NC(c2cccc(OC)c2)c2nccn2C)N=N1	Z4286291732	yes
C#CCCC1(CCC(=O)NC(c2ccc(OC)cc2)c2nccn2C)N=N1	Z4286292516	yes
C#CCCC1(CCC(=O)N2CCN(Cc3cccc4cccnc34)CC2)N=N1	Z4286298850	yes
C#CCCC1(CCC(=O)NCc2ccccc2Cn2ccnc2)N=N1	Z4286314431	yes
C#CCCC1(CCC(=O)NC(c2ccccc2F)c2nccn2C)N=N1	Z4286321740	yes
C#CCCC1(CCC(=O)NC(c2ccccc2OC)c2nccn2C)N=N1	Z4286322019	yes
C#CCCC1(CCC(=O)NC(c2ccccc2)c2ccc3[nH]cnc3c2)N=N1	Z4286338331	yes
C#CCCC1(CCC(=O)N(Cc2nnc(-c3ccccc3)o2)C(C)C)N=N1	Z4286345906	yes
C#CCCC1(CCC(=O)N2CC(O)C(N3CCOCC3)C2)N=N1	Z4286347399	yes
C#CCCC1(CCC(=O)N2CCC3C(C2)NC(=O)N3CCOC)N=N1	Z4286347439	yes
C#CCCC1(CCC(=O)N2CC(C)OC(c3nc(C)no3)C2)N=N1	Z4286347461	yes
C#CCCC1(CCC(=O)N2CC3CS(=O)(=O)CC3(C#N)C2)N=N1	Z4286347518	yes
C#CCCC1(CCC(=O)N(C)CC2OCCC2c2ncn[nH]2)N=N1	Z4286347544	yes
C#CCCC1(CCC(=O)N2CCOC3CS(=O)(=O)CC32)N=N1	Z4286347556	yes
C#CCCC1(CCC(=O)N2CC3CCOC3CC(C)(C)C2)N=N1	Z4286347580	yes
C#CCCC1(CCC(=O)NCc2nnc3c(Cl)cc(C(F)(F)F)cn23)N=N1	Z4286349866	yes
C#CCCC1(CCC(=O)N(CCC)Cc2nc3cc(Cl)ccc3c(=O)[nH]2)N=N1	Z4286355089	yes
C#CCCC1(CCC(=O)Nc2c(C(C)C)n(C)n(-c3ccccc3)c2=O)N=N1	Z4286377509	yes
C#CCCC1(CCC(=O)NCc2nccc3ccccc23)N=N1	Z4286377678	yes
C#CCCC1(CCC(=O)Nc2ccc(-c3nnnn3C3CC3)cc2)N=N1	Z4286385899	yes
C#CCCC1(CCC(=O)N2CCN(Cc3cc(=O)n4ccccc4n3)CC2)N=N1	Z4286393435	yes
C#CCCC1(CCC(=O)N2CCN(C(=O)c3ccc4c(c3)OCO4)CC2)N=N1	Z4286396849	yes
C#CCCC1(CCC(=O)N(C)Cc2nc3ccccc3[nH]2)N=N1	Z4286398313	yes
C#CCCC1(CCC(=O)N2CCCC2c2nnc3n2CCCCC3)N=N1	Z4286424367	yes
C#CCCC1(CCC(=O)Nc2ccc(F)c(-c3nnc4n3CCCCC4)c2)N=N1	Z4286427233	yes
C#CCCC1(CCC(=O)N2CCN(C(=O)c3cccc(OC)c3)CC2)N=N1	Z4286522481	yes
C#CCCC1(CCC(=O)NCCCN(C)C2CCCCC2)N=N1	Z4286527651	yes
C#CCCC1(CCC(=O)N2CCN(C(=O)c3cccc4ccccc34)CC2)N=N1	Z4286530865	yes
C#CCCC1(CCC(=O)N2CCCCC2CNC(=O)Nc2ccccc2)N=N1	Z4286554311	yes
C#CCCC1(CCNC(=O)C23COCC2CS(=O)(=O)C3)N=N1	Z4286591172	yes
C#CCCC1(CCNC(=O)c2ncc3cc(Cl)c(F)cc3n2)N=N1	Z4286591189	yes
C#CCCC1(CCNC(=O)C(O)C2CCS(=O)(=O)CC2)N=N1	Z4286591259	yes
C#CCCC1(CCNC(=O)c2c(NC(C)=O)sc(C)c2C)N=N1	Z4286591280	yes
C#CCCC1(CCNC(=O)c2cn(CCO)c(=O)[nH]c2=O)N=N1	Z4286591330	yes
C#CCCC1(CCNC(=O)c2cnoc2-c2ccc(C)s2)N=N1	Z4286591335	yes
C#CCCC1(CCNC(=O)c2cccc3[nH]c(COC)nc23)N=N1	Z4286591399	yes
C#CCCC1(CCNC(=O)Cn2[nH]c(=O)c3ccccc3c2=O)N=N1	Z4286591459	yes
C#CCCC1(CCNC(=O)c2c(C)oc3ncn(CC)c(=O)c23)N=N1	Z4286591493	yes
C#CCCC1(CCNC(=O)c2cc(=O)[nH]c(C3CCOCC3)n2)N=N1	Z4286591505	yes
C#CCCC1(CCNC(=O)C(N2CCOCC2)C23CC4CC(CC(C4)C2)C3)N=N1	Z4286591591	yes
C#CCCC1(CCNC(=O)c2ccc3c(c2)C(=O)N(c2ccc(F)cc2)C3=O)N=N1	Z4286591601	yes
C#CCCC1(CCNC(=O)Cn2nc(C)c3c(-c4cnn(C)c4)ccnc32)N=N1	Z4286591623	yes
C#CCCC1(CCNC(=O)C2CC(N3CC(O)C3)C2)N=N1	Z4286591739	yes
C#CCCC1(CCNC(=O)C2CC(C)c3nc(C)cn3C2)N=N1	Z4286591749	yes
C#CCCC1(CCC(=O)Nc2ccc(Cn3cncn3)cc2)N=N1	Z4286649962	yes
C#CCCC1(CCC(=O)NCc2cccc(Cn3ccnc3C)c2)N=N1	Z4286664964	yes
C#CCCC1(CCC(=O)Nc2ccc(NC(=O)C3CCCO3)cc2)N=N1	Z4286665698	yes
C#CCCC1(CCC(=O)Nc2ccccc2C(=O)N2CCN(C)CC2)N=N1	Z4286679847	yes
C#CCCC1(CCC(=O)Nc2cccc(NC(=O)c3ccncc3)c2)N=N1	Z4286680051	yes
C#CCCC1(CCC(=O)NCc2ccccc2Cn2cncn2)N=N1	Z4286688187	yes
C#CCCC1(CCC(=O)NCCCN2CCN(C)CC2c2ccccc2)N=N1	Z4286691052	yes
C#CCCC1(CCC(=O)N2CCN(S(=O)(=O)N3CCN(C)CC3)CC2)N=N1	Z4286691478	yes
C#CCCC1(CCC(=O)Nc2cccc(-c3nncn3CC)c2)N=N1	Z4286693680	yes
C#CCCC1(CCC(=O)Nc2cnc(-c3ccccc3)nc2)N=N1	Z4286697955	yes
C#CCCC1(CCC(=O)Nc2cc(OC)c(OC)cc2C(=O)N(C)C)N=N1	Z4286702982	yes
C#CCCC1(CCC(=O)NCCNC(=O)COc2ccccc2)N=N1	Z4286714975	yes
C#CCCC1(CCC(=O)NCc2cccc(NC(=O)c3cccnc3)c2)N=N1	Z4286737493	yes
C#CCCC1(CCC(=O)NCc2ccc(C(=O)N3CCCCCC3)cc2)N=N1	Z4286741624	yes
C#CCCC1(CCC(=O)NCC(C(C)C)N2CCC(C)CC2)N=N1	Z4286743646	yes
C#CCCC1(CCC(=O)NCc2cccnc2Oc2cccc(F)c2)N=N1	Z4286763464	yes
C#CCCC1(CCC(=O)Nc2ccc(OC)c(N3CCCCC3=O)c2)N=N1	Z4286764530	yes
C#CCCC1(CCC(=O)Nc2cccc(Cn3nc4ccccn4c3=O)c2)N=N1	Z4286765212	yes
C#CCCC1(CCC(=O)NC(C)c2cccc(NC(=O)c3ccccc3)c2)N=N1	Z4286769268	yes
C#CCCC1(CCC(=O)N(Cc2nccn2C(F)F)C2CC2)N=N1	Z4286791887	yes
C#CCCC1(CCC(=O)Nc2ccc(Oc3cnccn3)cc2C)N=N1	Z4286797754	yes
C#CCCC1(CCC(=O)N(C)Cc2cnn(-c3ccccc3)n2)N=N1	Z4286798551	yes
C#CCCC1(CCC(=O)NCc2ccc(C(=O)N3CCN(C)CC3)cc2)N=N1	Z4286817880	yes
C#CCCC1(CCC(=O)NCc2cccc(OCc3ccccn3)c2)N=N1	Z4286818940	yes
C#CCCC1(CCC(=O)Nc2cc(NC(=O)C3CC3)ccc2C)N=N1	Z4286819880	yes
C#CCCC1(CCC(=O)N2CCN(C(=O)Cc3nc(C)cs3)CC2)N=N1	Z4286843967	yes
C#CCCC1(CCC(=O)NCCCN2CC(C)CC(C)C2)N=N1	Z4286844599	yes
C#CCCC1(CCC(=O)Nc2cccc(-c3nc(C)cc(=O)[nH]3)c2)N=N1	Z4286851375	yes
C#CCCC1(CCC(=O)NC(C)c2ccc(NC(=O)NC3CC3)cc2)N=N1	Z4286854093	yes
C#CCCC1(CCC(=O)Nc2cccc(-c3n[nH]c4c3CCC4)c2)N=N1	Z4286856966	yes
C#CCCC1(CCC(=O)Nc2cccc(C(=O)NCc3ccccn3)c2)N=N1	Z4286861773	yes
C#CCCC1(CCC(=O)Nc2ccc(-n3ccnc3C)nc2)N=N1	Z4286867737	yes
C#CCCC1(CCC(=O)NCc2ccc(N3CCN(CC)CC3)nc2)N=N1	Z4286884475	yes
C#CCCC1(CCC(=O)N2CCN(CC(=O)N3CCc4ccccc43)CC2)N=N1	Z4286900316	yes
C#CCCC1(CCC(=O)Nc2cccc(-c3nc(CC)cc(=O)[nH]3)c2)N=N1	Z4286914771	yes
C#CCCC1(CCC(=O)Nc2ccc(-c3n[nH]c4c3CCC4)cc2)N=N1	Z4286921144	yes
C#CCCC1(CCC(=O)Nc2ccccc2NC(=O)N2CCCC2)N=N1	Z4286926266	yes
C#CCCC1(CCC(=O)N2CCN(C(=O)Cc3ccc(Cl)cc3)CC2)N=N1	Z4286927024	yes
C#CCCC1(CCC(=O)Nc2ccc(Cn3ccccc3=O)cc2)N=N1	Z4286962357	yes
C#CCCC1(CCC(=O)N2CCN(C(=O)N(C)Cc3ccccc3)CC2)N=N1	Z4286962550	yes
C#CCCC1(CCC(=O)Nc2cccc(OCCn3cccn3)c2)N=N1	Z4286963482	yes
C#CCCC1(CCC(=O)NCc2ccnc(Oc3ccc(OC)cc3)c2)N=N1	Z4286966112	yes
C#CCCC1(CCC(=O)Nc2cccc(OCCn3cncn3)c2)N=N1	Z4286970515	yes
C#CCCC1(CCC(=O)NCc2ccc(Oc3ccccc3OCC)nc2)N=N1	Z4286989304	yes
C#CCCC1(CCC(=O)Nc2ccc(Cn3cccn3)cc2)N=N1	Z4286993252	yes
C#CCCC1(CCC(=O)N2CCN(C(=O)c3ccc(C)c(OC)c3)CC2)N=N1	Z4286995690	yes
C#CCCC1(CCC(=O)N2CCN(C(=O)Cc3c[nH]c4ccccc34)CC2)N=N1	Z4287014862	yes
C#CCCC1(CCC(=O)N2CCCC(C(=O)Nc3ccc(C)cn3)C2)N=N1	Z4287016933	yes
C#CCCC1(CCC(=O)NCCNc2ncnc3sccc23)N=N1	Z4287018527	yes
C#CCCC1(CCC(=O)Nc2ncc(Cc3ccc(OC)cc3)s2)N=N1	Z4287030564	yes
C#CCCC1(CCC(=O)N2CCC(CN3C(=O)c4ccccc4C3=O)CC2)N=N1	Z4287038125	yes
C#CCCC1(CCC(=O)N2CCCC(C(=O)Nc3ccc(Cl)cn3)C2)N=N1	Z4287040874	yes
C#CCCC1(CCC(=O)N2CCC(C(=O)Nc3ccc(Cl)cn3)CC2)N=N1	Z4287041608	yes
C#CCCC1(CCC(=O)NC(C(=O)N2CCOCC2)c2ccccc2)N=N1	Z4287052566	yes
C#CCCC1(CCC(=O)N2CCN(C(=O)c3ccc(C)c(F)c3)CC2)N=N1	Z4287054012	yes
C#CCCC1(CCC(=O)NCc2ccc(OCCOc3ccccc3)nc2)N=N1	Z4287056271	yes
C#CCCC1(CCC(=O)N2CCCC(C(=O)Nc3ncccc3C)C2)N=N1	Z4287059969	yes
C#CCCC1(CCC(=O)Nc2cccc(OCC(=O)Nc3ccccc3)c2)N=N1	Z4287067765	yes
C#CCCC1(CCC(=O)Nc2cccc(-c3cn4cccnc4n3)c2)N=N1	Z4287073184	yes
C#CCCC1(CCC(=O)Nc2cc(COC)c3c(c2)COCO3)N=N1	Z4287081663	yes
C#CCCC1(CCC(=O)NCc2cccc(Cn3nc(C)cc3C)c2)N=N1	Z4287099488	yes
C#CCCC1(CCC(=O)Nc2ccc(Oc3ncccn3)cc2)N=N1	Z4287108330	yes
C#CCCC1(CCC(=O)Nc2ccc(-c3cn4cccnc4n3)cc2)N=N1	Z4287108640	yes
C#CCCC1(CCC(=O)Nc2ccc(C(=O)N3CCCCC3C)cc2)N=N1	Z4287113528	yes
C#CCCC1(CCC(=O)NC(C)c2cccc(N3CCCS3(=O)=O)c2)N=N1	Z4287121444	yes
C#CCCC1(CCC(=O)Nc2ccc(CN3CCOC3=O)cc2)N=N1	Z4287139783	yes
C#CCCC1(CCC(=O)Nc2cccc(-c3nc(C4CC4)no3)c2)N=N1	Z4287139814	yes
C#CCCC1(CCC(=O)N2CCC3(CC2)NC(=O)C2(CCCCC2)N3)N=N1	Z4287140416	yes
C#CCCC1(CCC(=O)NC(C(=O)N2CCC(C)CC2)c2ccccc2)N=N1	Z4287142177	yes
C#CCCC1(CCC(=O)Nc2ccc(N(C)C3CCN(C)CC3)cc2)N=N1	Z4287144663	yes
C#CCCC1(CCC(=O)N2CCC(c3c(C)[nH]c4ccccc34)CC2)N=N1	Z4287157579	yes
C#CCCC1(CCC(=O)NCc2cccc(NC(=O)N3CCCC3)c2)N=N1	Z4287164687	yes
C#CCCC1(CCC(=O)Nc2ccc(-c3cn4c(n3)CCCC4)cc2)N=N1	Z4287185853	yes
C#CCCC1(CCC(=O)NCc2cccc(NC(=O)c3ccncc3)c2)N=N1	Z4287209942	yes
C#CCCC1(CCC(=O)Nc2ccc(C(F)(F)F)n(C)c2=O)N=N1	Z4287228796	yes
C#CCCC1(CCC(=O)N(C2CC2)C(C)c2ccccn2)N=N1	Z4287241910	yes
C#CCCC1(CCC(=O)N(Cc2ccccc2)Cc2cccc(C(N)=O)c2)N=N1	Z4287243165	yes
C#CCCC1(CCC(=O)Nc2nnc(-c3ccccn3)s2)N=N1	Z4287248080	yes
C#CCCC1(CCC(=O)Nc2ccccc2-c2nc(C(C)C)n[nH]2)N=N1	Z4287265598	yes
C#CCCC1(CCC(=O)Nc2ccc(NC(=O)c3ccco3)c(C)c2)N=N1	Z4287268055	yes
C#CCCC1(CCC(=O)Nc2nc(CC(=O)OC)cs2)N=N1	Z4287282034	yes
C#CCCC1(CCC(=O)Nc2nc(CN3CCCC(C)C3)cs2)N=N1	Z4287284397	yes
C#CCCC1(CCC(=O)Nc2nc(CN3CC(C)OC(C)C3)cs2)N=N1	Z4287288004	yes
C#CCCC1(CCC(=O)Nc2nc(CN(CC)CC)cs2)N=N1	Z4287288547	yes
C#CCCC1(CCC(=O)Nc2ccc(C(=O)NCCc3ccccc3)cc2)N=N1	Z4287308850	yes
C#CCCC1(CCC(=O)Nc2ccccc2OCCn2ccnc2)N=N1	Z4287319046	yes
C#CCCC1(CCC(=O)Nc2cnccc2N2CCN(C)CC2)N=N1	Z4287334469	yes
C#CCCC1(CCC(=O)N2CCC(NC(=O)Nc3ccccc3)CC2)N=N1	Z4287355034	yes
C#CCCC1(CCC(=O)N(C)Cc2c(C)nn(-c3ccccc3C)c2C)N=N1	Z4287362751	yes
C#CCCC1(CCC(=O)Nc2cccc(-c3nc(C)c(C)[nH]3)c2)N=N1	Z4287364320	yes
C#CCCC1(CCC(=O)N2CCCN(C(=O)c3ccccn3)CC2)N=N1	Z4287367935	yes
C#CCCC1(CCC(=O)N2CCCN(C(=O)c3scnc3C)CC2)N=N1	Z4287373601	yes
C#CCCC1(CCC(=O)N2CCC(c3c[nH]c4ccc(OC)cc34)CC2)N=N1	Z4287374408	yes
C#CCCC1(CCC(=O)Nc2cccc(N3CCN(CCN(C)C)CC3)c2)N=N1	Z4287397060	yes
C#CCCC1(CCC(=O)NC(CN2CCCC2=O)c2ccccc2)N=N1	Z4287397994	yes
C#CCCC1(CCC(=O)N2CCN(C(=O)c3ccc4[nH]cnc4c3)CC2)N=N1	Z4287421112	yes
C#CCCC1(CCC(=O)NCc2c(C)nn(-c3ccccc3C)c2C)N=N1	Z4287428970	yes
C#CCCC1(CCC(=O)NCc2ccc(Oc3cccnc3)c(F)c2)N=N1	Z4287431890	yes
C#CCCC1(CCC(=O)Nc2ccc3nc(CN4CCOCC4)[nH]c3c2)N=N1	Z4287434322	yes
C#CCCC1(CCC(=O)NCC(C2CCOC2)N2CCOCC2)N=N1	Z4287442486	yes
C#CCCC1(CCC(=O)NCc2cccc(C(=O)N3CCOC(C)C3)c2)N=N1	Z4287448475	yes
C#CCCC1(CCC(=O)Nc2ccccc2CN2C(=O)CCC2=O)N=N1	Z4287448769	yes
C#CCCC1(CCC(=O)Nc2ccc(N3CCOC3=O)c(OC)c2)N=N1	Z4287450620	yes
C#CCCC1(CCC(=O)NCc2cccnc2OCCCC)N=N1	Z4287455143	yes
C#CCCC1(CCC(=O)N2CCC(C(=O)N3CCc4ccccc43)CC2)N=N1	Z4287465955	yes
C#CCCC1(CCC(=O)NCC(Cc2ccc(OCC)cc2)C(=O)OC)N=N1	Z4287471575	yes
C#CCCC1(CCC(=O)Nc2cccc(COCC3CC3)c2)N=N1	Z4287474583	yes
C#CCCC1(CCC(=O)N(CCN(C)C)Cc2nc3ccccc3c(=O)[nH]2)N=N1	Z4287535391	yes
C#CCCC1(CCC(=O)NC(C)c2cccc(N3CCOC3=O)c2)N=N1	Z4287562016	yes
C#CCCC1(CCC(=O)Nc2ccc(C(=O)N3CCCC(C)C3)cc2C)N=N1	Z4287569393	yes
C#CCCC1(CCC(=O)N2CCN(C(=O)Cc3ccccc3F)CC2)N=N1	Z4287582142	yes
C#CCCC1(CCC(=O)NCc2cccnc2N2CCN(C)CC2)N=N1	Z4287584258	yes
C#CCCC1(CCC(=O)Nc2ccc(CCN3CCOC3=O)cc2)N=N1	Z4287588306	yes
C#CCCC1(CCC(=O)Nc2ccc(C)c(NC(=O)c3ccncc3)c2)N=N1	Z4287720054	yes
C#CCCC1(CCC(=O)Nc2ccc(C)c(NC(=O)CN3CCCCC3)c2)N=N1	Z4287720724	yes
C#CCCC1(CCC(=O)NCc2ccccc2OCCN2CCOCC2)N=N1	Z4287744992	yes
C#CCCC1(CCC(=O)N(CC)Cc2ccc(N3CCC(OC)CC3)cc2)N=N1	Z4287754344	yes
C#CCCC1(CCC(=O)NCc2ccc(C(=O)Nc3ccncc3)cc2)N=N1	Z4287782394	yes
C#CCCC1(CCC(=O)Nc2cc(C(=O)N3CCCC3)ccc2OC)N=N1	Z4287801015	yes
C#CCCC1(CCC(=O)NCCCNc2ncccn2)N=N1	Z4287943922	yes
C#CCCC1(CCC(=O)Nc2ccccc2C(=O)NCc2cccnc2)N=N1	Z4287961042	yes
C#CCCC1(CCC(=O)NCc2ccc(-n3cnc4ccccc43)nc2)N=N1	Z4287961376	yes
C#CCCC1(CCC(=O)Nc2ccn(Cc3cccc4cccnc34)n2)N=N1	Z4287965990	yes
C#CCCC1(CCC(=O)NCc2cn(-c3ccccc3)nc2-c2ccncc2)N=N1	Z4287967252	yes
C#CCCC1(CCC(=O)NC(CN(C)C2CCN(C)CC2)c2ccccc2)N=N1	Z4287970862	yes
C#CCCC1(CCC(=O)N2CCCN(C(=O)c3c[nH]c4ccccc34)CC2)N=N1	Z4287971265	yes
C#CCCC1(CCC(=O)Nc2ccn(CCc3ccccn3)n2)N=N1	Z4287975895	yes
C#CCCC1(CCC(=O)NCc2cccc(OCC(=O)NC3CC3)c2)N=N1	Z4287979799	yes
C#CCCC1(CCC(=O)Nc2cccc(CN3CCCCC3=O)c2)N=N1	Z4287983958	yes
C#CCCC1(CCC(=O)Nc2cccc(N3C(=O)CCC3=O)c2C)N=N1	Z4287996048	yes
C#CCCC1(CCC(=O)Nc2ccc3c(ccn3CCN(C)C)c2)N=N1	Z4288008477	yes
C#CCCC1(CCC(=O)N2CCN(c3c(C#N)cnc4ccccc34)CC2)N=N1	Z4288019821	yes
C#CCCC1(CCC(=O)Nc2cc(C(=O)N3CCCCCC3)ccc2OC)N=N1	Z4288028799	yes
C#CCCC1(CCC(=O)NCc2ccc(Oc3cccc(F)c3)nc2)N=N1	Z4288028951	yes
C#CCCC1(CCC(=O)Nc2ccccc2OCc2cscn2)N=N1	Z4288043764	yes
C#CCCC1(CCC(=O)NCCc2coc(-c3ccccc3)n2)N=N1	Z4288054435	yes
C#CCCC1(CCC(=O)Nc2cccc(C(=O)Nc3ccncc3)c2)N=N1	Z4288066551	yes
C#CCCC1(CCC(=O)Nc2ccc(NC(=O)CCN3CCCCC3)cc2)N=N1	Z4288066715	yes
C#CCCC1(CCC(=O)NC(CN2CCN(C)CC2)c2ccc(OC)cc2)N=N1	Z4288067195	yes
C#CCCC1(CCC(=O)NCCNc2ncnc3ccccc23)N=N1	Z4288067350	yes
C#CCCC1(CCC(=O)N2CCC(C(=O)Nc3cccc(F)c3)CC2)N=N1	Z4288068378	yes
C#CCCC1(CCC(=O)NCC(=O)Nc2cccc3cccnc23)N=N1	Z4288069100	yes
C#CCCC1(CCC(=O)Nc2cnn(Cc3cn4ccccc4n3)c2)N=N1	Z4288069249	yes
C#CCCC1(CCC(=O)N2CCN(C(=O)c3cc4ccccc4[nH]3)CC2)N=N1	Z4288070050	yes
C#CCCC1(CCC(=O)N2CCC(c3nc(-c4ccccc4)n[nH]3)CC2)N=N1	Z4288081575	yes
C#CCCC1(CCC(=O)NCCC(=O)Nc2cccnc2)N=N1	Z4288083929	yes
C#CCCC1(CCC(=O)N2CCCC2C2CCCN2Cc2ccccc2)N=N1	Z4288089451	yes
C#CCCC1(CCC(=O)Nc2ccc(OC)nc2N2CCN(C(C)=O)CC2)N=N1	Z4288091616	yes
C#CCCC1(CCC(=O)N(C)C2CCN(c3cc(C)nc(C)n3)CC2)N=N1	Z4288108627	yes
C#CCCC1(CCC(=O)NCCCc2nc(C)cs2)N=N1	Z4288130941	yes
C#CCCC1(CCC(=O)N2CCN(C(=O)Nc3cccc(C)c3)CC2)N=N1	Z4288138977	yes
C#CCCC1(CCC(=O)Nc2ccccc2NC2CCN(C)CC2)N=N1	Z4288139691	yes
C#CCCC1(CCC(=O)N2CCCC(CNC(=O)Nc3cccc(F)c3)C2)N=N1	Z4288141253	yes
C#CCCC1(CCC(=O)Nc2cccc(-c3nc(C4CC4)n[nH]3)c2)N=N1	Z4288147280	yes
C#CCCC1(CCC(=O)N(CCc2ccccc2)Cc2cccnc2)N=N1	Z4288149909	yes
C#CCCC1(CCC(=O)Nc2cccc3c2CCN(S(=O)(=O)CC)C3)N=N1	Z4288165802	yes
C#CCCC1(CCC(=O)Nc2nc(-c3ccc[nH]3)cs2)N=N1	Z4288176555	yes
C#CCCC1(CCC(=O)NC2CCN(C(=O)c3ccc(C)cc3)CC2)N=N1	Z4288182019	yes
C#CCCC1(CCC(=O)Nc2cc(N3C(=O)CCC3=O)ccc2C)N=N1	Z4288182260	yes
C#CCCC1(CCC(=O)NCC(=O)N(C)CCc2ccccn2)N=N1	Z4288190779	yes
C#CCCC1(CCC(=O)N(C)C2CCN(C(=O)c3ccccc3)CC2)N=N1	Z4288194813	yes
C#CCCC1(CCC(=O)Nc2cc(-n3nnnc3C)ccc2F)N=N1	Z4288197999	yes
C#CCCC1(CCC(=O)NC2(C(=O)N3CCN(C)CC3)CCCC2)N=N1	Z4288201625	yes
C#CCCC1(CCC(=O)Nc2nc(C(C)CC)cs2)N=N1	Z4288204503	yes
C#CCCC1(CCC(=O)Nc2ccc3nc(CN4CCCCC4)[nH]c3c2)N=N1	Z4288209190	yes
C#CCCC1(CCC(=O)Nc2ccc(F)c(-n3nnnc3C)c2)N=N1	Z4288222514	yes
C#CCCC1(CCC(=O)Nc2ncccc2OCc2ccncc2)N=N1	Z4288226538	yes
C#CCCC1(CCC(=O)Nc2scnc2-c2ccccc2)N=N1	Z4288228340	yes
C#CCCC1(CCC(=O)NCCCCc2nc(-c3cccnc3)cs2)N=N1	Z4288236927	yes
C#CCCC1(CCC(=O)N(Cc2ccccc2)Cc2cc[nH]n2)N=N1	Z4288239409	yes
C#CCCC1(CCC(=O)N(Cc2ccccc2)C(C)CN2CCOCC2)N=N1	Z4288249460	yes
C#CCCC1(CCC(=O)Nc2nc3ccccc3n2CCCn2ccnc2)N=N1	Z4288282857	yes
C#CCCC1(CCC(=O)Nc2ccc(N3CCOCC3)cc2C(=O)OC)N=N1	Z4288290569	yes
C#CCCC1(CCC(=O)NC(C)(COc2ccccc2)C(=O)OC)N=N1	Z4288298578	yes
C#CCCC1(CCC(=O)N(CCCN2CCOCC2)Cc2ccncc2)N=N1	Z4288316597	yes
C#CCCC1(CCC(=O)Nc2cccc(OCc3cn4ccccc4n3)c2)N=N1	Z4288337191	yes
C#CCCC1(CCC(=O)Nc2ccc(OCc3cn4ccccc4n3)cc2)N=N1	Z4288379373	yes
C#CCCC1(CCC(=O)NCC(Cc2ccccc2F)C(=O)OC)N=N1	Z4288381865	yes
C#CCCC1(CCC(=O)NCc2cc(F)ccc2N2CCN(C)CC2)N=N1	Z4288382160	yes
C#CCCC1(CCC(=O)NCCn2c(=O)oc3ccccc32)N=N1	Z4288392243	yes
C#CCCC1(CCC(=O)N2Cc3ccc(C(=O)OC)cc3C2)N=N1	Z4288395214	yes
C#CCCC1(CCC(=O)N(CCN(C)C)Cc2ccncc2)N=N1	Z4288402284	yes
C#CCCC1(CCC(=O)Nc2cnc(Cc3ccc(F)cc3)nc2)N=N1	Z4288405089	yes
C#CCCC1(CCC(=O)Nc2nnc(Cc3ccc(F)cc3)s2)N=N1	Z4288405368	yes
C#CCCC1(CCC(=O)Nc2ccccc2OCCN2CCN(C)CC2)N=N1	Z4288405928	yes
C#CCCC1(CCC(=O)N(CCN(C)C)Cc2ccccn2)N=N1	Z4288412997	yes
C#CCCC1(CCC(=O)NCC(Cc2ccncc2)C(=O)OC)N=N1	Z4288420345	yes
C#CCCC1(CCC(=O)N2CCCC(N3CCCC3)C2)N=N1	Z4288425662	yes
C#CCCC1(CCC(=O)Nc2cc(F)ccc2OCC2CCCO2)N=N1	Z4288431767	yes
C#CCCC1(CCC(=O)N(CCN2CCCC2)Cc2ccccc2)N=N1	Z4288444702	yes
C#CCCC1(CCC(=O)N2CCN(CCNC(=O)C3CCCC3)CC2)N=N1	Z4288470167	yes
C#CCCC1(CCC(=O)Nc2cccc(Cn3nc(C)cc3C)c2)N=N1	Z4288471216	yes
C#CCCC1(CCC(=O)NCCOc2ccc(C(=O)OC)cc2)N=N1	Z4288472509	yes
C#CCCC1(CCC(=O)Nc2ccn(CCN3CCOCC3)n2)N=N1	Z4288481253	yes
C#CCCC1(CCC(=O)NCc2ccnc(OCC3CC3)c2)N=N1	Z4288489160	yes
C#CCCC1(CCC(=O)NCc2ccc(C(=O)NCCN3CCCC3)cc2)N=N1	Z4288518651	yes
C#CCCC1(CCC(=O)NC2CC3CCC(C2)N3Cc2ccccc2)N=N1	Z4288538164	yes
C#CCCC1(CCC(=O)NCC2CCN(Cc3csc(C)n3)CC2)N=N1	Z4288544934	yes
C#CCCC1(CCC(=O)NCC2(N3CCCCC3)CCOCC2)N=N1	Z4288554293	yes
C#CCCC1(CCC(=O)Nc2cccc(CN(C)Cc3cscn3)c2)N=N1	Z4288556048	yes
C#CCCC1(CCC(=O)Nc2ccc(Cc3nnc4ccccn34)cc2)N=N1	Z4288557550	yes
C#CCCC1(CCC(=O)NC(Cc2ccccc2)CN2CCOCC2)N=N1	Z4288558012	yes
C#CCCC1(CCC(=O)N(C)C2CCCc3nc(C)sc32)N=N1	Z4288559091	yes
C#CCCC1(CCC(=O)Nc2ccc(C(=O)NCCN3CCCC3)cc2)N=N1	Z4288593517	yes
C#CCCC1(CCC(=O)NCC(=O)Nc2cccc3ncccc23)N=N1	Z4288607430	yes
C#CCCC1(CCC(=O)N2CCN(C3CCN(c4ccccc4)C3=O)CC2)N=N1	Z4288614159	yes
C#CCCC1(CCC(=O)NCC(c2cccs2)N2CCN(C)CC2)N=N1	Z4288621015	yes
C#CCCC1(CCC(=O)NCc2ccc(N3CCNC(=O)C3)c(F)c2)N=N1	Z4288656743	yes
C#CCCC1(CCC(=O)NCc2ccnc(-c3ccccc3)n2)N=N1	Z4288676317	yes
C#CCCC1(CCC(=O)Nc2ccc(Oc3ccccn3)cc2)N=N1	Z4288685929	yes
C#CCCC1(CCC(=O)N2CCC[C@H]2C(=O)Nc2cccc(C)n2)N=N1	Z4288687801	yes
C#CCCC1(CCC(=O)NC2CCN(CC3CCCO3)CC2C)N=N1	Z4288725719	yes
C#CCCC1(CCC(=O)Nc2cccc(C[S+]([O-])c3ccccc3)c2)N=N1	Z4288734669	no
C#CCCC1(CCC(=O)NC2CCN(Cc3ccc(OC)cc3)C2=O)N=N1	Z4288735499	yes
C#CCCC1(CCC(=O)NCCCc2nc3ccccc3n2C)N=N1	Z4288743427	yes
C#CCCC1(CCC(=O)NC2CCN(Cc3ccccn3)CC2C)N=N1	Z4288752675	yes
C#CCCC1(CCC(=O)Nc2ccc(-c3ncc(C(C)C)o3)cc2)N=N1	Z4288768213	yes
C#CCCC1(CCC(=O)NCc2cccc(-n3cccn3)c2)N=N1	Z4288771361	yes
C#CCCC1(CCC(=O)NC2CCN(c3ccn(C)n3)C2=O)N=N1	Z4288778317	yes
C#CCCC1(CCC(=O)N2CCC(C3CCCCCN3C(=O)C3CC3)CC2)N=N1	Z4288780228	yes
C#CCCC1(CCC(=O)NCc2nnnn2CCCC)N=N1	Z4288787417	yes
C#CCCC1(CCC(=O)Nc2ccn(CCCn3ccnc3)n2)N=N1	Z4288791215	yes
C#CCCC1(CCC(=O)Nc2nncn2Cc2ccccc2)N=N1	Z4288792673	yes
C#CCCC1(CCC(=O)NC2CCCN(c3ccccc3OC)C2=O)N=N1	Z4288800411	yes
C#CCCC1(CCC(=O)N2CCN(c3ccc4nncn4n3)CC2)N=N1	Z4288806005	yes
C#CCCC1(CCC(=O)Nc2ccn(CCCN3CCCC3)n2)N=N1	Z4288815530	yes
C#CCCC1(CCC(=O)Nc2cc(OCC(=O)OC)c(C)cc2Cl)N=N1	Z4288820497	yes
C#CCCC1(CCC(=O)Nc2cc(C(=O)N3CCOCC3)ccc2C)N=N1	Z4288824038	yes
C#CCCC1(CCC(=O)Nc2ccc(NC(=O)NC3CCN(C)CC3)cc2)N=N1	Z4288824941	yes
C#CCCC1(CCC(=O)Nc2ccn(CC(=O)N3CCN(C)CC3)n2)N=N1	Z4288829613	yes
C#CCCC1(CCC(=O)Nc2ccc(CC(=O)Nc3nc(C)cs3)cc2)N=N1	Z4288847348	yes
C#CCCC1(CCC(=O)NCCNc2nccc(C(F)(F)F)n2)N=N1	Z4288848062	yes
C#CCCC1(CCC(=O)N(CCN2CCCC2)c2ccccc2)N=N1	Z4288881653	yes
C#CCCC1(CCC(=O)N2CCCCC2C(=O)Nc2ccc3c(c2)CCO3)N=N1	Z4288893932	yes
C#CCCC1(CCC(=O)Nc2ccc(F)c(S(=O)(=O)NC(C)(C)C)c2)N=N1	Z4288902468	yes
C#CCCC1(CCC(=O)Nc2ccccc2OCC2CC2)N=N1	Z4288902837	yes
C#CCCC1(CCC(=O)Nc2ccc(C)c(N3CCCS3(=O)=O)c2)N=N1	Z4288903191	yes
C#CCCC1(CCC(=O)Nc2cnn(Cc3nc4ccccc4n3C)c2)N=N1	Z4288910874	yes
C#CCCC1(CCC(=O)NCc2cccnc2Oc2cccc(OC)c2)N=N1	Z4288911037	yes
C#CCCC1(CCC(=O)NCCc2nc(-c3ccccc3)c(C)s2)N=N1	Z4288913602	yes
C#CCCC1(CCC(=O)NC2CC(=O)N(CCOc3ccccc3)C2)N=N1	Z4288932618	yes
C#CCCC1(CCC(=O)Nc2ccc(C(=O)N(C)C3CCCN(C)C3)cc2)N=N1	Z4288941651	yes
C#CCCC1(CCC(=O)NCc2ccc(C(=O)Nc3cccnc3)cc2)N=N1	Z4288959116	yes
C#CCCC1(CCC(=O)NC(c2nccs2)C2CC2)N=N1	Z4288966620	yes
C#CCCC1(CCC(=O)Nc2ccc(F)c(-n3nnnc3C3CC3)c2)N=N1	Z4288996074	yes
C#CCCC1(CCC(=O)NC2CCCN(c3ccc(C)cc3)C2)N=N1	Z4289002577	yes
C#CCCC1(CCC(=O)NCc2cc(=O)n(C)c(=O)n2C)N=N1	Z4289013283	yes
C#CCCC1(CCC(=O)N(CC)c2ncc(C(=O)OC)s2)N=N1	Z4289030558	yes
C#CCCC1(CCC(=O)NC(C)c2cccc(-n3ccnc3)c2)N=N1	Z4289063340	yes
C#CCCC1(CCC(=O)NCC(O)(Cc2ccccc2)c2ccccc2)N=N1	Z4289075949	yes
C#CCCC1(CCC(=O)NCc2cnc(C)n2-c2ccccc2)N=N1	Z4289076776	yes
C#CCCC1(CCC(=O)Nc2ccc(OC)c(N3CCOC3=O)c2)N=N1	Z4289080386	yes
C#CCCC1(CCC(=O)N(CCC(=O)OC)C2CCOCC2)N=N1	Z4289084655	yes
C#CCCC1(CCC(=O)NCC2(O)CCN(Cc3ccccc3)C2)N=N1	Z4289089542	yes
C#CCCC1(CCC(=O)N2CCCC2c2nc3ccccc3n2C(C)C)N=N1	Z4289091970	yes
C#CCCC1(CCC(=O)Nc2ccc(OCCN3CCC(C)C3)cc2)N=N1	Z4289119639	yes
C#CCCC1(CCC(=O)Nc2cccc(Nc3cnn(C)c3)c2)N=N1	Z4289129160	yes
C#CCCC1(CCC(=O)N2CCC(C(=O)NCc3ccc(OC)cc3)CC2)N=N1	Z4289138783	yes
C#CCCC1(CCC(=O)NCC(C)c2nc3ccccc3o2)N=N1	Z4289149755	yes
C#CCCC1(CCC(=O)Nc2ccc(OCc3ccccn3)c(F)c2)N=N1	Z4289150979	yes
C#CCCC1(CCC(=O)N(C)Cc2c(C)nc3sccn23)N=N1	Z4289155721	yes
C#CCCC1(CCC(=O)N2CCC3(CCCN(Cc4ccccc4)C3)C2)N=N1	Z4289157250	yes
C#CCCC1(CCC(=O)Nc2nc(C(C)(C)C)c(C(=O)OC)s2)N=N1	Z4289167578	yes
C#CCCC1(CCC(=O)NC(C)c2cc(F)ccc2N2CCC(O)CC2)N=N1	Z4289174231	yes
C#CCCC1(CCC(=O)NC2CCN(c3cc(OC)cc(OC)c3)C2=O)N=N1	Z4289178352	yes
C#CCCC1(CCC(=O)N(Cc2cc(OC)ccc2OC)c2cnn(C)c2)N=N1	Z4289186404	yes
C#CCCC1(CCC(=O)N(C)C2CC(=O)N(Cc3ccccc3)C2=O)N=N1	Z4289202255	yes
C#CCCC1(CCC(=O)Nc2cc(CN(C)C)ccn2)N=N1	Z4289207869	yes
C#CCCC1(CCC(=O)Nc2cc(C)nn2CCCCC)N=N1	Z4289213723	yes
C#CCCC1(CCC(=O)NCC2CC(=O)Nc3ccccc32)N=N1	Z4289218504	yes
C#CCCC1(CCC(=O)NC(C)(C(N)=O)c2cccc(C(F)(F)F)c2)N=N1	Z4289223001	yes
C#CCCC1(CCC(=O)Nc2ccc(C)c(OC3CCOC3)c2)N=N1	Z4289228973	yes
C#CCCC1(CCC(=O)NCC(CO)Cc2ccccn2)N=N1	Z4289235028	yes
C#CCCC1(CCC(=O)NC(Cc2c[nH]c3cc(F)ccc23)C(=O)OC)N=N1	Z4289243024	yes
C#CCCC1(CCC(=O)Nc2cccc(Cn3nc(C)nc3C)c2)N=N1	Z4289248028	yes
C#CCCC1(CCC(=O)Nc2cccc(NC(=O)C3CCCCC3)c2)N=N1	Z4289251625	yes
C#CCCC1(CCC(=O)Nc2cc(-c3nc(CC)no3)ccc2C)N=N1	Z4289259210	yes
C#CCCC1(CCC(=O)Nc2ccc(CC(=O)N3CCN(CC)CC3)cc2)N=N1	Z4289262994	yes
C#CCCC1(CCC(=O)Nc2cc(C)nn2Cc2ccccn2)N=N1	Z4289264118	yes
C#CCCC1(CCC(=O)NC(C)c2ccc(-n3ccnc3C)c(F)c2)N=N1	Z4289264918	yes
C#CCCC1(CCC(=O)N2C3CCC2CN(CC)CC3)N=N1	Z4289270542	yes
C#CCCC1(CCC(=O)N2CC(CCN3CCCC3=O)c3ccccc32)N=N1	Z4289273944	yes
C#CCCC1(CCC(=O)NCc2nccn2CCc2ccccc2)N=N1	Z4289275998	yes
C#CCCC1(CCC(=O)NCc2ncoc2-c2ccccc2)N=N1	Z4289291496	yes
C#CCCC1(CCC(=O)NCC2CC(=O)N(CCc3ccccc3)C2)N=N1	Z4289291852	yes
C#CCCC1(CCC(=O)NCCc2csc(-c3ccccc3)n2)N=N1	Z4289308230	yes
C#CCCC1(CCC(=O)NCCNc2ccc(-c3ccccc3)nn2)N=N1	Z4289309825	yes
C#CCCC1(CCC(=O)N2CCC(Nc3cc(OC)cc(OC)c3)CC2)N=N1	Z4289313197	yes
C#CCCC1(CCC(=O)N(Cc2ccccc2)c2nccs2)N=N1	Z4289315688	yes
C#CCCC1(CCC(=O)NCc2ccc(C)cc2OCC2CCOC2)N=N1	Z4289325296	yes
C#CCCC1(CCC(=O)N2CCCC(NC(=O)c3cc4ccccc4o3)C2)N=N1	Z4289335105	yes
C#CCCC1(CCC(=O)Nc2cccn(Cc3ccccc3)c2=O)N=N1	Z4289340785	yes
C#CCCC1(CCC(=O)NCc2ccc(C)cc2OCC2CCCO2)N=N1	Z4289359015	yes
C#CCCC1(CCC(=O)Nc2ccc(OCC(=O)OC)c3ccccc23)N=N1	Z4289379416	yes
C#CCCC1(CCC(=O)N2CCC(OCCN3CCCCC3)C2)N=N1	Z4289383824	yes
C#CCCC1(CCC(=O)N2CCC(C(=O)Nc3ccc(O)cc3)CC2)N=N1	Z4289405615	yes
C#CCCC1(CCC(=O)N2CCC(OCCN3CCOCC3)C2)N=N1	Z4289410407	yes
C#CCCC1(CCC(=O)NC(C)c2nc(-c3ccc(C)c(F)c3)no2)N=N1	Z4289419291	yes
C#CCCC1(CCC(=O)NC(CC)C2CN(Cc3ccccc3)CCO2)N=N1	Z4289424435	yes
C#CCCC1(CCC(=O)NCC(O)c2cccc(OCc3ccccc3)c2)N=N1	Z4289445023	yes
C#CCCC1(CCC(=O)N2CCC(CCN3CCCCC3C)CC2)N=N1	Z4289471191	yes
C#CCCC1(CCC(=O)N(C)Cc2nc(-c3ccccc3)c[nH]2)N=N1	Z4289477723	yes
C#CCCC1(CCC(=O)N2CC(C)C(N3CCCN(C(C)=O)CC3)C2)N=N1	Z4289490183	yes
C#CCCC1(CCC(=O)N2CCC3C(CCCN3Cc3ccccc3)C2)N=N1	Z4289498613	yes
C#CCCC1(CCC(=O)Nc2nnc(-c3ccncc3)s2)N=N1	Z4289515089	yes
C#CCCC1(CCC(=O)Nc2c[nH]nc2-c2ccccn2)N=N1	Z4289522496	yes
C#CCCC1(CCC(=O)Nc2cccc3c2CCN(CC)C3)N=N1	Z4289531090	yes
C#CCCC1(CCC(=O)Nc2ccn(-c3ncccc3C(F)(F)F)n2)N=N1	Z4289531271	yes
C#CCCC1(CCC(=O)Nc2nc(CCC(=O)OC)cs2)N=N1	Z4289533448	yes
C#CCCC1(CCC(=O)NCC(CO)Cc2ccccc2C(F)(F)F)N=N1	Z4289559818	yes
C#CCCC1(CCC(=O)N(CCO)CCN2CCOCC2)N=N1	Z4289583128	yes
C#CCCC1(CCC(=O)N(CCCO)Cc2ccncc2)N=N1	Z4289586112	yes
C#CCCC1(CCC(=O)N2CCC(CNC(=O)c3ccccn3)CC2)N=N1	Z4289587555	yes
C#CCCC1(CCC(=O)N2CCN(c3nccn4cnnc34)C(C)C2)N=N1	Z4289590628	yes
C#CCCC1(CCC(=O)N2CCOC(CN3C(=O)c4ccccc4C3=O)C2)N=N1	Z4289590893	yes
C#CCCC1(CCC(=O)N2CCOC(CN(C)c3cccnn3)C2)N=N1	Z4289594860	yes
C#CCCC1(CCC(=O)Nc2ccnn2C2CCN(Cc3ccccc3)C2)N=N1	Z4289596808	yes
C#CCCC1(CCC(=O)NCC2CCN(C(=O)Cc3ccccc3)C2)N=N1	Z4289600652	yes
C#CCCC1(CCC(=O)N2CCC(C(O)c3nccn3C)CC2)N=N1	Z4289603900	yes
C#CCCC1(CCC(=O)Nc2ccc(N3CCC(N(C)C)C3)cn2)N=N1	Z4289612568	yes
C#CCCC1(CCC(=O)NC(C)C(OC2CCOCC2)c2ccccc2)N=N1	Z4289621417	yes
C#CCCC1(CCC(=O)Nc2ccc(O)c(CN3CCOCC3)c2)N=N1	Z4289634616	yes
C#CCCC1(CCC(=O)NNc2cc(F)cc(OC)c2)N=N1	Z4289636914	yes
C#CCCC1(CCC(=O)N2CCC3C(CCC(=O)N3C3CC3)C2)N=N1	Z4289647298	yes
C#CCCC1(CCC(=O)N2CCCC(c3nc4cc(C)ccc4[nH]3)C2)N=N1	Z4289656532	yes
C#CCCC1(CCC(=O)N2CCN(Cc3nc4ccccc4[nH]3)CC2)N=N1	Z4289656783	yes
C#CCCC1(CCC(=O)N2CCCC(c3nnn[nH]3)C2)N=N1	Z4289657928	yes
C#CCCC1(CCC(=O)NCCNc2cc(OC)cc(OC)c2)N=N1	Z4289659882	yes
C#CCCC1(CCC(=O)N2CCC(S(=O)(=O)NC3CC3)C2)N=N1	Z4289665124	yes
C#CCCC1(CCC(=O)N(C)CC(C)(C)CN2CCOCC2)N=N1	Z4289668661	yes
C#CCCC1(CCC(=O)NCC(Cc2ccccc2OC)C(=O)OC)N=N1	Z4289669241	yes
C#CCCC1(CCC(=O)Nc2nc(CC)c(C(=O)OC)s2)N=N1	Z4289682027	yes
C#CCCC1(CCC(=O)N[C@@H](Cc2ccccc2)C(=O)NCCN(C)C)N=N1	Z4289686083	yes
C#CCCC1(CCC(=O)NCC(=O)c2ccc(OC)cc2)N=N1	Z4289692732	yes
C#CCCC1(CCC(=O)NCc2c(C)nn(CC(=O)OC)c2C)N=N1	Z4289694395	yes
C#CCCC1(CCC(=O)NCCOCc2cccc(OC)c2)N=N1	Z4289695351	yes
C#CCCC1(CCC(=O)Nc2cccn(Cc3ccc(C)cc3)c2=O)N=N1	Z4289703295	yes
C#CCCC1(CCC(=O)Nc2ccc(OC3CCN(C)CC3)nc2)N=N1	Z4289705072	yes
C#CCCC1(CCC(=O)NCC(O)Cn2cnc3cc(C)c(C)cc32)N=N1	Z4289707907	yes
C#CCCC1(CCC(=O)N(Cc2ccc(O)cc2)CC2CCCN2CC)N=N1	Z4289755198	yes
C#CCCC1(CCC(=O)NC(Cc2ccccc2)Cc2cscn2)N=N1	Z4289776413	yes
C#CCCC1(CCC(=O)NCc2nc(C)n3c2CCCC3)N=N1	Z4289806589	yes
C#CCCC1(CCC(=O)NC2(c3nc(C4CC4)cc(=O)[nH]3)CCCCC2)N=N1	Z4289807899	yes
C#CCCC1(CCC(=O)Nc2cccc3c2CN(c2nccs2)C3)N=N1	Z4289819434	yes
C#CCCC1(CCC(=O)NC2CCN(CC3(O)CCCCC3)CC2)N=N1	Z4289850062	yes
C#CCCC1(CCC(=O)NC2(CCOCc3ccccc3)CC2)N=N1	Z4289853488	yes
C#CCCC1(CCC(=O)Nc2cc(-c3cccc(OC)c3)nn2C)N=N1	Z4289900294	yes
C#CCCC1(CCC(=O)N(Cc2nnc(-c3ccc(Cl)cc3)o2)C2CC2)N=N1	Z4289931696	yes
C#CCCC1(CCC(=O)N2CCCC2CC(O)c2cnn(C)c2)N=N1	Z4289935863	yes
C#CCCC1(CCC(=O)Nc2nncn2-c2ccccc2)N=N1	Z4289952910	yes
C#CCCC1(CCC(=O)N2CCc3c(ncn3CCc3ccccc3)C2)N=N1	Z4289953710	yes
C#CCCC1(CCC(=O)Nc2cccc(N3CCN(C(C)C)CC3)c2)N=N1	Z4289956813	yes
C#CCCC1(CCC(=O)N2CCC3(CC2)CC3CN(C)C2CC2)N=N1	Z4289957582	yes
C#CCCC1(CCC(=O)Nc2cnc(-c3ccccc3)s2)N=N1	Z4289973235	yes
C#CCCC1(CCC(=O)Nc2cccc(CCN3CCCC3)c2)N=N1	Z4289998788	yes
C#CCCC1(CCC(=O)NC(CO)c2c(F)cccc2F)N=N1	Z4290008569	yes
C#CCCC1(CCC(=O)Nc2ccc(-n3ncn(C)c3=O)cc2)N=N1	Z4290023385	yes
C#CCCC1(CCC(=O)N2CC=C(c3ccc4c(c3)OCCO4)CC2)N=N1	Z4290026212	yes
C#CCCC1(CCC(=O)Nc2ccc(F)cc2NS(C)(=O)=O)N=N1	Z4290081072	yes
C#CCCC1(CCC(=O)Nc2cnc3c(c2)CN(C(=O)OC(C)(C)C)CC3)N=N1	Z4290082792	yes
C#CCCC1(CCC(=O)Nc2cccc(CCN(C)C3CC3)c2)N=N1	Z4290094704	yes
C#CCCC1(CCC(=O)NCC(OCC)(OCC)c2ccccn2)N=N1	Z4290109741	yes
C#CCCC1(CCC(=O)NC2=NN(Cc3ccccc3)C(C)C2)N=N1	Z4290111224	yes
C#CCCC1(CCC(=O)Nc2cccc(C(=O)N3CCCC(O)C3)c2)N=N1	Z4290147688	yes
C#CCCC1(CCC(=O)NCC2CC(OCc3ccccc3)C2)N=N1	Z4290183789	yes
C#CCCC1(CCC(=O)NC2CCN(C3CC3)C2c2cccc(OC)c2)N=N1	Z4290191598	yes
C#CCCC1(CCC(=O)Nc2csc(-c3ccccn3)n2)N=N1	Z4290199997	yes
C#CCCC1(CCC(=O)N(C)C(C)C2CN(Cc3ccccc3)CCO2)N=N1	Z4290219373	yes
C#CCCC1(CCC(=O)NCc2cn(C)nc2-c2ccc(C#N)cc2)N=N1	Z4290310298	yes
C#CCCC1(CCC(=O)N2CCN3C(=O)N(c4ccccc4)C(=O)C3C2)N=N1	Z4290318028	yes
C#CCCC1(CCC(=O)NC2CN(c3ccc(C(=O)OCC)cn3)C2)N=N1	Z4290326258	yes
C#CCCC1(CCC(=O)NC2CCCC3CN(Cc4ccccc4)CC32)N=N1	Z4290337481	yes
C#CCCC1(CCC(=O)Nc2ccc(C)c(-c3nnnn3C3CC3)c2)N=N1	Z4290369220	yes
C#CCCC1(CCC(=O)NCC(=O)OCc2ccc(Cl)cc2)N=N1	Z4290373979	yes
C#CCCC1(CCC(=O)N(C)c2ccc(N3CCOCC3)nc2)N=N1	Z4290394887	yes
C#CCCC1(CCC(=O)NC2CCCc3cnn(CCOC)c32)N=N1	Z4290425807	yes
C#CCCC1(CCC(=O)NCCc2nc(-c3ccccc3)n[nH]2)N=N1	Z4290448698	yes
C#CCCC1(CCC(=O)Nc2ccc(=O)n(Cc3cccnc3)c2)N=N1	Z4290449940	yes
C#CCCC1(CCC(=O)Nc2ccc(C)c(N3CCC(N(C)C)C3)c2)N=N1	Z4290450199	yes
C#CCCC1(CCC(=O)Nc2ccn(-c3cncnc3)n2)N=N1	Z4290471823	yes
C#CCCC1(CCC(=O)NC2CCC(O)(c3cccnc3)CC2)N=N1	Z4290505606	yes
C#CCCC1(CCC(=O)NCc2nnnn2CC2CC2)N=N1	Z4290508162	yes
C#CCCC1(CCC(=O)Nc2c3c(nn2C(C)C)CCC3)N=N1	Z4290508251	yes
C#CCCC1(CCC(=O)Nc2cn3cc(Br)ncc3n2)N=N1	Z4290511809	yes
C#CCCC1(CCC(=O)N2CCC(Nc3nc(C)cs3)CC2)N=N1	Z4290518865	yes
C#CCCC1(CCC(=O)NC2CCN(c3ccccc3C(F)(F)F)C2=O)N=N1	Z4290527293	yes
C#CCCC1(CCC(=O)N2CCCC(n3c(CC)nc4ccccc43)C2)N=N1	Z4290546308	yes
C#CCCC1(CCC(=O)NCc2ccc(N3CCCS3(=O)=O)c(F)c2)N=N1	Z4290554152	yes
C#CCCC1(CCC(=O)Nc2ccc(Cc3nnc4ncccn34)cc2)N=N1	Z4290557066	yes
C#CCCC1(CCC(=O)Nc2sc(CCC)nc2C)N=N1	Z4290580877	yes
C#CCCC1(CCC(=O)Nc2cccc(-n3cnc(N(C)C)n3)c2)N=N1	Z4290590797	yes
C#CCCC1(CCC(=O)NC[C@@H]2C[C@H](F)CN2Cc2cnn(C)c2)N=N1	Z4290791035	yes
C#CCCC1(CCC(=O)N(C)C[C@@H]2C[C@H](F)CN2Cc2cnn(C)c2)N=N1	Z4290893796	yes
C#CCCC1(CCC(=O)Nc2cccc(N3CCN(C(C)=O)CC3)c2)N=N1	Z4290955796	yes
C#CCCC1(CCC(=O)Nc2ccc(C(=O)NCc3ccncc3)cc2)N=N1	Z4290994783	yes
C#CCCC1(CCC(=O)N(CC)Cc2c[nH]c3ccccc23)N=N1	Z4291005928	yes
C#CCCC1(CCC(=O)N(C)C2CCCc3cccnc32)N=N1	Z4291013577	yes
C#CCCC1(CCC(=O)N2CCC(Nc3nccc(OC)n3)CC2)N=N1	Z4291020567	yes
C#CCCC1(CCC(=O)N2CCN(c3cncc4ccccc34)CC2)N=N1	Z4291024852	yes
C#CCCC1(CCC(=O)NCCc2nc(C(=O)OCC)cs2)N=N1	Z4291025998	yes
C#CCCC1(CCC(=O)NC2CCCN(Cc3ccc(F)cc3F)C2=O)N=N1	Z4291039584	yes
C#CCCC1(CCC(=O)NCc2ccc(C)nc2-n2cncn2)N=N1	Z4291042790	yes
C#CCCC1(CCC(=O)Nc2nn(C(C)c3ccccc3)cc2C)N=N1	Z4291047848	yes
C#CCCC1(CCC(=O)Nc2ccccc2NCCOC)N=N1	Z4291069759	yes
C#CCCC1(CCC(=O)NCCCNc2ccncc2)N=N1	Z4291072568	yes
C#CCCC1(CCC(=O)Nc2ccc(Cc3nnc4n3CCC4)cc2)N=N1	Z4291079853	yes
C#CCCC1(CCC(=O)Nc2c(OC)ccc3c2CCC3)N=N1	Z4291086197	yes
C#CCCC1(CCC(=O)Nc2ccc(CN3CCN(C)CC3)cc2F)N=N1	Z4291086735	yes
C#CCCC1(CCC(=O)Nc2nnc(C3(c4ccccc4)CC3)s2)N=N1	Z4291092586	yes
C#CCCC1(CCC(=O)N(Cc2ccccc2)Cc2c[nH]nn2)N=N1	Z4291109677	yes
C#CCCC1(CCC(=O)Nc2nc(C(=O)OC)c(C3CC3)s2)N=N1	Z4291140445	yes
C#CCCC1(CCC(=O)Nc2cnccc2-c2ccccc2)N=N1	Z4291149832	yes
C#CCCC1(CCC(=O)Nc2cnc(OC(C)C)c(C#N)c2)N=N1	Z4291153506	yes
C#CCCC1(CCC(=O)N2CCN(c3cncc(F)c3)CC2)N=N1	Z4291160233	yes
C#CCCC1(CCC(=O)Nc2cccc(-c3ncc4n3CCCC4)c2)N=N1	Z4291165643	yes
C#CCCC1(CCC(=O)Nc2ccc(Nc3ncccn3)cc2)N=N1	Z4291170955	yes
C#CCCC1(CCC(=O)N2CCN(c3cccc4cnccc34)C(=O)C2)N=N1	Z4291177155	yes
C#CCCC1(CCC(=O)NCCCn2c(=O)ccn(C)c2=O)N=N1	Z4291187742	yes
C#CCCC1(CCC(=O)Nc2c[nH]nc2-c2nccs2)N=N1	Z4291188658	yes
C#CCCC1(CCC(=O)Nc2n[nH]c3cc(OC)ccc23)N=N1	Z4291194064	yes
C#CCCC1(CCC(=O)NCc2ncnn2-c2ccccc2)N=N1	Z4291197877	yes
C#CCCC1(CCC(=O)Nc2ccc(C)c(C(=O)N3CCCCC3)c2)N=N1	Z4291203975	yes
C#CCCC1(CCC(=O)NC2CCc3[nH]c(C4CCCCC4)nc3C2)N=N1	Z4291206215	yes
C#CCCC1(CCC(=O)Nc2cccc(N3CCNC3=O)c2C)N=N1	Z4291207066	yes
C#CCCC1(CCC(=O)NCc2ccnc(Oc3ccccc3F)c2)N=N1	Z4291208595	yes
C#CCCC1(CCC(=O)Nc2cccc(-c3noc(C(F)(F)F)n3)c2)N=N1	Z4291213042	yes
C#CCCC1(CCC(=O)N(C)CCN2CCOC(C)(C)C2)N=N1	Z4291231022	yes
C#CCCC1(CCC(=O)N(Cc2ccccc2)CC2(O)CCOC2C)N=N1	Z4291253146	yes
C#CCCC1(CCC(=O)Nc2ccccc2N2CCC(CN(C)C)CC2)N=N1	Z4291258348	yes
C#CCCC1(CCC(=O)Nc2cccc(N3CCOC(CO)C3)c2)N=N1	Z4291258554	yes
C#CCCC1(CCC(=O)Nc2cc(OC)cc(-n3cccn3)c2)N=N1	Z4291277664	yes
C#CCCC1(CCC(=O)N2CCC(O)(Cc3ccncc3)CC2)N=N1	Z4291283241	yes
C#CCCC1(CCC(=O)N[C@@H](C)C(=O)N2Cc3ccccc3C2)N=N1	Z4291291639	yes
C#CCCC1(CCC(=O)Nc2ccccc2C(O)c2ccccn2)N=N1	Z4291301775	yes
C#CCCC1(CCC(=O)NCCNc2cc(C)nn2C)N=N1	Z4291312327	yes
C#CCCC1(CCC(=O)N(C)C2CCN(c3ccccc3)CC2)N=N1	Z4291312959	yes
C#CCCC1(CCC(=O)Nc2ccc(CN3CCN(C)C(=O)C3)cc2F)N=N1	Z4291327164	yes
C#CCCC1(CCC(=O)N(C)CC(=O)Nc2nnc(CC(C)C)s2)N=N1	Z4291342149	yes
C#CCCC1(CCC(=O)NCC2CCCN2C2CCCCC2)N=N1	Z4291351117	yes
C#CCCC1(CCC(=O)Nc2ccc(OC3CCN(C)C3=O)cc2C)N=N1	Z4291363250	yes
C#CCCC1(CCC(=O)NC2CC(=O)N(Cc3ccccc3)C2C)N=N1	Z4291379505	yes
C#CCCC1(CCC(=O)Nc2ccc(OCCN3CCNC3=O)cc2C)N=N1	Z4291401254	yes
C#CCCC1(CCC(=O)N2CCNC(c3ccccc3OC)C2)N=N1	Z4291405295	yes
C#CCCC1(CCC(=O)N2CCNC(c3ccncc3)C2)N=N1	Z4291406438	yes
C#CCCC1(CCC(=O)N2CCCC(c3ncc4n3CCCC4)C2)N=N1	Z4291409658	yes
C#CCCC1(CCC(=O)Nc2cc(C(O)c3ccccn3)ccc2C)N=N1	Z4291430040	yes
C#CCCC1(CCC(=O)NC2CCN(C(=O)Nc3ccccc3)C2)N=N1	Z4291453675	yes
C#CCCC1(CCC(=O)Nc2nnn(CCOc3ccc(F)cc3)c2C)N=N1	Z4291458681	yes
C#CCCC1(CCC(=O)N(CCn2ccnc2)Cc2cnn(C)c2)N=N1	Z4291471150	yes
C#CCCC1(CCC(=O)N2CCc3c(cccc3S(=O)(=O)N(C)C)C2)N=N1	Z4291474799	yes
C#CCCC1(CCC(=O)NCc2ccc(OC3CCN(C)CC3)cc2)N=N1	Z4291484133	yes
C#CCCC1(CCC(=O)NCc2ccn(Cc3ccccc3)n2)N=N1	Z4291484472	yes
C#CCCC1(CCC(=O)N2CCC(n3cnc4c3CCCC4)CC2)N=N1	Z4291502246	yes
C#CCCC1(CCC(=O)N2CCC(O)(Cn3ccnn3)CC2)N=N1	Z4291507973	yes
C#CCCC1(CCC(=O)NCc2ccncc2OCc2ccccc2)N=N1	Z4291592911	yes
C#CCCC1(CCC(=O)NCCc2ccc3[nH]ncc3c2)N=N1	Z4291627640	yes
C#CCCC1(CCC(=O)Nc2csc(-c3ccccc3)n2)N=N1	Z4291646489	yes
C#CCCC1(CCC(=O)N2CCCC(Oc3ccnc(C(=O)NC)c3)C2)N=N1	Z4291675448	yes
C#CCCC1(CCC(=O)Nc2cnc(OCCOC)nc2)N=N1	Z4291690023	yes
C#CCCC1(CCC(=O)NC(C)c2ccc(Oc3cccnc3)cc2)N=N1	Z4291699547	yes
C#CCCC1(CCC(=O)N[C@@H](c2ccccc2)[C@H](O)c2ccccc2)N=N1	Z4291714090	yes
C#CCCC1(CCC(=O)Nc2nc(C(=O)OC)c(C(C)C)s2)N=N1	Z4291718635	yes
C#CCCC1(CCC(=O)Nc2cn(C)c(=O)n(C)c2=O)N=N1	Z4291740806	yes
C#CCCC1(CCC(=O)Nc2cccnc2-c2cnn(C)c2)N=N1	Z4291746988	yes
C#CCCC1(CCC(=O)N2CC(NS(=O)(=O)c3ccc(C)cc3)C2)N=N1	Z4291761780	yes
C#CCCC1(CCC(=O)NCc2ccc(OCCOC)nn2)N=N1	Z4291777124	yes
C#CCCC1(CCC(=O)NC(C)c2ccc(N3CCCNC3=O)cc2)N=N1	Z4291792884	yes
C#CCCC1(CCC(=O)N2CCC(N3CCC[C@H]3C(=O)OC)CC2)N=N1	Z4291795536	yes
C#CCCC1(CCC(=O)N[C@H]2[C@@H]3CN(Cc4ccccc4)C[C@@H]32)N=N1	Z4291798124	yes
C#CCCC1(CCC(=O)N[C@H](c2ccccc2)[C@@H](O)c2ccccc2)N=N1	Z4291808279	yes
C#CCCC1(CCC(=O)N[C@@H](CC(C)C)C(=O)N2CCC(N(C)C)C2)N=N1	Z4291846212	yes
C#CCCC1(CCC(=O)Nc2nc(C(C)(C)C(=O)OC)cs2)N=N1	Z4291855652	yes
C#CCCC1(CCC(=O)Nc2nc3c(s2)CCCC3C(=O)OCC)N=N1	Z4291860860	yes
C#CCCC1(CCC(=O)Nc2ccc3oc(CN4CCCC4)nc3c2)N=N1	Z4291867453	yes
C#CCCC1(CCC(=O)Nc2ccc(N3CCN(C(=O)OC)CC3)nc2)N=N1	Z4291890545	yes
C#CCCC1(CCC(=O)NCc2ncn(-c3ccccc3)n2)N=N1	Z4291900273	yes
C#CCCC1(CCC(=O)Nc2ncc(-c3ccc(OC)cc3)n2C)N=N1	Z4291907646	yes
C#CCCC1(CCC(=O)N[C@H]2CCN(CC3CNC(=O)O3)C2)N=N1	Z4291942132	yes
C#CCCC1(CCC(=O)NCC2(N(C)Cc3ccccc3)CCC2)N=N1	Z4291994523	yes
C#CCCC1(CCC(=O)N2CCCC2CNC(=O)c2cnn(C)c2)N=N1	Z4292029981	yes
C#CCCC1(CCC(=O)NCCNc2nc(C)cs2)N=N1	Z4292095533	yes
C#CCCC1(CCC(=O)NNc2ccc(C(=O)OC)cc2F)N=N1	Z4292097781	yes
C#CCCC1(CCC(=O)NCc2ccccc2-c2ncc[nH]2)N=N1	Z4292117151	yes
C#CCCC1(CCC(=O)NCC2CC3CCC2N(C)C3)N=N1	Z4292118977	yes
C#CCCC1(CCC(=O)NCC2CN(Cc3ccccc3)CC2OCC)N=N1	Z4292177526	yes
C#CCCC1(CCC(=O)NCC(CN2CCCC2)C2CC2)N=N1	Z4292219994	yes
C#CCCC1(CCC(=O)Nc2cnn(CC)c2C(=O)OC)N=N1	Z4292220700	yes
C#CCCC1(CCC(=O)NC(C)c2ncc(C(=O)OC)s2)N=N1	Z4292276653	yes
C#CCCC1(CCC(=O)N2CC3CCN(Cc4ccccc4)C3C2)N=N1	Z4292277789	yes
C#CCCC1(CCC(=O)N2C[C@H](OC)C[C@H]2c2nc(C)c(C)[nH]2)N=N1	Z4292332308	yes
C#CCCC1(CCC(=O)NCC2CC(=O)N(C)C2c2cccnc2)N=N1	Z4292371059	yes
C#CCCC1(CCC(=O)NCC(Cc2ccc(OC)c(F)c2)C(=O)NC)N=N1	Z4292382586	yes
C#CCCC1(CCC(=O)N2CCC(Nc3ncccn3)C2)N=N1	Z4292383105	yes
C#CCCC1(CCC(=O)N(Cc2ccc(C)nc2)CC2CC2)N=N1	Z4292398664	yes
C#CCCC1(CCC(=O)Nc2ccc(C(=O)NCc3ccccc3)cc2)N=N1	Z4292415310	yes
C#CCCC1(CCC(=O)NCc2cc(F)ccc2-n2ccnc2C)N=N1	Z4292415361	yes
C#CCCC1(CCC(=O)Nc2cc(C)nn2CC(=O)OCC)N=N1	Z4292435584	yes
C#CCCC1(CCC(=O)NC(C)(C)c2nc(C)cc(=O)[nH]2)N=N1	Z4292437011	yes
C#CCCC1(CCC(=O)NC2CC(N3CCOCC3)C2(C)C)N=N1	Z4292439467	yes
C#CCCC1(CCC(=O)N2CC(C(=O)OC)Oc3cc(F)ccc32)N=N1	Z4292441166	yes
C#CCCC1(CCC(=O)Nc2ccc(Nc3ccncc3)cc2)N=N1	Z4292528217	yes
C#CCCC1(CCC(=O)NCCCOc2ncccn2)N=N1	Z4292532471	yes
C#CCCC1(CCC(=O)NC(CO)c2csc(C(C)C)n2)N=N1	Z4292536449	yes
C#CCCC1(CCC(=O)Nc2nc(C)c(C(=O)OCC)s2)N=N1	Z4292590599	yes
C#CCCC1(CCC(=O)Nc2ccnc(OC3CCN(C)CC3)c2)N=N1	Z4292603336	yes
C#CCCC1(CCC(=O)NC(c2ccccc2)C2(CO)CCOCC2)N=N1	Z4292607579	yes
C#CCCC1(CCC(=O)NCc2ccc(Oc3ccccc3)cn2)N=N1	Z4292609215	yes
C#CCCC1(CCC(=O)N2CC3OCCN(Cc4ccccc4)C3C2)N=N1	Z4292654845	yes
C#CCCC1(CCC(=O)N2CCC(Nc3cccc(C#N)c3)C2)N=N1	Z4292660877	yes
C#CCCC1(CCC(=O)NCC(C)(COCc2ccccc2)OC)N=N1	Z4292693629	yes
C#CCCC1(CCC(=O)N2CCC(O)(Cc3ccccn3)CC2)N=N1	Z4292737615	yes
C#CCCC1(CCC(=O)N2CCC(Oc3ccc(C(=O)N(C)C)cn3)CC2)N=N1	Z4292739840	yes
C#CCCC1(CCC(=O)N(C)Cc2nc3cc(C(F)(F)F)ccc3[nH]2)N=N1	Z4292740774	yes
C#CCCC1(CCC(=O)NNc2cccc(C(=O)OC)c2C)N=N1	Z4292750977	yes
C#CCCC1(CCC(=O)N2CCC(N(C)CCc3ccccc3)C2)N=N1	Z4292771206	yes
C#CCCC1(CCC(=O)NNC(=O)C2CN(Cc3ccccc3)CC(C)O2)N=N1	Z4292779442	yes
C#CCCC1(CCC(=O)N(CCN2CCOCC2)CC2CC2)N=N1	Z4292898261	yes
C#CCCC1(CCC(=O)NC2CCCCC2NC(=O)c2ccccc2)N=N1	Z4292971306	yes
C#CCCC1(CCC(=O)NCc2cccc(COCC3CCCO3)c2)N=N1	Z4292976444	yes
C#CCCC1(CCC(=O)NCC2CCCN(CC3CC3)C2)N=N1	Z4293043531	yes
C#CCCC1(CCC(=O)N2CCc3ccccc3C2C(=O)OC(C)(C)C)N=N1	Z4293045562	yes
C#CCCC1(CCC(=O)N2CCC(c3nccc(-c4cnn(C)c4)n3)CC2)N=N1	Z4293079662	yes
C#CCCC1(CCC(=O)N2CCC(Oc3ccnc(CN(C)CC)c3)C2)N=N1	Z4293109550	yes
C#CCCC1(CCC(=O)N2CCC(Oc3ccc(CN(C)C(C)C)cn3)C2)N=N1	Z4293112496	yes
C#CCCC1(CCC(=O)NC2CCC(=O)N(C3CC3)C2c2nccn2C)N=N1	Z4293169817	yes
C#CCCC1(CCC(=O)NNC(=O)C2CCN2C2CCCC2)N=N1	Z4293185950	yes
C#CCCC1(CCC(=O)Nc2c(-c3ccccc3)nc3n2CCCC3)N=N1	Z4293234743	yes
C#CCCC1(CCC(=O)NCC2CCN2Cc2ccc(OC)cc2)N=N1	Z4293239421	yes
C#CCCC1(CCC(=O)N2CC(=O)N(C)c3ccccc3C2)N=N1	Z4293255035	yes
C#CCCC1(CCC(=O)NCC23CCCN(CCC2)C3)N=N1	Z4293291409	yes
C#CCCC1(CCC(=O)N2CC3C4CCC(C3C2)N(C(=O)C(F)(F)F)C4)N=N1	Z4293379505	yes
C#CCCC1(CCC(=O)N2CCNC(c3cn[nH]c3)C2)N=N1	Z4293467862	yes
C#CCCC1(CCC(=O)N2CCNC(c3ccccc3F)C2)N=N1	Z4293470021	yes
C#CCCC1(CCC(=O)N2CCNC(c3ccc(O)cc3)C2)N=N1	Z4293472195	yes
C#CCCC1(CCC(=O)N2CCNC(Cc3ccc(F)cc3)C2)N=N1	Z4293475989	yes
C#CCCC1(CCC(=O)N2CCNC(c3ccc(OC)cc3)C2)N=N1	Z4293476535	yes
C#CCCC1(CCC(=O)N2CCNC(c3cccc(OC)c3)C2)N=N1	Z4293477158	yes
C#CCCC1(CCC(=O)N2CCNC(Cc3cccc(OC)c3)C2)N=N1	Z4293478996	yes
C#CCCC1(CCC(=O)N2CCC(NC(=O)c3ccc(C)cc3)CC2)N=N1	Z4293482963	yes
C#CCCC1(CCC(=O)N2Cc3ccccc3C3(CCN(C)CC3)C2)N=N1	Z4293485171	yes
C#CCCC1(CCC(=O)Nc2cc(NC3CCN(C)CC3)ccc2C)N=N1	Z4293487981	yes
C#CCCC1(CCC(=O)Nc2cc3c(cc2C(=O)OC)OCCCO3)N=N1	Z4293525857	yes
C#CCCC1(CCC(=O)Nc2cc(N3CCN(C)CC3)ccn2)N=N1	Z4293533689	yes
C#CCCC1(CCC(=O)N2CCN(C(=O)c3cccnc3Cl)CC2)N=N1	Z4293536742	yes
C#CCCC1(CCC(=O)Nc2ccc3oc(CN(C)C)nc3c2)N=N1	Z4293551901	yes
C#CCCC1(CCC(=O)NCc2cc(=O)[nH]c(C3CCC3)n2)N=N1	Z4293559309	yes
C#CCCC1(CCC(=O)NCc2cc(OC3CCC3)ccn2)N=N1	Z4293564525	yes
C#CCCC1(CCC(=O)NC(C)c2ccc3[nH]c(=O)oc3c2)N=N1	Z4293568633	yes
C#CCCC1(CCC(=O)Nc2nc(COc3ccccc3)cs2)N=N1	Z4293569135	yes
C#CCCC1(CCC(=O)N2C3CCC2c2cncnc2C3)N=N1	Z4293593871	yes
C#CCCC1(CCC(=O)Nc2cc3n(n2)CCN(C)C3)N=N1	Z4293632200	yes
C#CCCC1(CCC(=O)N(C)Cc2ccc3cc[nH]c3c2)N=N1	Z4293637129	yes
C#CCCC1(CCC(=O)N2CCCCC2c2[nH]ncc2C(=O)N(C)C)N=N1	Z4293686494	yes
C#CCCC1(CCC(=O)Nc2ccccc2Nc2ccn(C)n2)N=N1	Z4293693067	yes
C#CCCC1(CCC(=O)N2CC(O)(c3ccnn3C)C2)N=N1	Z4293698351	yes
C#CCCC1(CCC(=O)N[C@H]2CC[C@H](Oc3cnccn3)CC2)N=N1	Z4293699509	yes
C#CCCC1(CCC(=O)N2CC(OC)(c3nccn3C)C2)N=N1	Z4293699851	yes
C#CCCC1(CCC(=O)NCc2nc3c(F)cccc3[nH]2)N=N1	Z4293701614	yes
C#CCCC1(CCC(=O)NC(Cc2cncs2)C(=O)OC)N=N1	Z4293708974	yes
C#CCCC1(CCC(=O)N(C)CC2CN(c3ccccc3)C(=O)O2)N=N1	Z4293728166	yes
C#CCCC1(CCC(=O)N2CCNC(c3ccc(F)cc3)C2)N=N1	Z4293749926	yes
C#CCCC1(CCC(=O)N2CCCc3ccc(C(=O)OC)cc32)N=N1	Z4293759657	yes
C#CCCC1(CCC(=O)N2CC(C(=O)OCC)Cc3cc(F)ccc32)N=N1	Z4293762945	yes
C#CCCC1(CCC(=O)N2CCC(Cc3nnn[nH]3)CC2)N=N1	Z4293768898	yes
C#CCCC1(CCC(=O)N2CCC(c3nc(C)c(C(=O)OCC)s3)C2)N=N1	Z4293799221	yes
C#CCCC1(CCC(=O)NC[C@@H](Oc2ccccc2)C(=O)OC)N=N1	Z4293808390	yes
C#CCCC1(CCC(=O)Nc2cccc(C3(C)COC(=O)N3)c2)N=N1	Z4293830516	yes
C#CCCC1(CCC(=O)N2CCN(CCCOC(C)(C)C)CC2)N=N1	Z4293832917	yes
C#CCCC1(CCC(=O)Nc2cc3n(n2)CCN(Cc2ccccc2)C3)N=N1	Z4293850193	yes
C#CCCC1(CCC(=O)N(C)Cc2nnc3n2CC(C(F)(F)F)CC3)N=N1	Z4293862951	yes
C#CCCC1(CCC(=O)N2CCC(C3OCCC3C(=O)OC)CC2)N=N1	Z4293870352	yes
C#CCCC1(CCC(=O)N2CCn3c(Cc4ccccc4Cl)nnc3C2)N=N1	Z4293881665	yes
C#CCCC1(CCC(=O)NC2CC(=O)N(C)C2c2ccc(F)c(F)c2)N=N1	Z4293896480	yes
C#CCCC1(CCC(=O)NCCc2nc(-c3ccccc3)c[nH]2)N=N1	Z4293915932	yes
C#CCCC1(CCC(=O)NC(Cc2ccccc2)C(=O)N2CCN(C)CC2)N=N1	Z4293919354	yes
C#CCCC1(CCC(=O)N(C)Cc2nnc3n2CCCC3C(F)(F)F)N=N1	Z4293921704	yes
C#CCCC1(CCC(=O)N2CCC(n3c(=O)[nH]c4cccnc43)CC2)N=N1	Z4293924516	yes
C#CCCC1(CCC(=O)NCC(Cc2ccccc2)C(=O)OC)N=N1	Z4293939481	yes
C#CCCC1(CCC(=O)N2CCC3(CC2)CNC(=O)c2ccccc2O3)N=N1	Z4293944511	yes
C#CCCC1(CCC(=O)NCC2CCC3(CC(C(=O)OC(C)(C)C)C3)O2)N=N1	Z4293999451	yes
C#CCCC1(CCC(=O)NCC(=O)N2CCCCc3ccccc32)N=N1	Z4294002858	yes
C#CCCC1(CCC(=O)NCCc2ncc(C(=O)OC)s2)N=N1	Z4294002923	yes
C#CCCC1(CCC(=O)Nc2ccccc2Oc2ccccn2)N=N1	Z4294026317	yes
C#CCCC1(CCC(=O)N2CC(C(=O)NC3CC3)C(c3cn(C)cn3)C2)N=N1	Z4294060472	yes
C#CCCC1(CCC(=O)Nc2ncc(C(=O)OC)c3ccccc23)N=N1	Z4294092980	yes
C#CCCC1(CCC(=O)NC2(c3nc(C)c[nH]3)CCOCC2)N=N1	Z4294094988	yes
C#CCCC1(CCC(=O)NC(C)(Cn2cnc3ccccc32)C(=O)OC)N=N1	Z4294097452	yes
C#CCCC1(CCC(=O)NCCc2nc3c(s2)COCC3)N=N1	Z4294100715	yes
C#CCCC1(CCC(=O)NC2CCCC2n2ccnc2)N=N1	Z4294117663	yes
C#CCCC1(CCC(=O)Nc2ccnn2C2CCCOC2)N=N1	Z4294144321	yes
C#CCCC1(CCC(=O)Nc2cc(C)c(C(=O)OC)c(C)n2)N=N1	Z4294147930	yes
C#CCCC1(CCC(=O)NCc2c(C)nc3ccccn23)N=N1	Z4294161840	yes
C#CCCC1(CCC(=O)N2CCN(C(=O)c3cnc(C4CC4)s3)CC2)N=N1	Z4294219875	yes
C#CCCC1(CCC(=O)NN2CCN(Cc3ccccc3)CC2)N=N1	Z4294261004	yes
C#CCCC1(CCC(=O)Nc2cnc3cc(C(=O)OC)ccn23)N=N1	Z4294265328	yes
C#CCCC1(CCC(=O)N2CCc3ncc(C(F)(F)F)cc3C2)N=N1	Z4294360270	yes
C#CCCC1(CCC(=O)N2CCN(Cc3ccnn3C)CC2)N=N1	Z4294362923	yes
C#CCCC1(CCC(=O)NC2CN(c3nccn4nc(C)cc34)C2)N=N1	Z4294363270	yes
C#CCCC1(CCC(=O)N2CC(n3cnc4ccccc4c3=O)C2)N=N1	Z4294379691	yes
C#CCCC1(CCC(=O)NC2COCC2n2ccnn2)N=N1	Z4294394154	yes
C#CCCC1(CCC(=O)Nc2ccc(OC3CCOC3)cc2C(=O)OC)N=N1	Z4294400528	yes
C#CCCC1(CCC(=O)N2CC(c3nc(COC)n[nH]3)C(C3CC3)C2)N=N1	Z4294409992	yes
C#CCCC1(CCC(=O)N(Cc2ccc3c(c2)OCO3)CC2CC2)N=N1	Z4294426169	yes
C#CCCC1(CCC(=O)Nc2cc3n(n2)CCN(C)C3=O)N=N1	Z4294428495	yes
C#CCCC1(CCC(=O)N2CCN(c3cnccn3)C(C)C2)N=N1	Z4294439253	yes
C#CCCC1(CCC(=O)Nc2ccc(N3CCN(C)CC3)c3ccncc23)N=N1	Z4294450083	yes
C#CCCC1(CCC(=O)NC(C)CC2CCCCN2C)N=N1	Z4294452612	yes
C#CCCC1(CCC(=O)Nc2ccc3[nH]c(-c4cccnc4)nc3c2)N=N1	Z4294453446	yes
C#CCCC1(CCC(=O)N2CCC(n3cnc4ccccc4c3=O)CC2)N=N1	Z4294513281	yes
C#CCCC1(CCC(=O)Nc2ccc3cccc(OCC)c3n2)N=N1	Z4294518000	yes
C#CCCC1(CCC(=O)N2CCC(=O)N3CCCCC32)N=N1	Z4294529158	yes
C#CCCC1(CCC(=O)Nc2c(C(=O)OC)n(C)c3ccccc23)N=N1	Z4294545355	yes
C#CCCC1(CCC(=O)Nc2ncc(C3(O)COC3)s2)N=N1	Z4294545878	yes
C#CCCC1(CCC(=O)NCc2c(C)nc3n2CCCC3)N=N1	Z4294587010	yes
C#CCCC1(CCC(=O)Nc2ncc(C(=O)C3CCOC3)s2)N=N1	Z4294587855	yes
C#CCCC1(CCC(=O)NC(CN2CCCS2(=O)=O)C2CC2)N=N1	Z4294597101	yes
C#CCCC1(CCC(=O)NC2CCc3[nH]c(C)nc3C2)N=N1	Z4294612930	yes
C#CCCC1(CCC(=O)N(Cc2ccccc2)CC2(O)CN3CCC2CC3)N=N1	Z4294614801	yes
C#CCCC1(CCC(=O)NCc2nnc(-c3ccccc3)n2C)N=N1	Z4294618015	yes
C#CCCC1(CCC(=O)Nc2nc3c(s2)CCCC3=O)N=N1	Z4294637150	yes
C#CCCC1(CCC(=O)Nc2ccc(NC(=O)C3CCC3)cn2)N=N1	Z4294652722	yes
C#CCCC1(CCC(=O)N2CCc3c(C(=O)OC)nn(C)c3C2)N=N1	Z4294682761	yes
C#CCCC1(CCC(=O)NC2CC(=O)N(C)C2c2ccnn2C)N=N1	Z4294684306	yes
C#CCCC1(CCC(=O)N2CCCC(c3nc(C)c(C)[nH]3)C2)N=N1	Z4294688962	yes
C#CCCC1(CCC(=O)NCc2nnc(C3CC3)n2-c2ccccc2)N=N1	Z4294689979	yes
C#CCCC1(CCC(=O)NC[C@]2(CO)COC[C@@H](C)N2Cc2ccccc2)N=N1	Z4294714496	yes
C#CCCC1(CCC(=O)N2CCC(N(C)Cc3ncoc3C)C2)N=N1	Z4294719579	yes
C#CCCC1(CCC(=O)N2[C@H](CO)C[C@@H]3CCCC[C@@H]32)N=N1	Z4294785684	yes
C#CCCC1(CCC(=O)NCc2ccc(-c3nc[nH]n3)cc2)N=N1	Z4294787110	yes
C#CCCC1(CCC(=O)Nc2cc(-c3cccnc3)ccc2OC)N=N1	Z4294787493	yes
C#CCCC1(CCC(=O)N2CCOC(c3nc[nH]n3)C2)N=N1	Z4294787801	yes
C#CCCC1(CCC(=O)N(C)CC2CCCN(C)C2c2ccnn2C)N=N1	Z4294791070	yes
C#CCCC1(CCC(=O)NC2CCN(C3CC3)C2c2cccc(OC)c2)N=N1	Z4294798029	yes
C#CCCC1(CCC(=O)NCC2OC(C)(C)OC2C(=O)OC(C)C)N=N1	Z4294805750	yes
C#CCCC1(CCC(=O)N2CC3(C2)OCC2(C(=O)OC)CC32)N=N1	Z4294808096	yes
C#CCCC1(CCC(=O)NC2CCC3(CC3)CC2C(=O)OC)N=N1	Z4294811848	yes
C#CCCC1(CCC(=O)NC23CC4(C)CC(C)(C2)CC(C(=O)OC)(C4)C3)N=N1	Z4294812380	yes
C#CCCC1(CCC(=O)NCC(c2ccccc2)n2cccn2)N=N1	Z4294837050	yes
C#CCCC1(CCC(=O)NCc2n[nH]c3c2COCC3)N=N1	Z4294841715	yes
C#CCCC1(CCC(=O)N[C@@H](C)c2ccc(OC)c(C(=O)OC)c2)N=N1	Z4294856696	yes
C#CCCC1(CCC(=O)NC(C(=O)OC)C2CC3CCC2C3)N=N1	Z4294860226	yes
C#CCCC1(CCC(=O)Nc2nc3c(s2)C(=O)NCC3)N=N1	Z4294876817	yes
C#CCCC1(CCC(=O)NCC23CC(C(=O)OCC)(C2)C2(CCC2)O3)N=N1	Z4294882451	yes
C#CCCC1(CCC(=O)N2CCC(OCc3cccc(OC)c3)C2)N=N1	Z4294886506	yes
C#CCCC1(CCC(=O)NCC(=O)NC(C)c2ccccn2)N=N1	Z4294896756	yes
C#CCCC1(CCC(=O)NC(Cc2cn(C)nc2C)C(=O)OC)N=N1	Z4294902381	yes
C#CCCC1(CCC(=O)N2NC(=O)CC2c2cnn(C)c2)N=N1	Z4294951444	yes
C#CCCC1(CCC(=O)NCCN(C)C(C)c2ccccn2)N=N1	Z4294961292	yes
C#CCCC1(CCC(=O)Nc2ncc(C3CCCCO3)s2)N=N1	Z4294961678	yes
C#CCCC1(CCC(=O)N2CCCC3CC4(CCC32)OCCO4)N=N1	Z4294967440	yes
C#CCCC1(CCC(=O)N2CC(O)C(N3CCc4ccccc4C3)C2)N=N1	Z4294975030	yes
C#CCCC1(CCC(=O)NCC23CC(C(=O)OCC)(CO2)C3)N=N1	Z4294996158	yes
C#CCCC1(CCC(=O)Nc2cncc(OC(C)C)n2)N=N1	Z4295005889	yes
C#CCCC1(CCC(=O)NCc2ccccc2CCC(=O)OC)N=N1	Z4295014576	yes
C#CCCC1(CCC(=O)Nc2cccc(OCCN3CCOCC3)c2)N=N1	Z4295029666	yes
C#CCCC1(CCC(=O)Nc2[nH]nc(C3CCOCC3)c2C)N=N1	Z4295039554	yes
C#CCCC1(CCC(=O)Nc2nc3ccc(OC)nc3s2)N=N1	Z4295040808	yes
C#CCCC1(CCC(=O)NCCCn2ccnc2CCC)N=N1	Z4295057321	yes
C#CCCC1(CCC(=O)Nc2cn(CC(F)(F)F)cn2)N=N1	Z4295091369	yes
C#CCCC1(CCC(=O)N2CC34CCCC3(C2)C(=O)NC4=O)N=N1	Z4295096783	yes
C#CCCC1(CCC(=O)N2CCCC3(C2)OCC2CC23)N=N1	Z4295137761	yes
C#CCCC1(CCC(=O)NCC2CCn3c(C(=O)OC)cnc3C2)N=N1	Z4295168936	yes
C#CCCC1(CCC(=O)NCC2(C(=O)OC)CC3CCC2C3)N=N1	Z4295169633	yes
C#CCCC1(CCC(=O)NCC2CN(c3ccccc3)C(=O)O2)N=N1	Z4295183269	yes
C#CCCC1(CCC(=O)N(CCc2ccccc2)CCc2ccncc2)N=N1	Z4295197946	yes
C#CCCC1(CCC(=O)NC2CC(C(=O)OC)C3OC(C)(C)OC23)N=N1	Z4295223685	yes
C#CCCC1(CCC(=O)Nc2nnc(CC3CC3)s2)N=N1	Z4295230525	yes
C#CCCC1(CCC(=O)Nc2ccnn2CCN2CCOCC2)N=N1	Z4295235823	yes
C#CCCC1(CCC(=O)NCCc2nc(C)cc(OC)n2)N=N1	Z4295248722	yes
C#CCCC1(CCC(=O)N2CC3(CN(C)CC3c3ccnc(N(C)C)n3)C2)N=N1	Z4295268068	yes
C#CCCC1(CCC(=O)Nc2c(C3CC3)n(C)n(-c3ccccc3)c2=O)N=N1	Z4295315070	yes
C#CCCC1(CCC(=O)N2CCOC[C@]3(COC[C@H]4CCCCN43)C2)N=N1	Z4295318833	yes
C#CCCC1(CCC(=O)N[C@@H]2COc3ccccc3N(C)C2=O)N=N1	Z4295342354	yes
C#CCCC1(CCC(=O)Nc2c(C)nn(C)c2C(=O)OC)N=N1	Z4295346687	yes
C#CCCC1(CCC(=O)Nc2nn(-c3cccnc3)nc2C)N=N1	Z4295347704	yes
C#CCCC1(CCC(=O)N2CCC(N3C(=O)COCC3=O)CC2)N=N1	Z4295354855	yes
C#CCCC1(CCC(=O)NCC2CCc3cc(F)ccc3O2)N=N1	Z4295358477	yes
C#CCCC1(CCC(=O)NCC23CCC(C(=O)OCC)(CC2)C(C)(C)O3)N=N1	Z4295359901	yes
C#CCCC1(CCC(=O)N2CC3CCCC3C2C(=O)OC)N=N1	Z4295367315	yes
C#CCCC1(CCC(=O)N(C)c2nc(C)c(C(=O)OCC)o2)N=N1	Z4295369963	yes
C#CCCC1(CCC(=O)N2C[C@@H](Oc3ccccc3)C[C@H]2C(=O)OC)N=N1	Z4295383554	yes
C#CCCC1(CCC(=O)N(C)C2CCN(c3ccncc3)C2)N=N1	Z4295392502	yes
C#CCCC1(CCC(=O)N2C3C=C(c4nccn4C)CC2CC3)N=N1	Z4295393090	yes
C#CCCC1(CCC(=O)N2C[C@@H]3CCCN3C[C@H]2C(C)C)N=N1	Z4295395886	yes
C#CCCC1(CCC(=O)Nc2cn(C)nc2C(=O)N2CCC2)N=N1	Z4295396322	yes
C#CCCC1(CCC(=O)N(C)c2cn(C)c3ccccc23)N=N1	Z4295413410	yes
C#CCCC1(CCC(=O)NCc2ccccc2-c2cccnc2)N=N1	Z4295440373	yes
C#CCCC1(CCC(=O)N[C@H]2C[C@H](c3cccc(C(=O)OC)c3)C2)N=N1	Z4295444712	yes
C#CCCC1(CCC(=O)NC2COCC2n2ccnc2)N=N1	Z4295458492	yes
C#CCCC1(CCC(=O)Nc2c(CC)n(C)n(-c3ccccc3)c2=O)N=N1	Z4295461470	yes
C#CCCC1(CCC(=O)N2CCCC(n3ccnc3CCC)C2)N=N1	Z4295463876	yes
C#CCCC1(CCC(=O)NCCC(c2ccccc2)N2CCCC2)N=N1	Z4295476472	yes
C#CCCC1(CCC(=O)N2CC(O)(c3cc(F)cc(F)c3)C2)N=N1	Z4295489563	yes
C#CCCC1(CCC(=O)NCCc2cc(OC)c(OCC3CC3)c(OC)c2)N=N1	Z4295495844	yes
C#CCCC1(CCC(=O)NCCn2nnc3ccccc32)N=N1	Z4295503060	yes
C#CCCC1(CCC(=O)N2CCC3(CC2)CC(C(=O)OC)CO3)N=N1	Z4295516284	yes
C#CCCC1(CCC(=O)N2CC(C(=O)OC)CC23CCOCC3)N=N1	Z4295528887	yes
C#CCCC1(CCC(=O)N2CCCC3(C(=O)OCC)CCCCC23)N=N1	Z4295528924	yes
C#CCCC1(CCC(=O)N2CC(C(=O)OC)OCC23CCC3)N=N1	Z4295529640	yes
C#CCCC1(CCC(=O)NCC23CCCC(C(=O)OC)(CO2)C3)N=N1	Z4295530841	yes
C#CCCC1(CCC(=O)Nc2nc3c(s2)C(=O)NCCC3)N=N1	Z4295539858	yes
C#CCCC1(CCC(=O)NC(COC)c2ccc3[nH]ccc3c2)N=N1	Z4295575562	yes
C#CCCC1(CCC(=O)Nc2cccc3c2ccn3CC(=O)OC)N=N1	Z4295577438	yes
C#CCCC1(CCC(=O)Nc2ccc(N3CCN(C)CC3)nc2C)N=N1	Z4295577861	yes
C#CCCC1(CCC(=O)N(Cc2cnn(-c3ccccc3)c2)C2CC2)N=N1	Z4295578492	yes
C#CCCC1(CCC(=O)NC(Cc2coc3ccccc23)C(=O)OC)N=N1	Z4295578759	yes
C#CCCC1(CCC(=O)N(Cc2ccnn2CC)c2ccc(OC)cc2)N=N1	Z4295579152	yes
C#CCCC1(CCC(=O)NCc2ncc(Cc3ccccc3)n2C)N=N1	Z4295591313	yes
C#CCCC1(CCC(=O)N2CC3(C[C@@H]2CO)OCCO3)N=N1	Z4295591572	yes
C#CCCC1(CCC(=O)N(CC2CC2c2cnn(C)c2)C2CC2)N=N1	Z4295594541	yes
C#CCCC1(CCC(=O)N2CCC(N3C[C@@H](C)O[C@@H](C)C3)CC2)N=N1	Z4295613111	yes
C#CCCC1(CCC(=O)N2CCN(c3nsc(C4CC4)n3)CC2)N=N1	Z4295613783	yes
C#CCCC1(CCC(=O)NC(Cc2ccc(Cl)nc2)C(=O)OC)N=N1	Z4295640476	yes
C#CCCC1(CCC(=O)NC2CC(Cn3cccn3)CC2O)N=N1	Z4295660298	yes
C#CCCC1(CCC(=O)NC[C@]2(CO)COC[C@@H](C)N2C)N=N1	Z4295662352	yes
C#CCCC1(CCC(=O)Nc2ncn(Cc3cccc(F)c3)n2)N=N1	Z4295663250	yes
C#CCCC1(CCC(=O)Nc2ccc(O)c(N3CC(C)(C)C3=O)c2)N=N1	Z4295671432	yes
C#CCCC1(CCC(=O)N2CC(C(=O)Nc3nccs3)C2)N=N1	Z4295674093	yes
C#CCCC1(CCC(=O)NCC(c2cn(C)nn2)N2CCCC2)N=N1	Z4295721925	yes
C#CCCC1(CCC(=O)NCc2cnn3c2C(=O)N(C)CC3)N=N1	Z4295725735	yes
C#CCCC1(CCC(=O)N2CCC(NS(=O)(=O)C3CC3)CC2)N=N1	Z4295751033	yes
C#CCCC1(CCC(=O)N2CCN(C3CC4CCC3C4)CC2)N=N1	Z4295753254	yes
C#CCCC1(CCC(=O)N2CC3CCOC3(C(=O)OC)C2)N=N1	Z4295761966	yes
C#CCCC1(CCC(=O)N2CCC(c3nccc(=O)[nH]3)C2)N=N1	Z4295765447	yes
C#CCCC1(CCC(=O)N2CC3(CC(CC(=O)OC)C3)C2)N=N1	Z4295766083	yes
C#CCCC1(CCC(=O)Nc2cccc(C(O)c3ccccc3)c2)N=N1	Z4295773830	yes
C#CCCC1(CCC(=O)N2CCC(c3ccccc3)C2C(=O)OC)N=N1	Z4295819719	yes
C#CCCC1(CCC(=O)NC(C)(CC2=CCCCC2)C(=O)OC)N=N1	Z4295822518	yes
C#CCCC1(CCC(=O)N2CC(CC(=O)OC)OCC2(C)C)N=N1	Z4295825476	yes
C#CCCC1(CCC(=O)NC2Cc3ccccc3C2C(=O)OC)N=N1	Z4295827743	yes
C#CCCC1(CCC(=O)NC2CCc3c(cnn3CC)C2)N=N1	Z4295829593	yes
C#CCCC1(CCC(=O)NC(Cc2ccccn2)c2ccccn2)N=N1	Z4295833760	yes
C#CCCC1(CCC(=O)N[C@@H](C(=O)OC)C2=CCC3CC3C2)N=N1	Z4295837195	yes
C#CCCC1(CCC(=O)Nc2cncc(-c3ccccc3)c2)N=N1	Z4295841291	yes
C#CCCC1(CCC(=O)N(CCN(C)C)Cc2nccn2C)N=N1	Z4295844509	yes
C#CCCC1(CCC(=O)Nc2cnc(C)n2CC(F)(F)F)N=N1	Z4295849742	yes
C#CCCC1(CCC(=O)NC(C)c2cc(C)cnc2F)N=N1	Z4295866077	yes
C#CCCC1(CCC(=O)Nc2cnc3n2CCOCC3)N=N1	Z4295866723	yes
C#CCCC1(CCC(=O)Nc2ccc(N(C)Cc3cnn(C)c3)cc2)N=N1	Z4295875495	yes
C#CCCC1(CCC(=O)Nc2ccc3[nH]cc(CC#N)c3c2)N=N1	Z4295886293	yes
C#CCCC1(CCC(=O)Nc2ccccc2N2CC(C)(C)C2=O)N=N1	Z4295915048	yes
C#CCCC1(CCC(=O)Nc2cc3cccnc3c(OC)n2)N=N1	Z4295926328	yes
C#CCCC1(CCC(=O)N2CCC(n3nc(C4CC4)[nH]c3=O)CC2)N=N1	Z4295967825	yes
C#CCCC1(CCC(=O)N2CC(c3c(C(=O)OCC)cnn3C)C2)N=N1	Z4295973016	yes
C#CCCC1(CCC(=O)N2CCCC3(CC(=O)OC)CCCCC23)N=N1	Z4295980224	yes
C#CCCC1(CCC(=O)N2CCC(C(C)(C)C)CC2C(=O)OC)N=N1	Z4295980402	yes
C#CCCC1(CCC(=O)NC2(C(O)c3ccccc3)CCCCC2)N=N1	Z4295982204	yes
C#CCCC1(CCC(=O)NC2CN(C3CCCCC3)C2)N=N1	Z4295983842	yes
C#CCCC1(CCC(=O)N(C)Cc2cc(-c3cccc(OC)c3)[nH]n2)N=N1	Z4295997832	yes
C#CCCC1(CCC(=O)NC2C3COCC2CC(C(=O)OC)C3)N=N1	Z4296015730	yes
C#CCCC1(CCC(=O)N2CCN3CC4(CC4)C[C@H]3C2)N=N1	Z4296039230	yes
C#CCCC1(CCC(=O)N2CC(c3n[nH]c(=O)n3C)C2)N=N1	Z4296049477	yes
C#CCCC1(CCC(=O)Nc2nc(C(=O)OC)c(C)s2)N=N1	Z4296060069	yes
C#CCCC1(CCC(=O)NCC(C(=O)OC)c2ccc(Cl)cc2)N=N1	Z4296116433	yes
C#CCCC1(CCC(=O)NC2C3CCC2N(Cc2ccccc2)C3)N=N1	Z4296123368	yes
C#CCCC1(CCC(=O)NCCCc2cnn(-c3ccccc3)c2)N=N1	Z4296127847	yes
C#CCCC1(CCC(=O)N2CC3CC2C2OC(C)(C)OC32)N=N1	Z4296177431	yes
C#CCCC1(CCC(=O)N2[C@@H]3CC[C@@H](C3)[C@H]2CC(=O)OC)N=N1	Z4296198906	yes
C#CCCC1(CCC(=O)N[C@H]2CC[C@H](Oc3ncccc3C#N)CC2)N=N1	Z4296199683	yes
C#CCCC1(CCC(=O)Nc2ccc(Oc3ccc(C#N)cc3)cn2)N=N1	Z4296209410	yes
C#CCCC1(CCC(=O)NC2CCc3ncccc3C2(OCC)OCC)N=N1	Z4296253798	yes
C#CCCC1(CCC(=O)NC[C@H]2C[C@@H](O)CN2Cc2ccccc2)N=N1	Z4296255724	yes
C#CCCC1(CCC(=O)N2CC(C(=O)OC)C(C3CCOC3)C2)N=N1	Z4296265128	yes
C#CCCC1(CCC(=O)NCC2CCN(c3ccccc3)S2(=O)=O)N=N1	Z4296272180	yes
C#CCCC1(CCC(=O)Nc2nc(-c3ccnn3C)cs2)N=N1	Z4296274217	yes
C#CCCC1(CCC(=O)NCCOc2ccccc2NC(C)=O)N=N1	Z4296282339	yes
C#CCCC1(CCC(=O)NC2CCN(Cc3ccccc3)C3(CC3)C2)N=N1	Z4296290588	yes
C#CCCC1(CCC(=O)NC(COC)c2cc3ccccc3s2)N=N1	Z4296368874	yes
C#CCCC1(CCC(=O)N2CC(C3CC3)C(F)(C(=O)OC)C2)N=N1	Z4296369407	yes
C#CCCC1(CCC(=O)N2CCCC3C2CCCN3CC)N=N1	Z4296378377	yes
C#CCCC1(CCC(=O)N2CC(C(=O)OC)CC3COCCC32)N=N1	Z4296389862	yes
C#CCCC1(CCC(=O)N2CCN(C(C)=O)C(C(=O)OC)C2)N=N1	Z4296409586	yes
C#CCCC1(CCC(=O)Nc2ncnn2-c2ccccn2)N=N1	Z4296430750	yes
C#CCCC1(CCC(=O)NCc2c(C)nn(C)c2N(C)C)N=N1	Z4296431987	yes
C#CCCC1(CCC(=O)NC2CC(c3cccnc3)C2)N=N1	Z4296466734	yes
C#CCCC1(CCC(=O)NCCc2ccn(C3CCCC3)n2)N=N1	Z4296494144	yes
C#CCCC1(CCC(=O)NCc2nnnn2-c2cccc3ccccc23)N=N1	Z4296495672	yes
C#CCCC1(CCC(=O)NCc2c(C)cc(C)n(C)c2=O)N=N1	Z4296503666	yes
C#CCCC1(CCC(=O)NC2C3CC4C(C3)C42C(=O)OC)N=N1	Z4296513917	yes
C#CCCC1(CCC(=O)Nc2ccccc2C2CNC(=O)C2)N=N1	Z4296526863	yes
C#CCCC1(CCC(=O)NC(C)Cc2cc(OC)ccc2O)N=N1	Z4296527490	yes
C#CCCC1(CCC(=O)N2CCC(c3nc(C4CC4)n[nH]3)CC2)N=N1	Z4296534232	yes
C#CCCC1(CCC(=O)Nn2cc(-c3ccccc3)nc2C)N=N1	Z4329233818	yes
C#CCCC1(CCC(=O)NC2CN(Cc3cnc(C)o3)C2)N=N1	Z4329879109	yes
C#CCCC1(CCC(=O)N2CC(c3nnc(C(=O)OCC)s3)C2)N=N1	Z4329893276	yes
C#CCCC1(CCC(=O)N2CCC(c3nnc(C(=O)OCC)s3)C2)N=N1	Z4330086370	yes
C#CCCC1(CCNC(=O)c2ccc(F)c(C(=O)OC)c2)N=N1	Z4350871420	yes
C#CCCC1(CCNC(=O)C2CCCc3[nH]c(C)nc32)N=N1	Z4350871431	yes
C#CCCC1(CCNC(=O)c2cnn(CC3CCOCC3)c2)N=N1	Z4350871440	yes
C#CCCC1(CCNC(=O)c2nc(C(F)(F)F)cn2C)N=N1	Z4350871472	yes
C#CCCC1(CCC(=O)NC2CCc3cc(OC)ccc3C2=O)N=N1	Z4351235532	yes
C#CCCC1(CCC(=O)NCc2cc(F)cc(N3CCN(C)CC3)c2)N=N1	Z4351966562	yes
C#CCCC1(CCC(=O)N2CCC(c3nnc(C(=O)OCC)s3)CC2)N=N1	Z4352537406	yes
C#CCCC1(CCC(=O)N2C[C@@H]3C[C@H]2CN3CC(F)F)N=N1	Z4352792502	yes
C#CCCC1(CCC(=O)NC(Cc2cccc(C)c2)C2CCCO2)N=N1	Z4353158635	yes
C#CCCC1(CCC(=O)NC(C(=O)OC)(C2CC2)C2CC2)N=N1	Z4353242535	yes
C#CCCC1(CCC(=O)NC2c3ccccc3CCC2C(=O)OC)N=N1	Z4353510685	yes
C#CCCC1(CCC(=O)Nc2ccn(-c3ncccn3)n2)N=N1	Z4470588022	yes
C#CCCC1(CCC(=O)N2CC(c3cccc(C(=O)OC)c3)C2)N=N1	Z4471768480	yes
C#CCCC1(CCC(=O)N(C)CCc2ccc(O)c(OC)c2)N=N1	Z4472873595	yes
C#CCCC1(CCC(=O)N2CCCC2C(=O)c2ccc(O)cc2)N=N1	Z4473119245	yes
C#CCCC1(CCC(=O)N2C[C@@H]3C[C@H](C2)[C@@H]2CCCC(=O)N2C3)N=N1	Z4473201180	yes
C#CCCC1(CCC(=O)N(C)Cc2ccc(CN3CCN(C)CC3)cc2)N=N1	Z4473633655	yes
C#CCCC1(CCC(=O)NCc2c(C)nn(C)c2N2CCN(C)CC2)N=N1	Z4474177838	yes
C#CCCC1(CCC(=O)N2CCCC(n3c(=O)[nH]c4cccnc43)C2)N=N1	Z4474192016	yes
C#CCCC1(CCC(=O)NCc2nnnn2-c2c(C)cccc2C)N=N1	Z4474739595	yes
C#CCCC1(CCC(=O)N2CC3OCc4cnnn4C3C2)N=N1	Z4474984317	yes
C#CCCC1(CCC(=O)Nc2nnc(COc3ccccc3F)s2)N=N1	Z4475153776	yes
C#CCCC1(CCC(=O)Nc2nn(Cc3ccccc3)cc2C(=O)OC)N=N1	Z4475158062	yes
C#CCCC1(CCC(=O)N2CC(N3C[C@H]4CCC[C@H]4C3)C2)N=N1	Z4476128933	yes
C#CCCC1(CCC(=O)N2CC(c3nc(C(=O)OC)co3)C2)N=N1	Z4477439909	yes
C#CCCC1(CCC(=O)N2CCc3c(cc(C(=O)OC)n3C)C2)N=N1	Z4477968790	yes
C#CCCC1(CCC(=O)N2CC(c3cccnc3)C(F)(C(=O)OCC)C2)N=N1	Z4477977785	yes
C#CCCC1(CCC(=O)NCC2C(C(=O)OC)C2c2ccccc2)N=N1	Z4479156118	yes
C#CCCC1(CCNC(=O)c2cccn3c(CC)nnc23)N=N1	Z4491464374	yes
C#CCCC1(CCNC(=O)c2n[nH]c3c2CN(C)CC3)N=N1	Z4491464517	yes
C#CCCC1(CCNC(=O)C2Cc3cccc(OC)c3O2)N=N1	Z4491464542	yes
C#CCCC1(CCNC(=O)C2CCCn3c(CC)nnc32)N=N1	Z4491464738	yes
C#CCCC1(CCNC(=O)c2ncc(OC)nc2OC)N=N1	Z4491464750	yes
C#CCCC1(CCNCc2ccc3cc(OC)c(OC)cc3c2)N=N1	Z4493773848	yes
C#CCCC1(CCNC(=O)CNC(=O)Cn2cncn2)N=N1	Z4494032976	yes
C#CCCC1(CCNC(=O)Cc2ccc3[nH]c(=O)[nH]c3c2)N=N1	Z4494033143	yes
C#CCCC1(CCNC(=O)Cc2csc(C3CCS(=O)(=O)C3)n2)N=N1	Z4494033329	yes
C#CCCC1(CCNC(=O)CCc2c(C)nc3c(C#N)cnn3c2C)N=N1	Z4494033529	yes
C#CCCC1(CCNC(=O)C2CCN(c3ccc(C(C)C)cc3)C2=O)N=N1	Z4494033532	yes
C#CCCC1(CCNC(=O)CCNC(=O)c2ncccc2O)N=N1	Z4494034651	yes
C#CCCC1(CCNC(=O)c2cc3c([nH]c2=O)CCCC3O)N=N1	Z4494034705	yes
C#CCCC1(CCNC(=O)c2nn(-c3ccc(C(C)C)cc3)cc2O)N=N1	Z4494034729	yes
C#CCCC1(CCNC(=O)c2cccc(NC(=O)c3ccn(C)n3)c2)N=N1	Z4494034746	yes
C#CCCC1(CCNC(=O)Cc2ccc(NS(=O)(=O)c3cccs3)cc2)N=N1	Z4494034777	yes
C#CCCC1(CCNC(=O)c2cnn(-c3ncccc3Cl)c2C(F)(F)F)N=N1	Z4494034798	yes
C#CCCC1(CCNC(=O)c2cc(S(=O)(=O)N3CCCCC3C)ccc2C)N=N1	Z4494034808	yes
C#CCCC1(CCNC(=O)CN2C(=O)NC(C)(c3ccc(OC)cc3)C2=O)N=N1	Z4494034810	yes
C#CCCC1(CCNC(=O)c2[nH]n(-c3nc(C)cc(C)n3)c(=O)c2CCO)N=N1	Z4494034821	yes
C#CCCC1(CCNC(=O)c2nn(-c3cccc(C(F)(F)F)c3)c(C)cc2=O)N=N1	Z4494034827	yes
C#CCCC1(CCNC(=O)C2CC(=O)N(CCc3ccc(OC)c(OC)c3)C2)N=N1	Z4494034828	yes
C#CCCC1(CCNC(=O)c2ccccc2OCc2cn3cc(C)ccc3n2)N=N1	Z4494034841	yes
C#CCCC1(CCNC(=O)C(NC(=O)c2ccc(OC)cc2)c2ccccc2)N=N1	Z4494034842	yes
C#CCCC1(CCNC(=O)C2(NC(=O)Cc3c[nH]c4ccccc34)CCCC2)N=N1	Z4494034846	yes
C#CCCC1(CCNC(=O)C(Cc2ccccc2)N2Cc3ccccc3C2=O)N=N1	Z4494034906	yes
C#CCCC1(CCNC(=O)c2cn(C)nc2CN2C(=O)c3ccccc3C2=O)N=N1	Z4494034967	yes
C#CCCC1(CCNC(=O)C2CCN(C(=O)OCc3ccc(Cl)cc3)CC2)N=N1	Z4494035124	yes
C#CCCC1(CCNC(=O)Cc2csc(NC(=O)NC3CC3)n2)N=N1	Z4494036526	yes
C#CCCC1(CCNC(=O)COCC(=O)NCc2cccnc2)N=N1	Z4494036555	yes
C#CCCC1(CCNC(=O)c2csc(-c3ccc(C(C)C)cc3)n2)N=N1	Z4494036694	yes
C#CCCC1(CCNC(=O)c2cccc(CN3C(=O)CNC3=O)c2)N=N1	Z4494036700	yes
C#CCCC1(CCNC(=O)CN(C)S(=O)(=O)c2ccc(Cl)cc2F)N=N1	Z4494036722	yes
C#CCCC1(CCNC(=O)c2cc(CC)nc3onc(CCC)c23)N=N1	Z4494036723	yes
C#CCCC1(CCNC(=O)c2cnn3c(C(F)(F)F)cc(C)nc23)N=N1	Z4494036736	yes
C#CCCC1(CCNC(=O)c2ccnc3c(C(=O)OCC)cnn23)N=N1	Z4494036740	yes
C#CCCC1(CCNC(=O)Cn2c(CS(C)(=O)=O)nc3ccccc32)N=N1	Z4494036758	yes
C#CCCC1(CCNC(=O)Cc2csc(NC(=O)c3ccoc3C)n2)N=N1	Z4494036762	yes
C#CCCC1(CCNC(=O)Cc2ccc(S(=O)(=O)N3CCCCC3)cc2)N=N1	Z4494036809	yes
C#CCCC1(CCNC(=O)CC2(CC(=O)Nc3nccs3)CCCCC2)N=N1	Z4494036831	yes
C#CCCC1(CCNC(=O)c2cccc(S(=O)(=O)Nc3ccccc3F)c2)N=N1	Z4494036850	yes
C#CCCC1(CCNC(=O)C(NS(=O)(=O)c2ccccc2)c2ccccc2)N=N1	Z4494036864	yes
C#CCCC1(CCNC(=O)CS(=O)(=O)Nc2ccc(N3CCCCC3)cc2)N=N1	Z4494036880	yes
C#CCCC1(CCNC(=O)C2CCCN2C(=O)Cc2ccc3ccccc3c2)N=N1	Z4494036891	yes
C#CCCC1(CCNC(=O)c2cc(CNC(=O)OC(C)(C)C)n3c2COCC3)N=N1	Z4494037070	yes
C#CCCC1(CCNC(=O)C2CC(=O)N(CCOC)C2c2nccn2C)N=N1	Z4494037096	yes
C#CCCC1(CCNC(=O)c2cccc(N3CCCNS3(=O)=O)c2)N=N1	Z4494037119	yes
C#CCCC1(CCNC(=O)c2cc(C)n(C3CN(C(=O)OC(C)(C)C)C3)c2C)N=N1	Z4494037138	yes
C#CCCC1(CCNC(=O)CC2Cn3nc(-c4ccccc4)cc3NC2=O)N=N1	Z4494037166	yes
C#CCCC1(CCNC(=O)C2Nc3ccccc3S(=O)(=O)N2)N=N1	Z4494038440	yes
C#CCCC1(CCNC(=O)C(=O)Nc2ccc(S(N)(=O)=O)cc2)N=N1	Z4494038510	yes
C#CCCC1(CCNC(=O)c2ccnc(OC3CCCCC3)c2)N=N1	Z4494038522	yes
C#CCCC1(CCNC(=O)Cn2c(C)nc3ccc(O)cc3c2=O)N=N1	Z4494038783	yes
C#CCCC1(CCNC(=O)c2cc(C)n(C(C)c3ccccc3)c2C)N=N1	Z4494038805	yes
C#CCCC1(CCNC(=O)C2CCN(c3cccc(C(N)=O)n3)CC2)N=N1	Z4494038831	yes
C#CCCC1(CCNC(=O)c2cc(-c3ccncc3)nc3ccccc23)N=N1	Z4494038844	yes
C#CCCC1(CCNC(=O)c2cc(S(=O)(=O)N3CCCCC3)ccc2C)N=N1	Z4494038845	yes
C#CCCC1(CCNC(=O)c2ccccc2S(=O)(=O)N2CCCCC2C)N=N1	Z4494038847	yes
C#CCCC1(CCNC(=O)c2cnn(-c3ccc(Cl)cc3)c2C(F)(F)F)N=N1	Z4494038852	yes
C#CCCC1(CCNC(=O)c2cc(S(=O)(=O)N3CCCC(C)C3)cn2C)N=N1	Z4494038864	yes
C#CCCC1(CCNC(=O)c2ccc3c(c2)S(=O)(=O)N(CCOC)C3=O)N=N1	Z4494038871	yes
C#CCCC1(CCNC(=O)c2c(C)cc(=O)n(CC(=O)NC(C)C)c2C)N=N1	Z4494038889	yes
C#CCCC1(CCNC(=O)C(CC(C)C)NC2=NS(=O)(=O)c3ccccc32)N=N1	Z4494038905	yes
C#CCCC1(CCNC(=O)c2cnc3c(c2)c(=O)n(C)c(=O)n3CC(C)C)N=N1	Z4494038919	yes
C#CCCC1(CCNC(=O)c2nccnc2C(=O)NCc2ccc(F)cc2)N=N1	Z4494038925	yes
C#CCCC1(CCNC(=O)CCC(=O)N2CCc3cc(OC)c(OC)cc3C2)N=N1	Z4494038936	yes
C#CCCC1(CCNC(=O)c2ccc(C)c(N3C(=O)C4CCCCC4C3=O)c2)N=N1	Z4494038944	yes
C#CCCC1(CCNC(=O)CCC(=O)NC(c2ccccc2)c2ccccc2)N=N1	Z4494038947	yes
C#CCCC1(CCNC(=O)c2ccc(Cn3cc(N)c(C(F)(F)F)n3)cc2)N=N1	Z4494038962	yes
C#CCCC1(CCNC(=O)c2cn3c4c(c(F)c(F)cc4c2=O)OC[C@@H]3C)N=N1	Z4494039005	yes
C#CCCC1(CCNC(=O)C2CN(Cc3ccccc3)CC2c2ccccn2)N=N1	Z4494039032	yes
C#CCCC1(CCNC(=O)c2cc3n(n2)CC(C)NC3=O)N=N1	Z4494039049	yes
C#CCCC1(CCNC(=O)C2c3cn(C)nc3CCN2C(=O)OC(C)(C)C)N=N1	Z4494039153	yes
C#CCCC1(CCNC(=O)c2ccc(N3CCCNS3(=O)=O)cc2)N=N1	Z4494039172	yes
C#CCCC1(CCNC(=O)CC2Cn3cnc(C(N)=O)c3NC2=O)N=N1	Z4494039215	yes
C#CCCC1(CCNC(=O)c2nnn3c2C(=O)NCC3)N=N1	Z4494056094	yes
C#CCCC1(CCNC(=O)Cn2c(=O)[nH]c3ccccc3c2=O)N=N1	Z4494056525	yes
C#CCCC1(CCNC(=O)c2nc(N)nc(N3CCOCC3)n2)N=N1	Z4494056629	yes
C#CCCC1(CCNC(=O)c2ccc(=O)n(Cc3ccccc3)c2)N=N1	Z4494056642	yes
C#CCCC1(CCNC(=O)c2cccn2C2CCN(C(=O)OC(C)(C)C)CC2)N=N1	Z4494056650	yes
C#CCCC1(CCNC(=O)CCNC(=O)c2ccc3cn[nH]c3c2)N=N1	Z4494056807	yes
C#CCCC1(CCNC(=O)c2cc(S(=O)(=O)N3CCCC3)c(C)o2)N=N1	Z4494056812	yes
C#CCCC1(CCNC(=O)c2ccccc2S(=O)(=O)N2CCOCC2)N=N1	Z4494056880	yes
C#CCCC1(CCNC(=O)C2CCN(S(=O)(=O)c3cccnc3)CC2)N=N1	Z4494056902	yes
C#CCCC1(CCNC(=O)c2ccc(NS(=O)(=O)C(F)(F)F)c(C)c2)N=N1	Z4494056924	yes
C#CCCC1(CCNC(=O)c2ccc(C(=O)Nc3ccccc3)cc2)N=N1	Z4494056927	yes
C#CCCC1(CCNC(=O)C2CC(=O)N(c3cccc4ccccc34)C2)N=N1	Z4494056977	yes
C#CCCC1(CCNC(=O)C2CCCN2C(=O)c2cc(Cl)ccc2OC)N=N1	Z4494056982	yes
C#CCCC1(CCNC(=O)c2ccc(S(=O)(=O)N3CCNC(=O)C3)cc2)N=N1	Z4494056988	yes
C#CCCC1(CCNC(=O)CC2Sc3ccc(C(F)(F)F)cc3NC2=O)N=N1	Z4494056991	yes
C#CCCC1(CCNC(=O)c2cnc3c(c2CC)c(=O)n(C)c(=O)n3C)N=N1	Z4494057013	yes
C#CCCC1(CCNC(=O)Cn2c(C3CCCCC3)nc3ccccc32)N=N1	Z4494057029	yes
C#CCCC1(CCNC(=O)C(Cc2cccc(OC)c2)n2nnnc2C)N=N1	Z4494057032	yes
C#CCCC1(CCNC(=O)c2cnn(-c3ccc(F)cc3)c2-n2cccc2)N=N1	Z4494057078	yes
C#CCCC1(CCNC(=O)c2cnn(-c3ccccc3F)c2-n2cccc2)N=N1	Z4494057094	yes
C#CCCC1(CCNC(=O)CCN(CC)Cc2nc3c(C)cccc3c(=O)[nH]2)N=N1	Z4494057125	yes
C#CCCC1(CCNC(=O)c2ccc(CNC(=O)Cc3ccc(OC)cc3)cc2)N=N1	Z4494057133	yes
C#CCCC1(CCNC(=O)Cc2nnc(-c3ccccc3OC)o2)N=N1	Z4494057191	yes
C#CCCC1(CCNC(=O)C2CN(Cc3ccccc3)CC2c2nccs2)N=N1	Z4494057308	yes
C#CCCC1(CCNC(=O)C2CN(c3nnnn3C)C2)N=N1	Z4494091951	yes
C#CCCC1(CCNC(=O)c2cnn(C)c2-n2cnnc2)N=N1	Z4494092090	yes
C#CCCC1(CCNC(=O)c2cnc3c(cnn3C)c2N)N=N1	Z4494092198	yes
C#CCCC1(CCNC(=O)c2cn(CC(=O)N3CCCC3)nn2)N=N1	Z4494092434	yes
C#CCCC1(CCNC(=O)c2ccc(OC)c(-n3cnnn3)c2)N=N1	Z4494092454	yes
C#CCCC1(CCNC(=O)c2ccc3c(c2)CCN(C(=O)OC(C)(C)C)C3)N=N1	Z4494092563	yes
C#CCCC1(CCNC(=O)C(Cc2c[nH]cn2)NC(=O)CC(C)C)N=N1	Z4494092643	yes
C#CCCC1(CCNC(=O)c2ccc3c(=O)n(C)c(=O)n(C)c3n2)N=N1	Z4494092662	yes
C#CCCC1(CCNC(=O)CCc2c(C)nc3[nH]c(C)nn3c2=O)N=N1	Z4494092688	yes
C#CCCC1(CCNC(=O)CNS(=O)(=O)c2ccc3c(c2)COC3)N=N1	Z4494092713	yes
C#CCCC1(CCNC(=O)C23CCCCC2N(C(=O)OC(C)(C)C)CCC3)N=N1	Z4494092906	yes
C#CCCC1(CCNC(=O)c2cnc3nc[nH]c(=O)c3c2)N=N1	Z4494092935	yes
C#CCCC1(CCNC(=O)c2ccc3[nH]c(=O)[nH]c(=O)c3c2)N=N1	Z4494107743	yes
C#CCCC1(CCNC(=O)c2ccccc2C(=O)c2ccc(C)cc2)N=N1	Z4494107814	yes
C#CCCC1(CCNC(=O)c2cnc3c(c2)c(=O)[nH]c(=O)n3C2CC2)N=N1	Z4494107827	yes
C#CCCC1(CCNC(=O)c2nc(C)n(-c3nnc(C(F)(F)F)[nH]3)n2)N=N1	Z4494107834	yes
C#CCCC1(CCNC(=O)c2ccc(S(=O)(=O)CC(=O)N(C)C)cc2)N=N1	Z4494107840	yes
C#CCCC1(CCNC(=O)c2cccc(C(=O)Nc3ccccc3)c2)N=N1	Z4494107855	yes
C#CCCC1(CCNC(=O)c2nc(C(C)C)n(-c3ccccc3Cl)n2)N=N1	Z4494107857	yes
C#CCCC1(CCNC(=O)C(Cc2ccc3c(c2)OCO3)NC(C)=O)N=N1	Z4494107865	yes
C#CCCC1(CCNC(=O)c2ccc(S(=O)(=O)N3CCC(O)CC3)cc2)N=N1	Z4494107888	yes
C#CCCC1(CCNC(=O)CN2C(=O)NC(C)(c3ccc(F)cc3)C2=O)N=N1	Z4494107890	yes
C#CCCC1(CCNC(=O)Cc2csc(NC(=O)c3cccc(O)c3)n2)N=N1	Z4494107894	yes
C#CCCC1(CCNC(=O)C2(NS(=O)(=O)c3c(C)noc3C)CCCC2)N=N1	Z4494107912	yes
C#CCCC1(CCNC(=O)CCc2c(C)nc3nc(C(F)(F)F)nn3c2C)N=N1	Z4494107935	yes
C#CCCC1(CCNC(=O)c2cnn(-c3ccc(OC)nn3)c2C(F)(F)F)N=N1	Z4494107940	yes
C#CCCC1(CCNC(=O)c2cccc(COc3ccccc3C(N)=O)c2)N=N1	Z4494107945	yes
C#CCCC1(CCNC(=O)c2ccc(-n3[nH]c(CC(=O)OC)cc3=O)cc2)N=N1	Z4494107946	yes
C#CCCC1(CCNC(=O)Cc2c(C)nn(-c3cncc4nnnn34)c2C)N=N1	Z4494107953	yes
C#CCCC1(CCNC(=O)c2nn(-c3ccc(OCCOC)cc3)nc2C)N=N1	Z4494107954	yes
C#CCCC1(CCNC(=O)Cc2c(C)c3ccc(O)cc3oc2=O)N=N1	Z4494108003	yes
C#CCCC1(CCNC(=O)C2CCN(S(=O)(=O)C=Cc3ccccc3)CC2)N=N1	Z4494108061	yes
C#CCCC1(CCNC(=O)CN2CCN(c3cnn(C)c3)S2(=O)=O)N=N1	Z4494108214	yes
C#CCCC1(CCNC(=O)Cn2cc(C3(O)COC3)nn2)N=N1	Z4494108236	yes
C#CCCC1(CCNC(=O)c2nc(N)nc(N(C)C)n2)N=N1	Z4494113504	yes
C#CCCC1(CCNC(=O)c2[nH]c(=O)[nH]c(=O)c2OC)N=N1	Z4494113508	yes
C#CCCC1(CCNC(=O)Cn2c(=O)c(=O)[nH]c3ccccc32)N=N1	Z4494113718	yes
C#CCCC1(CCNC(=O)C2CCCN2C(=O)c2cc(Cl)ccc2Cl)N=N1	Z4494113984	yes
C#CCCC1(CCNC(=O)c2cc(S(=O)(=O)N3CCOCC3)cn2C)N=N1	Z4494113986	yes
C#CCCC1(CCNC(=O)Cc2c(C)nc(-c3cccnc3)[nH]c2=O)N=N1	Z4494114016	yes
C#CCCC1(CCNC(=O)C(CC)Nc2nnnn2-c2ccccc2)N=N1	Z4494114018	yes
C#CCCC1(CCNC(=O)CCC(=O)Nc2ccc3oc(C)nc3c2)N=N1	Z4494114020	yes
C#CCCC1(CCNC(=O)c2cc(C)c3c(=O)n(C)c(=O)n(C)c3n2)N=N1	Z4494114039	yes
C#CCCC1(CCNC(=O)c2ccc(S(=O)(=O)N3CCCCC3C)cc2)N=N1	Z4494114064	yes
C#CCCC1(CCNC(=O)C2CCCN(S(=O)(=O)c3ccc(F)cc3)C2)N=N1	Z4494114079	yes
C#CCCC1(CCNC(=O)C2CC(=O)N(c3cccc(S(N)(=O)=O)c3)C2)N=N1	Z4494114084	yes
C#CCCC1(CCNC(=O)C2CCCN(S(=O)(=O)c3c(C)noc3C)C2)N=N1	Z4494114091	yes
C#CCCC1(CCNC(=O)Cn2cnc3cc(OC)c(OC)cc3c2=O)N=N1	Z4494114093	yes
C#CCCC1(CCNC(=O)c2cccc(S(=O)(=O)N3CCCCC3C)c2)N=N1	Z4494114099	yes
C#CCCC1(CCNC(=O)CC(O)(c2nc3ccccc3s2)C(F)(F)F)N=N1	Z4494114104	yes
C#CCCC1(CCNC(=O)C2CCCN(S(=O)(=O)Cc3ccccc3)C2)N=N1	Z4494114107	yes
C#CCCC1(CCNC(=O)Cc2c(C)nn(-c3ccc(Cl)cc3Cl)c2C)N=N1	Z4494114108	yes
C#CCCC1(CCNC(=O)c2ccccc2OCCN2CCCCC2C)N=N1	Z4494114136	yes
C#CCCC1(CCNC(=O)C(C)(NC(C)=O)c2ccc(S(C)(=O)=O)cc2)N=N1	Z4494114152	yes
C#CCCC1(CCNC(=O)CCCNS(=O)(=O)c2ccc3c(c2)CCCC3)N=N1	Z4494114171	yes
C#CCCC1(CCNC(=O)C2CCN(C3=NS(=O)(=O)c4ccccc43)CC2)N=N1	Z4494114193	yes
C#CCCC1(CCNC(=O)c2ccc3c(c2)S(=O)(=O)N=C2CCCCCN23)N=N1	Z4494114199	yes
C#CCCC1(CCNC(=O)c2cc(C(C)C)nc3c2c(=O)[nH]c(=O)n3CC)N=N1	Z4494114220	yes
C#CCCC1(CCNC(=O)c2sc(N3CCOCC3)nc2-c2ccccc2)N=N1	Z4494114234	yes
C#CCCC1(CCNC(=O)C2CCCN2C(=O)c2ccc(CNC(C)=O)cc2)N=N1	Z4494114265	yes
C#CCCC1(CCNC(=O)c2cccc(NN3C(=O)C4CC=CCC4C3=O)c2)N=N1	Z4494114275	yes
C#CCCC1(CCNC(=O)[C@@H]2C[C@@H](O)CN2C(=O)OCc2ccccc2)N=N1	Z4494114278	yes
C#CCCC1(CCNC(=O)CC(NC(=O)c2ccc(O)cc2)c2ccccc2)N=N1	Z4494114310	yes
C#CCCC1(CCNC(=O)c2cc(CNC(=O)OC(C)(C)C)c3n2CCCC3)N=N1	Z4494114531	yes
C#CCCC1(CCNC(=O)c2cnn(C)c2C2CN(C(=O)OC(C)(C)C)C2)N=N1	Z4494114576	yes
C#CCCC1(CCNC(=O)CCc2nnc(CNC(=O)OC(C)(C)C)s2)N=N1	Z4494114645	yes
C#CCCC1(CCNC(=O)c2ccc3c(n2)NCC(=O)N3)N=N1	Z4494131943	yes
C#CCCC1(CCNC(=O)CNS(=O)(=O)c2cn(C)c(C)n2)N=N1	Z4494131973	yes
C#CCCC1(CCNC(=O)CNS(=O)(=O)c2c[nH]c(C(N)=O)c2)N=N1	Z4494132247	yes
C#CCCC1(CCNC(=O)CCc2nnc3ccc(OC)nn23)N=N1	Z4494132292	yes
C#CCCC1(CCNC(=O)C2CN(C(=O)OC(C)(C)C)Cc3ccccc32)N=N1	Z4494132356	yes
C#CCCC1(CCNC(=O)c2ccc(OC)c(S(=O)(=O)NC(C)C)c2)N=N1	Z4494132544	yes
C#CCCC1(CCNC(=O)Cc2nn(CCO)c(=O)c3ccccc23)N=N1	Z4494132565	yes
C#CCCC1(CCNC(=O)c2cccc(NS(=O)(=O)c3cccs3)c2)N=N1	Z4494132568	yes
C#CCCC1(CCNC(=O)CCC(=O)Nc2ccc3[nH]c(=O)[nH]c3n2)N=N1	Z4494132634	yes
C#CCCC1(CCNC(=O)C2=NN(c3ccc(F)cc3)C(=O)CC2=O)N=N1	Z4494132640	yes
C#CCCC1(CCNC(=O)c2cc(S(=O)(=O)Nc3ccccc3F)c[nH]2)N=N1	Z4494132684	yes
C#CCCC1(CCNC(=O)c2cccc(C(=O)N3CCS(=O)(=O)CC3)n2)N=N1	Z4494132691	yes
C#CCCC1(CCNC(=O)C2CCC(NC(=O)C(C)n3cccn3)CC2)N=N1	Z4494132694	yes
C#CCCC1(CCNC(=O)CCc2c(C)nc(-c3ccncc3)[nH]c2=O)N=N1	Z4494132700	yes
C#CCCC1(CCNC(=O)C2CC(=O)N(CCOc3ccccc3Cl)C2)N=N1	Z4494132727	yes
C#CCCC1(CCNC(=O)CS(=O)(=O)N2CCN(c3cccc(C)c3)CC2)N=N1	Z4494132768	yes
C#CCCC1(CCNC(=O)C2CCCN2C(=O)c2cncn2-c2ccccc2)N=N1	Z4494132799	yes
C#CCCC1(CCNC(=O)c2ccc3c(c2)C(=O)N(CCc2ccccc2)C3=O)N=N1	Z4494132802	yes
C#CCCC1(CCNC(=O)c2cc(-c3ccccc3C)nc3c2cnn3C(C)C)N=N1	Z4494132808	yes
C#CCCC1(CCNC(=O)C2CCOC2c2ccnn2-c2ccccc2OC)N=N1	Z4494132934	yes
C#CCCC1(CCNC(=O)C2CN(Cc3ccccc3)CC2C2CCCC2)N=N1	Z4494133009	yes
C#CCCC1(CCNC(=O)C2CN(Cc3ccccc3)CC2(C)c2ccccc2)N=N1	Z4494133021	yes
C#CCCC1(CCNC(=O)C2CN(C(=O)OC(C)(C)C)CC2c2cn(C)cn2)N=N1	Z4494133108	yes
C#CCCC1(CCNC(=O)C2(O)CC(=O)Nc3ccc(Br)cc32)N=N1	Z4494133215	yes
C#CCCC1(CCNC(=O)c2cnn(C3CCS(=O)(=O)C3)c2)N=N1	Z4494145499	yes
C#CCCC1(CCNC(=O)c2nc3ncc(CCO)cn3n2)N=N1	Z4494145594	yes
C#CCCC1(CCNC(=O)c2cc(=O)[nH]c3nc(N)ccc23)N=N1	Z4494145627	yes
C#CCCC1(CCNC(=O)CCc2nnc(-c3cccnc3)o2)N=N1	Z4494145805	yes
C#CCCC1(CCNC(=O)c2cnc(C3CCOCC3)[nH]c2=O)N=N1	Z4494145874	yes
C#CCCC1(CCNC(=O)c2cc(-c3ccncc3)n[nH]c2=O)N=N1	Z4494145900	yes
C#CCCC1(CCNC(=O)c2cnn(CC(=O)NC3CCCC3)c2)N=N1	Z4494146217	yes
C#CCCC1(CCNC(=O)C(C)N2C(=O)C3C4CCC(O4)C3C2=O)N=N1	Z4494146269	yes
C#CCCC1(CCNC(=O)c2cc(=O)[nH]c3c2c(C)nn3C(C)C)N=N1	Z4494146272	yes
C#CCCC1(CCNC(=O)CSc2nccn2-c2cccc(C)c2C)N=N1	Z4494146290	yes
C#CCCC1(CCNC(=O)CS(=O)(=O)Nc2ccc(OC(C)C)cc2)N=N1	Z4494146315	yes
C#CCCC1(CCNC(=O)c2cnn(-c3ccc(OCC)nn3)c2C)N=N1	Z4494146321	yes
C#CCCC1(CCNC(=O)C2CCCN(S(=O)(=O)c3cccnc3)C2)N=N1	Z4494146349	yes
C#CCCC1(CCNC(=O)c2cn(-c3ccc4c(c3)OCCO4)nn2)N=N1	Z4494146370	yes
C#CCCC1(CCNC(=O)c2ccc3c(c2)S(=O)(=O)N(C(C)C)C3=O)N=N1	Z4494146372	yes
C#CCCC1(CCNC(=O)c2sc(C(C)(C)c3ccccc3)nc2C)N=N1	Z4494146410	yes
C#CCCC1(CCNC(=O)c2oc3ccccc3c2CSc2nnc[nH]2)N=N1	Z4494146470	yes
C#CCCC1(CCNC(=O)c2cccc(NC(=O)CCn3ccnc3)c2)N=N1	Z4494146503	yes
C#CCCC1(CCNC(=O)CCC(=O)Nc2nnc(C3CCCCC3)s2)N=N1	Z4494146575	yes
C#CCCC1(CCNC(=O)c2ccc3c(c2)C(=O)N(C2CCCCC2)C3=O)N=N1	Z4494146595	yes
C#CCCC1(CCNC(=O)c2ccc(=O)n(CCOc3ccccc3Cl)c2)N=N1	Z4494146647	yes
C#CCCC1(CCNC(=O)c2nn(-c3ccccc3C(F)(F)F)c(C)cc2=O)N=N1	Z4494146656	yes
C#CCCC1(CCNC(=O)CC2CCCN2Cc2nc3ccccc3c(=O)[nH]2)N=N1	Z4494146696	yes
C#CCCC1(CCNC(=O)C2CN(Cc3nc4ccccc4c(=O)[nH]3)CCO2)N=N1	Z4494146698	yes
C#CCCC1(CCNC(=O)C2=NN(c3ccccc3)C(C(=O)OC(C)(C)C)C2)N=N1	Z4494146704	yes
C#CCCC1(CCNC(=O)C2CN(Cc3ccccc3)CC2c2ccncc2)N=N1	Z4494146966	yes
C#CCCC1(CCNC(=O)C2(c3ncn[nH]3)CCOCC2)N=N1	Z4494147003	yes
C#CCCC1(CCNC(=O)c2c3c(n[nH]c2=O)CCOC3)N=N1	Z4494147080	yes
C#CCCC1(CCNC(=O)CCNc2oc(C)nc2C#N)N=N1	Z4494147134	yes
C#CCCC1(CCNC(=O)c2c[nH]c(=O)n(C3CC3)c2=O)N=N1	Z4494147161	yes
C#CCCC1(CCNC(=O)Cn2nc3n(c(=O)c2=O)CCOC3)N=N1	Z4494147174	yes
C#CCCC1(CCC(=O)Nc2cccc3c(=O)[nH]cnc23)N=N1	Z4513522380	yes
C#CCCC1(CCC(=O)Nc2ccc(N(C)C)c3ccncc23)N=N1	Z4544343887	yes
C#CCCC1(CCC(=O)Nc2cnn(Cc3cnn(C)c3C)c2)N=N1	Z4544343899	yes
C#CCCC1(CCC(=O)Nc2cc(C(=O)N3CCCC3)n(C)n2)N=N1	Z4544343900	yes
C#CCCC1(CCC(=O)Nc2ccc3sc(C(=O)OC)nc3c2)N=N1	Z4544343901	yes
C#CCCC1(CCC(=O)Nc2nnc(-c3cccc(N(C)C)c3)[nH]2)N=N1	Z4544343923	yes
C#CCCC1(CCC(=O)Nc2ccccc2-c2[nH]nc3c2CCC3)N=N1	Z4544343932	yes
C#CCCC1(CCC(=O)Nc2ccccc2-c2nnnn2C(C)C)N=N1	Z4544343938	no
C#CCCC1(CCC(=O)Nc2cc(C)nn2-c2ccc(OC)cc2)N=N1	Z4544343940	no
C#CCCC1(CCC(=O)NCc2ccc(N3C(=O)CNC3=O)cc2)N=N1	Z4544343945	yes
C#CCCC1(CCC(=O)Nc2cc(C(=O)N3CCCCC3)n(C)n2)N=N1	Z4544343946	yes
C#CCCC1(CCC(=O)NCC2CCC(c3nc4ccccc4[nH]3)CC2)N=N1	Z4544343974	yes
C#CCCC1(CCC(=O)Nc2cccc(-c3cn4c(n3)C(C)CCC4)c2)N=N1	Z4544343975	yes
C#CCCC1(CCC(=O)Nc2cnc3c(c2)CNCC3)N=N1	Z4544348367	no
C#CCCC1(CCC(=O)Nc2ccccc2-c2c(C)n[nH]c2C)N=N1	Z4544534317	no
C#CCCC1(CCC(=O)NC2CN(c3ccc(OC)cc3)C2=O)N=N1	Z4544534343	yes
C#CCCC1(CCC(=O)NC2CCN(C(=O)c3cnccn3)CC2)N=N1	Z4544534354	yes
C#CCCC1(CCC(=O)Nc2ccc3nc(S(=O)(=O)CC)sc3c2)N=N1	Z4544534398	yes
C#CCCC1(CCC(=O)NCC2(c3ccccc3)NC(=O)NC2=O)N=N1	Z4544534412	yes
C#CCCC1(CCC(=O)N2CCc3[nH]cc(C(=O)OC)c(=O)c3C2)N=N1	Z4544534415	yes
C#CCCC1(CCC(=O)Nc2ccc3[nH]c(C4CCCCC4)nc3c2)N=N1	Z4544534438	yes
C#CCCC1(CCC(=O)Nc2cc(CN3CCN(C)CC3)ccc2O)N=N1	Z4544534443	yes
C#CCCC1(CCC(=O)Nc2ccccc2-c2n[nH]c3c2CCCC3)N=N1	Z4544534444	no
C#CCCC1(CCC(=O)Nc2ccc(-c3n[nH]c4c3CCCC4)cc2)N=N1	Z4544534453	yes
C#CCCC1(CCC(=O)Nc2ccc(F)c(N3C(=O)CNC3=O)c2C)N=N1	Z4544534472	yes
C#CCCC1(CCC(=O)N2CCN(S(=O)(=O)c3cc(C)ccc3O)CC2)N=N1	Z4544534498	yes
C#CCCC1(CCC(=O)Nc2ccc(-c3csc(N4CCOCC4)n3)cc2)N=N1	Z4544534516	yes
C#CCCC1(CCC(=O)Nc2cc(-n3cnc(C)c3)cc(C(F)(F)F)c2)N=N1	Z4544534528	yes
C#CCCC1(CCC(=O)N2CCc3[nH]cc(C(=O)O)c(=O)c3C2)N=N1	Z4544587417	yes
C#CCCC1(CCNC(=O)Cn2ccc(-c3cn(C)nc3C)n2)N=N1	Z4544895538	no
C#CCCC1(CCNC(=O)CC2Oc3ccc(Cl)cc3NC2=O)N=N1	Z4544895541	no
C#CCCC1(CCNC(=O)C(c2ccccc2)N2C(=O)CCC2=O)N=N1	Z4544895545	no
C#CCCC1(CCNC(=O)c2cccc(N3C(=O)CC(C)C3=O)c2)N=N1	Z4544895546	no
C#CCCC1(CCNC(=O)c2cc(-c3c(C)nn(CC)c3C)n[nH]2)N=N1	Z4544895549	yes
C#CCCC1(CCNC(=O)c2nc(C)sc2-c2ccc(OC)cc2)N=N1	Z4544895559	no
C#CCCC1(CCNC(=O)C2CCCCC2c2nc3ccccc3[nH]2)N=N1	Z4544895568	no
C#CCCC1(CCNC(=O)c2cc3nc(C(F)F)cc(C(F)F)n3n2)N=N1	Z4544895573	no
C#CCCC1(CCNC(=O)Cn2nc(C)c3c(C(F)F)cc(=O)[nH]c32)N=N1	Z4544895583	no
C#CCCC1(CCNC(=O)C2CCN(S(=O)(=O)c3c(C)noc3C)CC2)N=N1	Z4544895590	yes
C#CCCC1(CCNC(=O)C(C)Oc2cc(C)cc3oc(=O)c(C)c(C)c23)N=N1	Z4544895599	no
C#CCCC1(CCNC(=O)C2CCCCC2C(=O)Nc2cc(C)n[nH]2)N=N1	Z4544895600	no
C#CCCC1(CCNC(=O)c2cc(C(F)(F)F)nc3c(C)cnn23)N=N1	Z4544895606	yes
C#CCCC1(CCNC(=O)c2sc(N3CCC(F)(F)CC3)nc2C)N=N1	Z4544895619	no
C#CCCC1(CCNC(=O)C2CN(C(=O)OC(C)(C)C)Cc3cn[nH]c32)N=N1	Z4544934365	no
C#CCCC1(CCNC(=O)c2ccccc2CN2C(=O)CNC2=O)N=N1	Z4544934377	yes
C#CCCC1(CCNC(=O)c2cc(C(=O)N3CCOCC3)nn2C)N=N1	Z4544934412	yes
C#CCCC1(CCNC(=O)C2CCCCN2C(=O)c2cccc(C)n2)N=N1	Z4544934446	no
C#CCCC1(CCNC(=O)c2cccc(S(=O)(=O)N3CCN(C)CC3)c2)N=N1	Z4544934472	yes
C#CCCC1(CCNC(=O)C2CCN(S(=O)(=O)c3ccc(F)cc3)CC2)N=N1	Z4544934482	yes
C#CCCC1(CCNC(=O)C2CCN(S(=O)(=O)c3cccnc3Cl)CC2)N=N1	Z4544934499	yes
C#CCCC1(CCNC(=O)C2CCCN(C3=NS(=O)(=O)c4ccccc43)C2)N=N1	Z4544934517	yes
C#CCCC1(CCNC(=O)C2CCCCN2C(=O)c2ccc3cn[nH]c3c2)N=N1	Z4544934521	no
C#CCCC1(CCNC(=O)C2CNCc3ccccc32)N=N1	Z4544977464	yes
C#CCCC1(CCNC(=O)c2ccnc3c2CNCC3)N=N1	Z4544977468	no
C#CCCC1(CCC(=O)Nc2ccnn2C(C)c2ccccc2)N=N1	Z4590913610	no
C#CCCC1(CCC(=O)NC2CCCN(Cc3csc(C)n3)C2)N=N1	Z4590913611	no
C#CCCC1(CCC(=O)Nc2ccc3nc(N4CCC(O)CC4)sc3c2)N=N1	Z4590913617	yes
C#CCCC1(CCC(=O)Nc2cccc(CC(=O)N3CC(C)OCC3C)c2)N=N1	Z4590913619	yes
C#CCCC1(CCNC(=O)c2ccc(Cn3cncn3)cc2F)N=N1	Z4590919591	no
C#CCCC1(CCNC(=O)c2ccc(C)c(NC(=O)C3CCC3)c2)N=N1	Z4590919592	no
C#CCCC1(CCNC(=O)c2cc(C)nc3c2c(C)nn3CCO)N=N1	Z4590919593	no
C#CCCC1(CCNC(=O)c2cc3c(=O)[nH]c(C(F)(F)F)nc3o2)N=N1	Z4590919594	no
C#CCCC1(CCNC(=O)C2(NC(=O)c3ccnn3C)CCCC2)N=N1	Z4590919595	no
C#CCCC1(CCNC(=O)C(C)NC(=O)c2cccc3cc[nH]c23)N=N1	Z4590919596	no
C#CCCC1(CCNC(=O)C2(NC(=O)c3cccnc3)CCCCC2)N=N1	Z4590919597	yes
C#CCCC1(CCNC(=O)C2CCC(NC(=O)c3cccc(F)c3)C2)N=N1	Z4590919599	yes
C#CCCC1(CCNC(=O)C2CCC(NC(=O)c3cc(C)oc3C)C2)N=N1	Z4590919600	no
C#CCCC1(CCNC(=O)C2CCCN(C(=O)c3ccccc3OC)C2)N=N1	Z4590919602	no
C#CCCC1(CCNC(=O)C2CCCCC2C(=O)Nc2ccccc2Cl)N=N1	Z4590919603	no
C#CCCC1(CCNC(=O)c2ccc(S(=O)(=O)N3CCOCC3C)cc2)N=N1	Z4590919604	no
C#CCCC1(CCNC(=O)c2ccc(C(=O)N3CCOCC3CC)cc2)N=N1	Z4590919605	no
C#CCCC1(CCNC(=O)C2CCCN(C(=O)c3cc4ccccc4o3)C2)N=N1	Z4590919607	no
C#CCCC1(CCNC(=O)C2CCCN(C(=O)c3coc4ccccc34)C2)N=N1	Z4590919608	no
C#CCCC1(CCNC(=O)[C@H]2CCCCN2C(=O)c2cc3ccccc3o2)N=N1	Z4590919609	no
C#CCCC1(CCNC(=O)C2CCCN(C(=O)Cc3ccc(C)nc3)C2)N=N1	Z4590919610	no
C#CCCC1(CCNC(=O)C2CCCCN2C(=O)c2csc(C3CC3)n2)N=N1	Z4590919611	no
C#CCCC1(CCNC(=O)C2(C)CCC(C(=O)Nc3ccccc3)C2(C)C)N=N1	Z4590919612	yes
C#CCCC1(CCNC(=O)c2cc(NC(=O)C3(C#N)CCCC3)ccc2C)N=N1	Z4590919614	no
C#CCCC1(CCNC(=O)C2CCN(C(=O)c3cnn(C(C)(C)C)c3)CC2)N=N1	Z4590919615	no
C#CCCC1(CCNC(=O)C2CN(C(=O)N(C)Cc3ccccc3)CCO2)N=N1	Z4590919651	no
C#CCCC1(CCNC(=O)C2(NC(=O)c3ccoc3C)CCCC2)N=N1	Z4590919653	no
C#CCCC1(CCNC(=O)c2cccc(C(=O)NC3CCCC3)n2)N=N1	Z4590919654	yes
C#CCCC1(CCNC(=O)C2CCCC2NC(=O)c2ccccc2)N=N1	Z4590919655	no
C#CCCC1(CCNC(=O)C2CCCC2NC(=O)c2ccc(Cl)o2)N=N1	Z4590919656	no
C#CCCC1(CCNC(=O)C2CCC(NC(=O)c3ccncc3)C2)N=N1	Z4590919657	no
C#CCCC1(CCNC(=O)CC2CN(c3ccnc(C)n3)CCO2)N=N1	Z4590919658	no
C#CCCC1(CCNC(=O)[C@H]2CCCN2C(=O)c2cncc(F)c2)N=N1	Z4590919660	no
C#CCCC1(CCNC(=O)C2CCN(C(=O)c3cc(Cl)cn3C)CC2)N=N1	Z4590919661	no
C#CCCC1(CCNC(=O)c2ccc(C(=O)NC3CCOCC3)cc2)N=N1	Z4590919663	no
C#CCCC1(CCNC(=O)c2cccc(C(=O)NC3CCOCC3)c2)N=N1	Z4590919664	no
C#CCCC1(CCNC(=O)C2CCN(S(=O)(=O)c3c(C)noc3C)C2)N=N1	Z4590919666	no
C#CCCC1(CCNC(=O)C2CN(C(=O)c3ccc(Cl)cn3)CCO2)N=N1	Z4590919667	no
C#CCCC1(CCNC(=O)C2CCCCN2C(=O)c2ccncc2F)N=N1	Z4590919668	no
C#CCCC1(CCNC(=O)[C@H]2CCCCN2C(=O)c2cc(Cl)cn2C)N=N1	Z4590919669	no
C#CCCC1(CCNC(=O)C2CCN(C(=O)c3ccncc3Cl)CC2)N=N1	Z4590919670	no
C#CCCC1(CCNC(=O)[C@H]2CCCN(C(=O)c3cccc(C)n3)C2)N=N1	Z4590919671	no
C#CCCC1(CCNC(=O)c2ccc(C(=O)N3CC(C)OCC3C)o2)N=N1	Z4590919672	no
C#CCCC1(CCNC(=O)C2CCCCN2C(=O)c2oc(C)nc2C)N=N1	Z4590919673	no
C#CCCC1(CCNC(=O)C2COCCN2C(=O)c2ccc(F)cn2)N=N1	Z4590919674	no
C#CCCC1(CCNC(=O)C2COCCN2C(=O)c2cncc(F)c2)N=N1	Z4590919675	no
C#CCCC1(CCNC(=O)C2(NC(=O)c3ccnc(Cl)c3)CCCC2)N=N1	Z4590919676	no
C#CCCC1(CCNC(=O)CC2COCCN2C(=O)c2n[nH]cc2C)N=N1	Z4590919677	no
C#CCCC1(CCNC(=O)C2CCCCN2S(=O)(=O)c2c(C)noc2C)N=N1	Z4590919678	no
C#CCCC1(CCNC(=O)C2CCCCN2S(=O)(=O)c2cccc(F)c2)N=N1	Z4590919679	no
C#CCCC1(CCNC(=O)C2(NC(=O)c3ccc(C)c(F)c3)CCCC2)N=N1	Z4590919681	no
C#CCCC1(CCNC(=O)c2ccc(C(=O)N(C)C3CCCCC3)cc2)N=N1	Z4590919683	no
C#CCCC1(CCNC(=O)c2cccc(CNC(=O)N3CCOCC3)c2)N=N1	Z4590919684	no
C#CCCC1(CCNC(=O)C2CN(C(=O)Cc3ccccc3Cl)CCO2)N=N1	Z4590919686	no
C#CCCC1(CCNC(=O)C2CN(C(=O)c3c(C)nn(C)c3C)CCO2)N=N1	Z4590919687	no
C#CCCC1(CCNC(=O)C2CCN(S(=O)(=O)c3cc(F)cc(F)c3)C2)N=N1	Z4590919688	yes
C#CCCC1(CCNC(=O)C2(C(=O)N3CCOc4ccccc4C3)CC2)N=N1	Z4590919689	no
C#CCCC1(CCNC(=O)c2ccc(C(=O)N3CCNC(=O)C3C)cc2)N=N1	Z4590919690	no
C#CCCC1(CCNC(=O)C2COCCN2C(=O)c2ccc(C)c(Cl)c2)N=N1	Z4590919691	no
C#CCCC1(CCNC(=O)c2ccc(C(=O)N3CCCC(OC)C3)cc2)N=N1	Z4590919692	no
C#CCCC1(CCNC(=O)C2CCCN(C(=O)c3n[nH]c4ccccc34)C2)N=N1	Z4590919693	no
C#CCCC1(CCNC(=O)C2CCN(C(=O)c3[nH]nc4ccccc34)CC2)N=N1	Z4590919694	no
C#CCCC1(CCNC(=O)C2CCCN(C(=O)c3ccc4cn[nH]c4c3)C2)N=N1	Z4590919695	yes
C#CCCC1(CCNC(=O)C2CCN(C(=O)c3cccc4[nH]ccc34)CC2)N=N1	Z4590919697	no
C#CCCC1(CCNC(=O)C2CCCN(C(=O)c3cccc4[nH]ccc34)C2)N=N1	Z4590919698	no
C#CCCC1(CCNC(=O)c2ccc(C(=O)N3CCCC(C(N)=O)C3)cn2)N=N1	Z4590919699	no
C#CCCC1(CCNC(=O)C2CCCN(C(=O)c3ccc4[nH]ccc4c3)C2)N=N1	Z4590919701	no
C#CCCC1(CCNC(=O)c2c(C)oc(C)c2S(=O)(=O)N2CCC(C)(C)C2)N=N1	Z4590919702	no
C#CCCC1(CCNC(=O)C2(NC(=O)c3ccc(Cl)c(C)c3)CCOCC2)N=N1	Z4590919703	yes
C#CCCC1(CCNC(=O)c2ccccc2CC(=O)N2CCS(=O)(=O)CC2)N=N1	Z4590919704	no
C#CCCC1(CCNC(=O)[C@H]2C[C@@H](O)CN2S(=O)(=O)c2ccc(C)cc2)N=N1	Z4590919706	no
C#CCCC1(CCNC(=O)C2CCCN(C(=O)c3ccc4nccn4c3)C2)N=N1	Z4590919708	no
C#CCCC1(CCNC(=O)C2CCCN(C(=O)c3ccc(OC)nn3)C2)N=N1	Z4590919709	no
C#CCCC1(CCNC(=O)C2CCCN(C(=O)c3c(C)nn(C)c3Cl)C2)N=N1	Z4590919710	no
C#CCCC1(CCNC(=O)C2CCN(C(=O)c3csc(C(C)C)n3)C2)N=N1	Z4590919711	no
C#CCCC1(CCNC(=O)C2CCCN2C(=O)c2cnc(C(C)(C)C)s2)N=N1	Z4590919712	no
C#CCCC1(CCNC(=O)C2CCN(C(=O)c3scnc3Cl)CC2)N=N1	Z4590919713	no
C#CCCC1(CCNC(=O)C2(C)CCN(C(=O)c3cc(C(C)C)[nH]n3)C2)N=N1	Z4590919714	no
C#CCCC1(CCNC(=O)C(C)n2nnc(-c3cccc(F)c3)n2)N=N1	Z4590919716	yes
C#CCCC1(CCNC(=O)C2(NC(=O)c3oc(C)cc3C)CCCC2)N=N1	Z4590919717	no
C#CCCC1(CCNC(=O)C2CCCCN2C(=O)c2ccc3nccn3c2)N=N1	Z4590919720	yes
C#CCCC1(CCNC(=O)C2CCCCN2C(=O)c2ccnc(C3CC3)n2)N=N1	Z4590919721	no
C#CCCC1(CCNC(=O)C2COCCN2C(=O)c2cnn(CC)c2)N=N1	Z4590919722	no
C#CCCC1(CCNC(=O)C2COCCN2C(=O)c2csc(C(C)C)n2)N=N1	Z4590919723	no
C#CCCC1(CCNC(=O)[C@H]2CC[C@H](C(=O)Nc3ccccc3)CC2)N=N1	Z4590919724	no
C#CCCC1(CCNC(=O)c2sc(C3CCN(C(=O)C4CC4)CC3)nc2C)N=N1	Z4590919725	no
C#CCCC1(CCNC(=O)c2ccc(CC(=O)N3CC(C)OCC3C)cc2)N=N1	Z4590919726	no
C#CCCC1(CCNC(=O)C2CCCC2NC(=O)c2ccc(Cl)cc2C)N=N1	Z4590919727	no
C#CCCC1(CCNC(=O)C2CN(S(=O)(=O)c3cccc(C)c3F)CCO2)N=N1	Z4590919728	yes
C#CCCC1(CCNC(=O)c2cccc(C(=O)N[C@H]3CCCC[C@@H]3O)c2)N=N1	Z4590919729	yes
C#CCCC1(CCNC(=O)c2cnc(C(=O)N3CCC(C)CC(C)C3)cn2)N=N1	Z4590919730	yes
C#CCCC1(CCNC(=O)C2(C(F)(F)F)CCN(C(=O)c3csnc3C)C2)N=N1	Z4590919731	yes
C#CCCC1(CCNC(=O)CC2CCCCN2C(=O)c2ccc(C)nn2)N=N1	Z4590919732	yes
C#CCCC1(CCNC(=O)C2CN(S(=O)(=O)c3cc(C)oc3C)CC2C)N=N1	Z4590919733	no
C#CCCC1(CCNC(=O)C2(NC(=O)c3cccc(F)c3C)CCOC2)N=N1	Z4590919734	no
C#CCCC1(CCNC(=O)C2CN(C(=O)C(O)c3ccccc3)CC2C)N=N1	Z4590919735	no
C#CCCC1(CCNC(=O)C2CCCN(C(=O)c3nc(C)sc3C)C2C)N=N1	Z4590919736	no
C#CCCC1(CCNC(=O)C2CCN(c3ncc(S(N)(=O)=O)s3)CC2)N=N1	Z4590919737	no
C#CCCC1(CCNC(=O)C2CCCCN2C(=O)c2c(Cl)cnn2C)N=N1	Z4590919740	no
C#CCCC1(CCNC(=O)C2CCN(C(=O)c3cncc(C)c3)C(C)C2)N=N1	Z4590919741	no
C#CCCC1(CCNC(=O)C2CCN(C(=O)Cc3ccc(O)cc3)C(C)C2)N=N1	Z4590919742	no
C#CCCC1(CCNC(=O)C2CCN(C(=O)Cc3csc(C)n3)C(C)C2)N=N1	Z4590919743	no
C#CCCC1(CCNC(=O)C2CN(c3nc(C)nc(C)c3F)CC2C)N=N1	Z4590919744	no
C#CCCC1(CCNC(=O)[C@H]2CCC[C@H]2NC(=O)c2nn(C)cc2Cl)N=N1	Z4590919745	no
C#CCCC1(CCC(=O)NC[C@@]2(C)COC[C@H]3CCCN32)N=N1	Z4598620788	yes
C#CCCC1(CCC(=O)NC(COC)c2ccnn2C)N=N1	Z4599157017	yes
C#CCCC1(CCC(=O)Nc2nncn2-c2cccnc2)N=N1	Z4599445758	yes
C#CCCC1(CCC(=O)N2CCc3cc(F)cc(C(=O)OC)c3C2)N=N1	Z4612458033	yes
C#CCCC1(CCC(=O)Nc2ccc3scnc3c2)N=N1	Z4635009390	yes
C#CCCC1(CCC(=O)Nc2nc3nccnc3s2)N=N1	Z4771274003	yes
C#CCCC1(CCC(=O)N(Cc2cccnc2)c2ccc3c(c2)OCO3)N=N1	Z4771364446	yes
C#CCCC1(CCC(=O)NC2(C(=O)OC)CCc3c(OC)cccc32)N=N1	Z4781050801	yes
C#CCCC1(CCC(=O)N2C[C@@H]3C[C@H](C2)[C@@H]2CCCCN2C3)N=N1	Z4834798790	yes
C#CCCC1(CCC(=O)NC2CC(C(=O)OC)C23CCC3)N=N1	Z4876763303	yes
C#CCCC1(CCC(=O)N(C)Cc2cccc3cccnc23)N=N1	Z4897125395	yes
C#CCCC1(CCC(=O)N2CC3CC(CN(Cc4ccccc4)C3)C2)N=N1	Z4907056452	yes
C#CCCC1(CCC(=O)N(CCO)C(C)c2ccc3c(c2)OCCO3)N=N1	Z4907555850	yes
C#CCCC1(CCC(=O)Nc2cccc(S(=O)(=O)NC3=NCCC3)c2)N=N1	Z4912319451	yes
C#CCCC1(CCC(=O)N2CCN(S(=O)(=O)c3ccc(OC)cc3)CC2)N=N1	Z4912319570	yes
C#CCCC1(CCC(=O)N2CCN(S(=O)(=O)C=Cc3ccccc3)CC2)N=N1	Z4912319581	yes
C#CCCC1(CCC(=O)N2CCN(S(=O)(=O)c3ccccc3C(F)(F)F)CC2)N=N1	Z4912319582	yes
C#CCCC1(CCC(=O)Nc2ccc(F)c(S(=O)(=O)N3CCOCC3)c2)N=N1	Z4912319602	yes
C#CCCC1(CCC(=O)N2CCN(S(=O)(=O)c3ccc4c(c3)CCC4)CC2)N=N1	Z4912320004	yes
C#CCCC1(CCC(=O)N2CCN(S(=O)(=O)c3c(C)noc3C)CC2)N=N1	Z4912320473	yes
C#CCCC1(CCC(=O)N2CCN(S(=O)(=O)c3ccc4[nH]c(=O)[nH]c4c3)CC2)N=N1	Z4912320656	yes
C#CCCC1(CCC(=O)Nc2cnc3c(c2)c(=O)n(C)c(=O)n3C)N=N1	Z4912320848	yes
C#CCCC1(CCC(=O)Nc2ccc(N3CCCCC3)c3ccncc23)N=N1	Z4912321057	yes
C#CCCC1(CCC(=O)N(Cc2nc3ccccc3c(=O)[nH]2)CC2CCCO2)N=N1	Z4912321232	yes
C#CCCC1(CCC(=O)Nc2ccccc2C(=O)NCCc2ccc(OC)cc2)N=N1	Z4912321235	yes
C#CCCC1(CCC(=O)Nc2ccccc2C(=O)NCc2ccc3c(c2)OCO3)N=N1	Z4912321236	yes
C#CCCC1(CCC(=O)N(CC)CCC(=O)Nc2ccc(C(N)=O)cc2)N=N1	Z4912321254	yes
C#CCCC1(CCC(=O)N2CCN(Cc3nc(N)c4ccccc4n3)CC2)N=N1	Z4912321390	yes
C#CCCC1(CCC(=O)NCC(=O)Nc2ccc3[nH]c(=O)[nH]c3c2)N=N1	Z4912321816	yes
C#CCCC1(CCC(=O)Nc2ccc(CN3C(=O)CNC3=O)cc2)N=N1	Z4912321871	yes
C#CCCC1(CCC(=O)Nc2ccccc2C(=O)Nc2ccc(OCC)cc2)N=N1	Z4912321958	yes
C#CCCC1(CCC(=O)NCCCc2nn(-c3ccccc3)c(N)c2C#N)N=N1	Z4912322055	yes
C#CCCC1(CCC(=O)N2CCNC(=O)C2CC(=O)OC)N=N1	Z4912322685	yes
C#CCCC1(CCC(=O)N2CCN(C(=O)c3ccccc3C(F)(F)F)CC2)N=N1	Z4912322781	yes
C#CCCC1(CCC(=O)Nc2ccc(NC(=O)C(C)n3cncn3)cc2)N=N1	Z4912322794	yes
C#CCCC1(CCC(=O)Nc2ccc(-n3ncc(C(=O)OCC)c3C)cc2)N=N1	Z4912322835	yes
C#CCCC1(CCC(=O)Nc2ccccc2NC(=O)c2ccccc2)N=N1	Z4912322899	yes
C#CCCC1(CCC(=O)Nc2cccc(-n3ncc(C(=O)OCC)c3C)c2)N=N1	Z4912322916	yes
C#CCCC1(CCC(=O)Nc2ccc(NC(=O)c3cccnc3)c(OC)c2)N=N1	Z4912322927	yes
C#CCCC1(CCC(=O)N2CCC(NS(=O)(=O)c3ccc(F)cc3)CC2)N=N1	Z4912322946	yes
C#CCCC1(CCC(=O)Nc2cccc(NC(=O)C(C)n3cccn3)c2)N=N1	Z4912322953	yes
C#CCCC1(CCC(=O)Nc2ccc(-n3ncc4c(=O)[nH]cnc43)cc2)N=N1	Z4912323046	yes
C#CCCC1(CCC(=O)Nc2ccc(-n3ncc(C(N)=O)c3CC)cc2)N=N1	Z4912323099	yes
C#CCCC1(CCC(=O)Nc2cccc(S(=O)(=O)N3CCNC(=O)C3)c2)N=N1	Z4912323123	yes
C#CCCC1(CCC(=O)N2CCN(C(=O)COc3cccc4ccccc34)CC2)N=N1	Z4912323263	yes
C#CCCC1(CCC(=O)NCc2ccc(CN3C(=O)NC(C)(C)C3=O)cc2)N=N1	Z4912323297	yes
C#CCCC1(CCC(=O)NC(C)c2ccc(-n3cc(C(N)=O)nn3)cc2)N=N1	Z4912323298	yes
C#CCCC1(CCC(=O)NCc2ccc(CN3CCCCC3C)cc2)N=N1	Z4912323335	yes
C#CCCC1(CCC(=O)NC(C)c2ccc(NC(=O)Nc3ccccc3)cc2)N=N1	Z4912323378	yes
C#CCCC1(CCC(=O)Nc2ccc(CC(=O)NCC(=O)OC)cc2)N=N1	Z4912323509	yes
C#CCCC1(CCC(=O)NCc2ccc(NC(=O)CCCOc3ccccc3)cc2)N=N1	Z4912323513	yes
C#CCCC1(CCC(=O)NCc2cccc(C(=O)NCc3ccc(C)cc3)c2)N=N1	Z4912323514	yes
C#CCCC1(CCC(=O)Nc2ccc(NC(=O)CCN3C(=O)CNC3=O)cc2)N=N1	Z4912323643	yes
C#CCCC1(CCC(=O)Nc2ccc(CN3CCC(C)CC3)cc2)N=N1	Z4912323659	yes
C#CCCC1(CCC(=O)N2CCN(C(=O)c3cccc(C(F)(F)F)c3)CC2)N=N1	Z4912323665	yes
C#CCCC1(CCC(=O)NCc2ccccc2OCC(=O)NCC2CCCO2)N=N1	Z4912323698	yes
C#CCCC1(CCC(=O)N2CCN(C(=O)c3cccc(Cl)c3Cl)CC2)N=N1	Z4912323744	yes
C#CCCC1(CCC(=O)NCc2ccc(S(=O)(=O)NCC3CCCO3)cc2)N=N1	Z4912323785	yes
C#CCCC1(CCC(=O)Nc2ccccc2N(C)c2ccccc2)N=N1	Z4912323798	yes
C#CCCC1(CCC(=O)Nc2ccc(S(=O)(=O)N=C3CCCN3C)cc2)N=N1	Z4912323853	yes
C#CCCC1(CCC(=O)NCc2ccc(C(=O)N3CCNC(=O)C3)cc2)N=N1	Z4912323864	yes
C#CCCC1(CCC(=O)Nc2cccc(S(=O)(=O)N=C3CCCN3C)c2)N=N1	Z4912323932	yes
C#CCCC1(CCC(=O)NCc2ccc(NC(=O)CN3CCc4ccccc43)cc2)N=N1	Z4912324011	yes
C#CCCC1(CCC(=O)NC(C)c2ccc(OCc3ccncc3)c(OC)c2)N=N1	Z4912324015	yes
C#CCCC1(CCC(=O)Nc2cccc(S(=O)(=O)N=C3CCCCCN3C)c2)N=N1	Z4912324215	yes
C#CCCC1(CCC(=O)Nc2cc(C(=O)Nc3nc(C)cs3)ccc2OC)N=N1	Z4912324296	yes
C#CCCC1(CCC(=O)Nc2ccc(OC)c(OCc3cn4ccccc4n3)c2)N=N1	Z4912324402	yes
C#CCCC1(CCC(=O)Nc2cccc(NC(=O)COc3ccccc3OC)c2)N=N1	Z4912324433	yes
C#CCCC1(CCC(=O)NCc2cccc(NC(=O)Cn3cccn3)c2)N=N1	Z4912324750	yes
C#CCCC1(CCC(=O)Nc2ccc(CCN3CCCCC3)cc2)N=N1	Z4912324791	yes
C#CCCC1(CCC(=O)N(CC)C2CCN(C(C)c3ccccc3)C2)N=N1	Z4912324881	yes
C#CCCC1(CCC(=O)Nc2ccc(OC)c(NC(=O)Nc3ccccc3OC)c2)N=N1	Z4912325017	yes
C#CCCC1(CCC(=O)Nc2cccc(Nc3nc(C)cs3)c2)N=N1	Z4912325060	yes
C#CCCC1(CCC(=O)Nc2ccc(-n3nccc3C(F)(F)F)cc2)N=N1	Z4912325097	yes
C#CCCC1(CCC(=O)Nc2ccc(NC(=O)Cn3cccn3)c(C)c2)N=N1	Z4912325136	yes
C#CCCC1(CCC(=O)N(CC(N)=O)Cc2cccc(Oc3ccccc3)c2)N=N1	Z4912325141	yes
C#CCCC1(CCC(=O)Nc2cccc(S(=O)(=O)N3CCN(C)CC3)c2)N=N1	Z4912325372	yes
C#CCCC1(CCC(=O)NCCNc2cn[nH]c(=O)c2Cl)N=N1	Z4912325481	yes
C#CCCC1(CCC(=O)Nc2ccc3oc(=O)n(CC(=O)N4CCCCC4)c3c2)N=N1	Z4912325616	yes
C#CCCC1(CCC(=O)N(CCN(CC)CC)Cc2ccccc2)N=N1	Z4912328241	yes
C#CCCC1(CCC(=O)N2CCC(c3ncc(-c4ccc(F)c(F)c4)[nH]3)CC2)N=N1	Z4912331216	yes
C#CCCC1(CCC(=O)N2CCCN(S(=O)(=O)c3ccc4c(c3)OCCO4)CC2)N=N1	Z4912331832	yes
C#CCCC1(CCC(=O)N(Cc2ccc3c(c2)CCO3)C2CCN(C(C)=O)CC2)N=N1	Z4912332067	yes
C#CCCC1(CCC(=O)Nc2ccc3c(ccn3CC(=O)N3CCOCC3)c2)N=N1	Z4912332087	yes
C#CCCC1(CCC(=O)Nc2ccccc2CN2CCCC(C(N)=O)C2)N=N1	Z4912332280	yes
C#CCCC1(CCC(=O)Nc2c(NCc3ccccc3)c(=O)[nH]c(=O)n2CCOC)N=N1	Z4912332646	yes
C#CCCC1(CCC(=O)Nc2ccc(Oc3cccc(C(N)=O)c3)nc2)N=N1	Z4912332748	yes
C#CCCC1(CCC(=O)NCc2cccc(S(=O)(=O)N3CCCCC3)c2)N=N1	Z4912333146	yes
C#CCCC1(CCC(=O)N2CCCC(CNS(=O)(=O)c3ccc(C)cc3)C2)N=N1	Z4912333265	yes
C#CCCC1(CCC(=O)NCc2ccc(C3(C)NC(=O)NC3=O)cc2)N=N1	Z4912333451	yes
C#CCCC1(CCC(=O)NCc2ccccc2NS(=O)(=O)c2ccccc2)N=N1	Z4912333795	yes
C#CCCC1(CCC(=O)Nc2ccccc2N2CCN(CCc3ccncc3)CC2)N=N1	Z4912333850	yes
C#CCCC1(CCC(=O)N2CCC(C(=O)c3ccc4c(c3)NC(=O)CO4)CC2)N=N1	Z4912334033	yes
C#CCCC1(CCC(=O)Nc2nc3ccccc3n2CCN(CC)CC)N=N1	Z4912334062	yes
C#CCCC1(CCC(=O)NC(c2nnn[nH]2)c2cc(F)ccc2F)N=N1	Z4912334125	yes
C#CCCC1(CCC(=O)N[C@@H](Cc2cccc(F)c2)CN2C(=O)c3ccccc3C2=O)N=N1	Z4912334216	yes
C#CCCC1(CCC(=O)Nc2ccnn2C2CCCc3ccccc32)N=N1	Z4912334510	yes
C#CCCC1(CCC(=O)N2CCN(C(=O)Cn3cnnn3)CC2)N=N1	Z4912334527	yes
C#CCCC1(CCC(=O)Nc2cccc(NC(=O)NCc3ccncc3)c2)N=N1	Z4912334615	yes
C#CCCC1(CCC(=O)N2CCC(C(=O)c3ccc4c(c3)NC(=O)C(C)O4)CC2)N=N1	Z4912334618	yes
C#CCCC1(CCC(=O)N(CCCN(C)C)C(c2ccccc2)c2ccccc2)N=N1	Z4912334915	yes
C#CCCC1(CCC(=O)NCCc2ccc(OCCN3CCN(C(C)=O)CC3)cc2)N=N1	Z4912335218	yes
C#CCCC1(CCC(=O)NCc2cccc(OCCN(C)C3CCOCC3)c2)N=N1	Z4912335224	yes
C#CCCC1(CCC(=O)NCc2ccc(OCC(=O)Nc3ccc(Cl)cc3)cc2)N=N1	Z4912335494	yes
C#CCCC1(CCC(=O)N=c2sccn2Cc2cc(C(C)=O)ccc2OCC)N=N1	Z4912335753	yes
C#CCCC1(CCC(=O)Nc2cccc(N(CC(N)=O)Cc3ccccc3)c2)N=N1	Z4912336059	yes
C#CCCC1(CCC(=O)NCc2ccccc2-c2ccc(Cn3cncn3)cc2)N=N1	Z4912336069	yes
C#CCCC1(CCC(=O)NCC(Cc2ccc(O)cc2)C(=O)OC)N=N1	Z4912336212	yes
C#CCCC1(CCC(=O)N(CCCn2ccnc2)Cc2ccc(OCC)cc2)N=N1	Z4912336327	yes
C#CCCC1(CCC(=O)N2CCC(C(=O)Nc3cccc(NC(C)=O)c3)CC2)N=N1	Z4912336397	yes
C#CCCC1(CCC(=O)NCCNc2ncnc3c2cnn3C)N=N1	Z4912336423	yes
C#CCCC1(CCC(=O)Nc2cc(C(F)(F)F)ccc2NS(C)(=O)=O)N=N1	Z4912336699	yes
C#CCCC1(CCC(=O)N(C2CC2)C(Cc2ccccc2)C(=O)OCC)N=N1	Z4912337459	yes
C#CCCC1(CCC(=O)Nc2cccc(OCCN3CCCCC3)c2)N=N1	Z4912337742	yes
C#CCCC1(CCC(=O)Nc2ccc(Nc3nc(C)cs3)cc2)N=N1	Z4912337937	yes
C#CCCC1(CCC(=O)Nc2nc(-c3ccc(CCNC(C)=O)cc3)cs2)N=N1	Z4912338147	yes
C#CCCC1(CCC(=O)N2CCN(S(=O)(=O)c3ccc4c(c3)NC(=O)CO4)CC2)N=N1	Z4912338491	yes
C#CCCC1(CCC(=O)Nc2ccc(N3CCN(S(C)(=O)=O)CC3)nc2)N=N1	Z4912340164	yes
C#CCCC1(CCC(=O)N(CC(=O)Nc2ccc(Cl)cc2)Cc2cccnc2)N=N1	Z4912340247	yes
C#CCCC1(CCC(=O)NCC2(NC(C)c3ccccc3)CCCC2)N=N1	Z4912340977	yes
C#CCCC1(CCC(=O)N2CCC(C(=O)Nc3ccc(F)c(Cl)c3)CC2)N=N1	Z4912341125	yes
C#CCCC1(CCC(=O)Nc2n[nH]c3c2c(C)nn3C)N=N1	Z4912341298	yes
C#CCCC1(CCC(=O)Nc2ccc(S(=O)(=O)N3CCCC3)c(OC)c2)N=N1	Z4912341571	yes
C#CCCC1(CCC(=O)Nc2nnc(CCCC(=O)OC)s2)N=N1	Z4912342678	yes
C#CCCC1(CCC(=O)Nc2cc(NC(=O)Cn3[nH]c(=O)ccc3=O)ccc2C)N=N1	Z4912342680	yes
C#CCCC1(CCC(=O)N2CCC(C(=O)N(Cc3ccccc3)C3CC3)CC2)N=N1	Z4912342886	yes
C#CCCC1(CCC(=O)NC(CC(C)C)c2nnn[nH]2)N=N1	Z4912343101	yes
C#CCCC1(CCC(=O)Nc2cc(S(=O)(=O)NC3CCOCC3)ccc2OC)N=N1	Z4912343228	yes
C#CCCC1(CCC(=O)Nc2nc3ccccc3n2Cc2ccc(OC)nc2)N=N1	Z4912343390	yes
C#CCCC1(CCC(=O)Nc2ccc(Oc3ccc(Cl)cc3)cc2C(=O)OC)N=N1	Z4912343468	yes
C#CCCC1(CCC(=O)N2CCN(C(=O)OC(C)(C)C)CC23CCCCC3)N=N1	Z4912343508	yes
C#CCCC1(CCC(=O)NC(c2ccccc2)c2cccc(S(C)(=O)=O)c2)N=N1	Z4912343798	yes
C#CCCC1(CCC(=O)NC(c2ccc(C)cc2)c2cccc(S(C)(=O)=O)c2)N=N1	Z4912343803	yes
C#CCCC1(CCC(=O)NC(C)c2nc(-c3ccccc3OC)no2)N=N1	Z4912343964	yes
C#CCCC1(CCC(=O)NC2CCN(c3sccc3C(=O)OC)C2=O)N=N1	Z4912344348	yes
C#CCCC1(CCC(=O)N(CC(=O)Nc2cccc(C)c2C)CC2CCCO2)N=N1	Z4912344372	yes
C#CCCC1(CCC(=O)NCCNc2cc(C)nc3ncnn23)N=N1	Z4912344475	yes
C#CCCC1(CCC(=O)Nc2cccc(S(=O)(=O)Nc3cn[nH]c3)c2)N=N1	Z4912344484	yes
C#CCCC1(CCC(=O)Nc2ccc(C)c(Oc3ccnc(C(=O)NC)c3)c2)N=N1	Z4912344544	yes
C#CCCC1(CCC(=O)Nc2cc(C(N)=O)ccc2CN2C(=O)CN(C)C2=O)N=N1	Z4912344606	yes
C#CCCC1(CCC(=O)Nc2ccc(S(=O)(=O)NCc3ccccc3)cc2)N=N1	Z4912344611	yes
C#CCCC1(CCC(=O)Nc2ccc(C)cc2Oc2ccnc(C(=O)NC)c2)N=N1	Z4912344840	yes
C#CCCC1(CCC(=O)N2CCC(N(CC3CC3)C(=O)OC(C)(C)C)CC2)N=N1	Z4912344923	yes
C#CCCC1(CCC(=O)NC2(C(N)=O)CCOc3ccccc32)N=N1	Z4912345122	yes
C#CCCC1(CCC(=O)Nc2ccc(OC)c(-n3nnnc3C3CC3)c2)N=N1	Z4912345183	yes
C#CCCC1(CCC(=O)N2CCCC(NC(=O)c3ccc4ccccc4c3)C2)N=N1	Z4912345342	yes
C#CCCC1(CCC(=O)NCCNc2nnnn2-c2ccccc2)N=N1	Z4912345707	yes
C#CCCC1(CCC(=O)N(Cc2c(OC)ncnc2OC)c2cnn(C)c2)N=N1	Z4912346309	yes
C#CCCC1(CCC(=O)NCC(O)CN2C(=O)c3ccccc3C2=O)N=N1	Z4912346554	yes
C#CCCC1(CCC(=O)N2CCC(N(Cc3nnc(C4CC4)n3C)C(C)=O)C2)N=N1	Z4912346574	yes
C#CCCC1(CCC(=O)Nc2c(C)cnn2C2CCN(Cc3ccccc3)C2)N=N1	Z4912346694	yes
C#CCCC1(CCC(=O)NC2C3CCCC2CC(NC(=O)OC(C)(C)C)C3)N=N1	Z4912347371	yes
C#CCCC1(CCC(=O)NCc2ccccc2CS(=O)(=O)N2CCCC2)N=N1	Z4912347410	yes
C#CCCC1(CCC(=O)NNc2ccc(C(=O)OC)cc2OC)N=N1	Z4912347528	yes
C#CCCC1(CCC(=O)NCCCN(C2CC2)S(=O)(=O)c2cccc(F)c2)N=N1	Z4912347547	yes
C#CCCC1(CCC(=O)N(C)CCCc2n[nH]c(N)c2C#N)N=N1	Z4912347837	yes
C#CCCC1(CCC(=O)Nc2cc(C)n(CCCOc3ccc(F)cc3)n2)N=N1	Z4912348371	yes
C#CCCC1(CCC(=O)Nc2ccc(CC3NC(=O)NC3=O)cc2)N=N1	Z4912348472	yes
C#CCCC1(CCC(=O)N2CCCC(c3n[nH]cc3NC(=O)NCC)C2)N=N1	Z4912349227	yes
C#CCCC1(CCC(=O)N2CCCC(S(=O)(=O)N3CCc4ccccc43)C2)N=N1	Z4912349238	yes
C#CCCC1(CCC(=O)N2CCN(C3CCCN(c4cc(C)nn4C)C3=O)CC2)N=N1	Z4912349365	yes
C#CCCC1(CCC(=O)NC(CC(=O)OC)c2ccc(-c3ccccc3)cc2)N=N1	Z4912350364	yes
C#CCCC1(CCC(=O)Nc2cc(F)cc(NC3CCN(S(C)(=O)=O)CC3)c2)N=N1	Z4912350388	yes
C#CCCC1(CCC(=O)N2CCCC(N3CCN(C(=O)OC(C)(C)C)CC3=O)C2)N=N1	Z4912350639	yes
C#CCCC1(CCC(=O)N2CCN(c3ccccc3S(N)(=O)=O)CC2)N=N1	Z4912352157	yes
C#CCCC1(CCC(=O)Nc2ccc(S(=O)(=O)NC3CCOCC3)cc2)N=N1	Z4912352607	yes
C#CCCC1(CCC(=O)Nc2ccn(C3CCN(C(=O)OC(C)(C)C)C3)n2)N=N1	Z4912352770	yes
C#CCCC1(CCC(=O)N2CCC(n3cnc(C(=O)OCC)c3N)CC2)N=N1	Z4912353338	yes
C#CCCC1(CCC(=O)NCC(=O)Nc2ccn(C)n2)N=N1	Z4912353405	yes
C#CCCC1(CCC(=O)NCCC2C(=O)N(Cc3ccccc3C)N=C2CC)N=N1	Z4912353600	yes
C#CCCC1(CCC(=O)N2CCn3c(nnc3-c3cncc(Br)c3)C2)N=N1	Z4912353821	yes
C#CCCC1(CCC(=O)Nc2ccc(OC)c(S(=O)(=O)NC3CCOC3)c2)N=N1	Z4912353837	yes
C#CCCC1(CCC(=O)NCC(Cc2cccc(F)c2)C(=O)N2CCOCC2)N=N1	Z4912353892	yes
C#CCCC1(CCC(=O)Nc2cccc(N3C(=O)NC(C)(C)C3=O)c2)N=N1	Z4912353921	yes
C#CCCC1(CCC(=O)N2CCC(O)(c3nnn[nH]3)CC2)N=N1	Z4912354496	yes
C#CCCC1(CCC(=O)Nc2cccc(N3C(=O)CCNC3=O)c2C)N=N1	Z4912354884	yes
C#CCCC1(CCC(=O)NCC2CCn3ncc(C(=O)NC(C)C)c3C2)N=N1	Z4912355181	yes
C#CCCC1(CCC(=O)NCc2cccc(N3C(=O)NC(C)(C4CC4)C3=O)c2)N=N1	Z4912355208	yes
C#CCCC1(CCC(=O)NC(C)C(=O)N2CCCC(C(=O)OC)C2)N=N1	Z4912355322	yes
C#CCCC1(CCC(=O)Nc2nc(COC)c(C(=O)OC)s2)N=N1	Z4912355817	yes
C#CCCC1(CCC(=O)NC(CC)(C(=O)OC)c2ccc(Cl)cc2)N=N1	Z4912356003	yes
C#CCCC1(CCC(=O)Nc2ncc(C3CCN(C(=O)OC(C)(C)C)CC3)s2)N=N1	Z4912356149	yes
C#CCCC1(CCC(=O)NCC2(OC)CCC(c3ccccc3)CC2)N=N1	Z4912356253	yes
C#CCCC1(CCC(=O)Nc2nc3c(s2)C[C@@H](NC(=O)OC(C)(C)C)CC3)N=N1	Z4912356325	yes
C#CCCC1(CCC(=O)Nc2nc(C3CCN(C(=O)OC(C)(C)C)CC3)cs2)N=N1	Z4912356447	yes
C#CCCC1(CCC(=O)NCC(=O)Nc2ccc(-n3cncn3)cc2)N=N1	Z4912356742	yes
C#CCCC1(CCC(=O)N(C)CC(=O)Nc2ccccc2C(=O)OC)N=N1	Z4912356773	yes
C#CCCC1(CCC(=O)Nc2cccc(-n3cn[nH]c3=O)c2C)N=N1	Z4912356816	yes
C#CCCC1(CCC(=O)Nc2ccc(Oc3ccnc(C(=O)NC)c3)c(F)c2)N=N1	Z4912356837	yes
C#CCCC1(CCC(=O)NNc2ccccc2S(=O)(=O)N(C)C)N=N1	Z4912357265	yes
C#CCCC1(CCC(=O)Nc2ccc3c(c2)C(F)(F)C(=O)N3CC(=O)OCC)N=N1	Z4912357395	yes
C#CCCC1(CCC(=O)NNC(=O)C2C(=O)Nc3ccccc3C2=O)N=N1	Z4912357629	yes
C#CCCC1(CCC(=O)N2CCC(C(=O)OCC)(C(=O)c3ccccc3)CC2)N=N1	Z4912357812	yes
C#CCCC1(CCC(=O)N2CC(C)(C)C2C2CCN(Cc3ccccc3)CC2)N=N1	Z4912357827	yes
C#CCCC1(CCC(=O)NCC2CN(C(=O)OC(C)(C)C)CCC2c2ccc(F)cc2)N=N1	Z4912358101	yes
C#CCCC1(CCC(=O)N2CCC(c3ccc(F)cc3)C(NC(=O)OC(C)(C)C)C2)N=N1	Z4912358668	yes
C#CCCC1(CCC(=O)Nc2cccc(Cc3nn[nH]n3)c2)N=N1	Z4912358806	yes
C#CCCC1(CCC(=O)Nc2cc(-c3n[nH]c(C)n3)ccn2)N=N1	Z4912358811	yes
C#CCCC1(CCC(=O)NCCC(=O)Nc2ncc[nH]2)N=N1	Z4912358830	yes
C#CCCC1(CCC(=O)NCc2nnc(-c3ccncc3)[nH]2)N=N1	Z4912358976	yes
C#CCCC1(CCC(=O)NCCCCn2cc(C(N)=O)nn2)N=N1	Z4912359069	yes
C#CCCC1(CCC(=O)NCCCNc2cc(OC)ncn2)N=N1	Z4912359105	yes
C#CCCC1(CCC(=O)NC(CCC(=O)OC)CC2CCCCC2)N=N1	Z4912359137	yes
C#CCCC1(CCC(=O)Nc2ccc(C(N)=O)cc2OC(C)C)N=N1	Z4912359284	yes
C#CCCC1(CCC(=O)N(C)CCCn2cnc3c(N)ncnc32)N=N1	Z4912359302	yes
C#CCCC1(CCC(=O)N2CCc3[nH]cnc3C2c2ccc(Br)cc2)N=N1	Z4912359382	yes
C#CCCC1(CCC(=O)N2CC3(CCN(C(=O)OC(C)(C)C)CC3)CC2C)N=N1	Z4912359493	yes
C#CCCC1(CCC(=O)N2CCC(c3cc(=O)[nH]c(=O)[nH]3)C2)N=N1	Z4912360365	yes
C#CCCC1(CCC(=O)NCc2nc(C)c(C(N)=O)s2)N=N1	Z4912361030	yes
C#CCCC1(CCC(=O)N2CCCC(C3CCCCN3C(=O)OC(C)(C)C)C2)N=N1	Z4912361092	yes
C#CCCC1(CCC(=O)NC2CN(C(=O)OC(C)(C)C)CCC2c2ccccc2)N=N1	Z4912361455	yes
C#CCCC1(CCC(=O)N2CCC(N(C(=O)C(F)(F)F)c3cccnc3)CC2)N=N1	Z4912361555	yes
C#CCCC1(CCC(=O)N2C[C@@H](N3C(=O)CNC3=O)C[C@H]2C(=O)OC)N=N1	Z4912362593	yes
C#CCCC1(CCC(=O)N2CC3OC(=O)N(C4CCN(C(=O)OCc5ccccc5)CC4)C3C2)N=N1	Z4912362844	yes
C#CCCC1(CCC(=O)NC2(C(=O)OC)CCc3cc(Br)ccc3C2)N=N1	Z4912362996	yes
C#CCCC1(CCC(=O)NC2(C(=O)OC)CC2(C)c2ccc(Br)cc2)N=N1	Z4912363018	yes
C#CCCC1(CCC(=O)Nc2[nH]ncc2C(=O)NCc2ccc(OC)cc2)N=N1	Z4912363287	yes
C#CCCC1(CCC(=O)NC2C3CCCN(C(=O)OC(C)(C)C)C3C2(C)C)N=N1	Z4912363427	yes
C#CCCC1(CCC(=O)NNc2ncccc2C(=O)OC(C)(C)C)N=N1	Z4912363564	yes
C#CCCC1(CCC(=O)NC(c2ccccc2)c2nnn[nH]2)N=N1	Z4912363620	yes
C#CCCC1(CCC(=O)NC(CO)C(O)c2ccccn2)N=N1	Z4912363694	yes
C#CCCC1(CCC(=O)Nc2cccc(S(=O)(=O)NCCN(C)CCOC)c2)N=N1	Z4912363783	yes
C#CCCC1(CCC(=O)NCc2ccc(CN3C(=O)CNC3=O)cc2)N=N1	Z4912364042	yes
C#CCCC1(CCC(=O)N(C)C[C@H]2CCCCN2Cc2ccccc2)N=N1	Z4912364307	yes
C#CCCC1(CCC(=O)NC2CCN(Cc3cn(C)nc3C(N)=O)C2)N=N1	Z4912364509	yes
C#CCCC1(CCC(=O)NC2CCCCC23CCN(C(=O)OC(C)(C)C)CC3)N=N1	Z4912364666	yes
C#CCCC1(CCC(=O)NCCC2(O)C(=O)Nc3ccccc32)N=N1	Z4912364814	yes
C#CCCC1(CCC(=O)NC2(c3ccc(Br)cc3)CN(C(=O)OC(C)(C)C)C2)N=N1	Z4912364842	yes
C#CCCC1(CCC(=O)NCCc2nnc3n2CCN(C)C3=O)N=N1	Z4912364860	yes
C#CCCC1(CCC(=O)NCc2cn(C3CC3)c(=O)[nH]c2=O)N=N1	Z4912364980	yes
C#CCCC1(CCC(=O)NCc2nnc3n2CCNC3=O)N=N1	Z4912364983	yes
C#CCCC1(CCC(=O)N2CC(n3cc(CNC(=O)OC(C)(C)C)nn3)C2)N=N1	Z4912365124	yes
C#CCCC1(CCC(=O)NCCn2ccc(=O)[nH]c2=O)N=N1	Z4912365182	yes
C#CCCC1(CCC(=O)NC2CCN(c3nc(C)cc(=O)[nH]3)C2)N=N1	Z4912365200	yes
C#CCCC1(CCC(=O)NCc2nnc3c(=O)[nH]ccn23)N=N1	Z4912365276	yes
C#CCCC1(CCC(=O)NC2CCN(C(=O)OC(C)(C)C)C3(CCCCC3)C2)N=N1	Z4912365324	yes
C#CCCC1(CCC(=O)N2CCCCC3(CCN(C(=O)OC(C)(C)C)C3)C2)N=N1	Z4912365327	yes
C#CCCC1(CCC(=O)Nc2ccc3[nH]c(C4CCN(C(=O)OC(C)(C)C)CC4)nc3c2)N=N1	Z4912365491	yes
C#CCCC1(CCC(=O)Nc2ccn(CCN3CCNC3=O)n2)N=N1	Z4912365707	yes
C#CCCC1(CCC(=O)N2CC(n3cnc4c(N)nc(N)nc43)C2)N=N1	Z4912365812	yes
C#CCCC1(CCC(=O)N2CCC(OC3CN(C(=O)OC(C)(C)C)C3)CC2)N=N1	Z4912365965	yes
C#CCCC1(CCC(=O)NCCC2(O)CN(C(c3ccccc3)c3ccccc3)C2)N=N1	Z4912366171	yes
C#CCCC1(CCC(=O)N2CC(C(=O)N3CCOCC3)C(c3cn(C)cn3)C2)N=N1	Z4912366195	yes
C#CCCC1(CCC(=O)N2CCCCC2C2(CNC(=O)OC(C)(C)C)CCC2)N=N1	Z4912366267	yes
C#CCCC1(CCC(=O)NCC2CC(c3nncn3C)CC2O)N=N1	Z4912366305	yes
C#CCCC1(CCC(=O)NCC2CC(c3nn(C)c(=O)n3C)CC2O)N=N1	Z4912366322	yes
C#CCCC1(CCC(=O)NC2CCc3cc(C(=O)OC)ccc3NC2=O)N=N1	Z4912366394	yes
C#CCCC1(CCC(=O)NCCc2nnc3c(=O)n(C4CC4)ccn23)N=N1	Z4912366413	yes
C#CCCC1(CCC(=O)NC2CCN(c3nc(COC)cc(=O)[nH]3)C2)N=N1	Z4912366420	yes
C#CCCC1(CCC(=O)N2CCN(c3nc(N)nc(C(=O)OCC)n3)CC2)N=N1	Z4912366746	yes
C#CCCC1(CCC(=O)N2CCCCC(C3CN(C(=O)OC(C)(C)C)C3)C2)N=N1	Z4912366854	yes
C#CCCC1(CCC(=O)NCC2CCC(c3nc(C)n[nH]3)O2)N=N1	Z4912367014	yes
C#CCCC1(CCC(=O)NCc2nc(-c3nn[nH]n3)cs2)N=N1	Z4912367065	yes
C#CCCC1(CCC(=O)NC2CCOCC2Nc2ccncn2)N=N1	Z4912367279	yes
C#CCCC1(CCC(=O)NCCNc2ccc(C(=O)OCC)cn2)N=N1	Z4912367334	yes
C#CCCC1(CCC(=O)NCc2ccc(Oc3ccnc(C(=O)NC)c3)cc2)N=N1	Z4912367352	yes
C#CCCC1(CCC(=O)N2CC3c4ccccc4OCC3(C(=O)OC(C)(C)C)C2)N=N1	Z4912367530	yes
C#CCCC1(CCC(=O)Nc2ncc(C(=O)OC)cc2O)N=N1	Z4912367582	yes
C#CCCC1(CCC(=O)NC(Cc2cccc(Oc3ccccc3)c2)C(=O)OC)N=N1	Z4912367656	yes
C#CCCC1(CCC(=O)N2C[C@H](O)C[C@H]2c2n[nH]c(CC)n2)N=N1	Z4912367711	yes
C#CCCC1(CCC(=O)NCCCc2cn(CC(=O)OC)nn2)N=N1	Z4912367712	yes
C#CCCC1(CCC(=O)N2CCN(S(=O)(=O)c3cccc4cnccc34)CC2)N=N1	Z4912368622	yes
C#CCCC1(CCC(=O)Nc2nc3n(n2)CCC(=O)N3)N=N1	Z4912368684	yes
C#CCCC1(CCC(=O)NC2(C(=O)OC)CCC(C)c3ccccc32)N=N1	Z4912368696	yes
C#CCCC1(CCC(=O)N2CCC(c3nc(C)c(C(=O)OCC)[nH]3)CC2)N=N1	Z4912368800	yes
C#CCCC1(CCC(=O)NC2CN(C(=O)OC(C)(C)C)CC2Cc2ccccc2)N=N1	Z4912368874	yes
C#CCCC1(CCC(=O)NCC2CC(=O)N(C)C2c2cnn(Cc3ccccc3)c2)N=N1	Z4912369015	yes
C#CCCC1(CCC(=O)NCC2CCCC23CCN(C(=O)OC(C)(C)C)CC3)N=N1	Z4912369204	yes
C#CCCC1(CCC(=O)NCC2CN(C(=O)OC(C)(C)C)CCC23CCC3)N=N1	Z4912369205	yes
C#CCCC1(CCC(=O)NCC2CN(C(=O)OC(C)(C)C)CCC23CCOC3)N=N1	Z4912369481	yes
C#CCCC1(CCC(=O)NC2(c3ccc(O)cc3)CC(C(=O)OC)C2)N=N1	Z4912369556	yes
C#CCCC1(CCC(=O)NCCC2CCCCN2S(=O)(=O)c2ccc(Cl)cc2)N=N1	Z4912369564	yes
C#CCCC1(CCC(=O)NC2CN(C(=O)OC(C)(C)C)CC2n2cccn2)N=N1	Z4912369611	yes
C#CCCC1(CCC(=O)NCC[C@@H]2CC[C@H]3C[C@@H]2C3(C)C)N=N1	Z4912369671	yes
C#CCCC1(CCC(=O)NCC2CC(=O)N(CCOC)C2c2cnn(C(C)C)c2)N=N1	Z4912369770	yes
C#CCCC1(CCC(=O)N2CCC(Nc3nc(N)n[nH]3)CC2)N=N1	Z4912370059	yes
C#CCCC1(CCC(=O)Nc2nc3n(n2)CC(C(=O)OC)CC3)N=N1	Z4912370208	yes
C#CCCC1(CCC(=O)Nc2cc(-c3ccccc3C(F)(F)F)[nH]n2)N=N1	Z4912370209	yes
C#CCCC1(CCC(=O)Nc2nc(CC)c(C(=O)OCC)[nH]2)N=N1	Z4912370229	yes
C#CCCC1(CCC(=O)NC(CC2CCCCC2)C(=O)OC(C)(C)C)N=N1	Z4912370318	yes
C#CCCC1(CCC(=O)N2Cc3n[nH]cc3C2C(N)=O)N=N1	Z4912370373	yes
C#CCCC1(CCC(=O)NCc2ncoc2C2CN(C(=O)OC(C)(C)C)C2)N=N1	Z4912370385	yes
C#CCCC1(CCC(=O)Nc2nc(C3CCCN(C(=O)OC(C)(C)C)C3)nn2C)N=N1	Z4912370514	yes
C#CCCC1(CCC(=O)N2CC3(C2)C(C(=O)OC)CCS3(=O)=O)N=N1	Z4912370740	yes
C#CCCC1(CCC(=O)NC(C)c2nc(C(=O)OCC)c(N)s2)N=N1	Z4912371237	yes
C#CCCC1(CCC(=O)Nc2nccc3cc(C(=O)OC)cnc23)N=N1	Z4912371271	yes
C#CCCC1(CCC(=O)N2CC(=O)NC(c3ccccc3)C2C(=O)OC)N=N1	Z4912371359	yes
C#CCCC1(CCC(=O)NCC2CCC3(CCN(C(=O)OC(C)(C)C)CC3)CO2)N=N1	Z4912371364	yes
C#CCCC1(CCC(=O)NCC2(c3ccccc3)CC3(CN(C(=O)OC(C)(C)C)C3)C2)N=N1	Z4912371534	yes
C#CCCC1(CCC(=O)NCCC2CN(c3ncnc4[nH]ncc34)c3ccccc32)N=N1	Z4912371576	yes
C#CCCC1(CCC(=O)Nc2c(C(=O)OCC)nnn2-c2ccc(OC)cc2)N=N1	Z4912372127	yes
C#CCCC1(CCC(=O)NC2CC(C(=O)OC)S(=O)(=O)C2)N=N1	Z4912372152	yes
C#CCCC1(CCC(=O)NC(C)(CO)c2cccc(C(=O)OC)c2)N=N1	Z4912372187	yes
C#CCCC1(CCC(=O)Nc2cc(C(N)=O)ccc2NC2CC2)N=N1	Z4912372260	yes
C#CCCC1(CCC(=O)Nc2nc3cc(C(=O)OC)ccc3[nH]2)N=N1	Z4912372310	yes
C#CCCC1(CCC(=O)NC2CCC3(CC2)CCN(C(=O)OC(C)(C)C)C3)N=N1	Z4912372405	yes
C#CCCC1(CCC(=O)N2CCn3ncc(S(N)(=O)=O)c3C2)N=N1	Z4912372472	yes
C#CCCC1(CCC(=O)Nc2cc3cn[nH]c3cc2C(=O)OC)N=N1	Z4912372706	yes
C#CCCC1(CCC(=O)NC23CCC(CNC(=O)OC(C)(C)C)(CC2)OC3)N=N1	Z4912372781	yes
C#CCCC1(CCC(=O)NC2CCCCC23CCN(C(=O)OC(C)(C)C)C3)N=N1	Z4912372788	yes
C#CCCC1(CCC(=O)Nc2c[nH]nc2C(=O)NC2CC2)N=N1	Z4912372801	yes
C#CCCC1(CCC(=O)N2CCC3(CC2)NC(=O)N(CC(=O)OC(C)(C)C)C3=O)N=N1	Z4912372826	yes
C#CCCC1(CCC(=O)Nc2nc(Br)c(C(=O)OCC)[nH]2)N=N1	Z4912372923	yes
C#CCCC1(CCC(=O)NC2CN(C(=O)OC(C)(C)C)CCC23CCOCC3)N=N1	Z4912373401	yes
C#CCCC1(CCC(=O)Nc2ccc(F)c(NS(=O)(=O)Cc3ccccc3)c2)N=N1	Z4912373413	yes
C#CCCC1(CCC(=O)Nc2ccc(C3CCN(C(=O)OC(C)(C)C)CC3)cn2)N=N1	Z4912373421	yes
C#CCCC1(CCC(=O)Nc2ccc3nc(N)nc(N)c3c2)N=N1	Z4912373434	yes
C#CCCC1(CCC(=O)NC23CC4CC(C2)CC(NC(=O)OC(C)(C)C)(C4)C3)N=N1	Z4912373497	yes
C#CCCC1(CCC(=O)Nc2nn(C)c3c2CCN(C(=O)OC(C)(C)C)C3)N=N1	Z4912373748	yes
C#CCCC1(CCC(=O)N(CC2CCOCC2)C2CN(C(=O)OC(C)(C)C)C2)N=N1	Z4912373893	yes
C#CCCC1(CCC(=O)NCC2(C3CCN(C(=O)OC(C)(C)C)CC3)CCOCC2)N=N1	Z4912374052	yes
C#CCCC1(CCC(=O)N2CCN(Cc3ccccc3)C(c3ccnn3C)C2)N=N1	Z4912374103	yes
C#CCCC1(CCC(=O)NC2CCC3(CC2)CC(NC(=O)OC(C)(C)C)C3)N=N1	Z4912374133	yes
C#CCCC1(CCC(=O)N[C@H]2CC[C@]3(CC2)CN(C(=O)OC(C)(C)C)CCO3)N=N1	Z4912374135	yes
C#CCCC1(CCC(=O)NC(C)CC2CC3CCC(C2)N3C(=O)OC(C)(C)C)N=N1	Z4912374136	yes
C#CCCC1(CCC(=O)N2CCN(C(=O)OC(C)(C)C)CC2c2ccccn2)N=N1	Z4912374208	yes
C#CCCC1(CCC(=O)N2CCOCC3(COCCN3Cc3ccccc3)C2)N=N1	Z4912374431	yes
C#CCCC1(CCC(=O)N2CCN(C(=O)OC(C)(C)C)CC2c2ccnn2C)N=N1	Z4912374433	yes
C#CCCC1(CCC(=O)Nc2ccc(N3CCCNS3(=O)=O)cc2)N=N1	Z4912374456	yes
C#CCCC1(CCC(=O)Nc2nc(-c3ccccn3)nn2-c2ccccc2)N=N1	Z4912374472	yes
C#CCCC1(CCC(=O)NCC2OC(=O)CC23CCN(C(=O)OC(C)(C)C)CC3)N=N1	Z4912374589	yes
C#CCCC1(CCC(=O)Nc2cnn(C3COCCN(C(=O)OC(C)(C)C)C3)c2)N=N1	Z4912374667	yes
C#CCCC1(CCC(=O)NCc2nc(C(O)C3CC3)n[nH]2)N=N1	Z4912374774	yes
C#CCCC1(CCC(=O)N2CCC(C(=O)OCC)C23CCS(=O)(=O)CC3)N=N1	Z4912374824	yes
C#CCCC1(CCC(=O)N2CC(c3ocnc3CO)C2)N=N1	Z4912375081	yes
C#CCCC1(CCC(=O)NCC2CCC3CN(C(=O)OC(C)(C)C)CCC3C2)N=N1	Z4912375259	yes
C#CCCC1(CCC(=O)NCC23CC4CC(C2)CC(NC(=O)OC(C)(C)C)(C4)C3)N=N1	Z4912375267	yes
C#CCCC1(CCC(=O)NCc2c[nH]nc2-c2ccnn2C)N=N1	Z4912375344	yes
C#CCCC1(CCC(=O)NCc2nn(C)c3c2CN(C(=O)OC(C)(C)C)CC3)N=N1	Z4912375377	yes
C#CCCC1(CCC(=O)NCC2(CO)CC23CCN(C(=O)OC(C)(C)C)CC3)N=N1	Z4912375380	yes
C#CCCC1(CCC(=O)NC2CCC3(CCCN3C(=O)OC(C)(C)C)CC2)N=N1	Z4912375624	yes
C#CCCC1(CCC(=O)NC2CN(C(=O)OC(C)(C)C)Cc3ccnn3C2)N=N1	Z4912375627	yes
C#CCCC1(CCC(=O)NC2CCC3(CC2)CCN(C(=O)OC(C)(C)C)CC3)N=N1	Z4912375636	yes
C#CCCC1(CCC(=O)N[C@H]2C[C@@](NC(=O)OC(C)(C)C)(c3ccccc3)C2)N=N1	Z4912375640	yes
C#CCCC1(CCC(=O)NC2(CNC(=O)OC(C)(C)C)CC3CCC2CC3)N=N1	Z4912375647	yes
C#CCCC1(CCC(=O)Nc2nc(C3CN(C(=O)OC(C)(C)C)C3)cs2)N=N1	Z4912376400	yes
C#CCCC1(CCC(=O)Nc2ccc(-c3cccnc3)c3cccnc23)N=N1	Z4912376491	yes
C#CCCC1(CCC(=O)NC2(c3nnn[nH]3)CCOCC2)N=N1	Z4912376819	yes
C#CCCC1(CCC(=O)N2CC(c3n[nH]c(C(=O)OCC)n3)C2)N=N1	Z4912377543	yes
C#CCCC1(CCC(=O)NCC2C(c3ccccc3)CN2C(=O)OC(C)(C)C)N=N1	Z4912378004	yes
C#CCCC1(CCC(=O)NCC2CN(Cc3ccccc3)Cc3nccn3C2)N=N1	Z4912378606	yes
C#CCCC1(CCC(=O)NC(C)c2nnc(C(C)O)[nH]2)N=N1	Z4912380414	yes
C#CCCC1(CCC(=O)NCC2CCN(C(=O)OC(C)(C)C)C3(CCC3)C2)N=N1	Z4912380633	yes
C#CCCC1(CCC(=O)NC2(c3nc(Br)cs3)CN(C(=O)OC(C)(C)C)C2)N=N1	Z4912381201	yes
C#CCCC1(CCC(=O)Nc2cccc3c(C(=O)OC)nn(COC)c23)N=N1	Z4912381212	yes
C#CCCC1(CCC(=O)NCC(=O)N[C@@H](C(=O)OC)c2ccc(O)cc2)N=N1	Z4912381232	yes
C#CCCC1(CCC(=O)Nc2cnc(NC(=O)c3cccc(O)c3)c(C)c2)N=N1	Z4912381753	yes
C#CCCC1(CCC(=O)NCCn2c(=O)[nH]c3ccccc3c2=O)N=N1	Z4912381842	yes
C#CCCC1(CCC(=O)N2CC(Cn3cc(C(=O)OC)nn3)C2)N=N1	Z4912381983	yes
C#CCCC1(CCC(=O)NCC2CN(C(=O)OC(C)(C)C)C3CCCCC23)N=N1	Z4912382216	yes
C#CCCC1(CCC(=O)NCc2nn(C)cc2S(N)(=O)=O)N=N1	Z4912382541	yes
C#CCCC1(CCC(=O)NCCn2c(=O)[nH]c3cccnc32)N=N1	Z4912383003	yes
C#CCCC1(CCC(=O)N2CC(n3cc(C(=O)OCC)c(C(F)(F)F)n3)C2)N=N1	Z4912384281	yes
C#CCCC1(CCC(=O)NCC2CCCC3(CN(C(=O)OC(C)(C)C)C3)O2)N=N1	Z4912385607	yes
C#CCCC1(CCC(=O)NC2CN(S(=O)(=O)c3cnn(C)c3)C2)N=N1	Z4912386275	yes
C#CCCC1(CCC(=O)NC2CN(C(=O)OC(C)(C)C)CCC2c2ccc(C(F)(F)F)cc2)N=N1	Z4912387084	yes
C#CCCC1(CCC(=O)N2CCC3(CC2)CN(CC(=O)OC(C)(C)C)C(=O)O3)N=N1	Z4912387328	yes
C#CCCC1(CCC(=O)NCC2(C3CCC3)CCN(C(=O)OC(C)(C)C)CC2)N=N1	Z4912388132	yes
C#CCCC1(CCC(=O)N2CC(c3nc4c(cnn4C)c(=O)[nH]3)C2)N=N1	Z4912388528	yes
C#CCCC1(CCC(=O)N2CC(c3nnc4n3CCOC4)C2)N=N1	Z4912389388	yes
C#CCCC1(CCC(=O)NCC2(c3ccncc3)CN(C(=O)OC(C)(C)C)C2)N=N1	Z4912389450	yes
C#CCCC1(CCC(=O)N2CCCC3C2C2CCC3N2C(=O)OC(C)(C)C)N=N1	Z4912390343	yes
C#CCCC1(CCC(=O)Nc2ncccc2N2CCN(C(=O)OC(C)(C)C)CC2)N=N1	Z4912390359	yes
C#CCCC1(CCC(=O)N2CCCCC2CC[C@H]2CCCN2C(=O)OC(C)(C)C)N=N1	Z4912390755	yes
C#CCCC1(CCC(=O)Nc2cc(C(N)=O)cc3cccnc23)N=N1	Z4912391934	yes
C#CCCC1(CCC(=O)N(C)C2(C3CCCCN3C(=O)OC(C)(C)C)CC2)N=N1	Z4912392037	yes
C#CCCC1(CCC(=O)N2CCC(NC(=O)OC(C)(C)C)CC2c2ccccc2OC)N=N1	Z4912392167	yes
C#CCCC1(CCC(=O)Nc2cncc(N3CCN(C(=O)OC(C)(C)C)CC3)c2)N=N1	Z4912392320	yes
C#CCCC1(CCC(=O)NCC23CCCC(CN(C(=O)OC(C)(C)C)C2)C3)N=N1	Z4912392512	yes
C#CCCC1(CCC(=O)Nc2ccc(NC(=O)c3cnc4cc(OC)ccn34)c(C)c2)N=N1	Z4912392547	yes
C#CCCC1(CCC(=O)N2CCCCC2C2CCCCN2C(=O)OC(C)(C)C)N=N1	Z4912392588	yes
C#CCCC1(CCC(=O)Nc2nc(C3(C(=O)OC)CC3)cs2)N=N1	Z4912393389	yes
C#CCCC1(CCC(=O)Nc2ccc(C3CN(C(=O)OC(C)(C)C)CC3C)cc2)N=N1	Z4912393709	yes
C#CCCC1(CCC(=O)Nc2ccc(C34CC3CN(C(=O)OC(C)(C)C)C4)cc2)N=N1	Z4912393712	yes
C#CCCC1(CCC(=O)N[C@@H](Cc2cnn(C)c2O)C(=O)OC)N=N1	Z4912393721	yes
C#CCCC1(CCC(=O)NC2C3C=CC(C3)C2C(=O)OC)N=N1	Z4935106109	yes
C#CCCC1(CCC(=O)NC2CCN3CCCCC3C2)N=N1	Z4959664240	yes
C#CCCC1(CCC(=O)N(C)C(C(=O)OC)C2CCOCC2)N=N1	Z4960974347	yes
C#CCCC1(CCC(=O)N2CCC3(CC2)COC(CC(=O)OC)C3)N=N1	Z4961361586	yes
C#CCCC1(CCC(=O)NCc2cnc(C(=O)OC)s2)N=N1	Z4961394873	yes
C#CCCC1(CCC(=O)NC(C)c2cc3ccccc3cn2)N=N1	Z4980780122	yes
C#CCCC1(CCC(=O)Nc2cnc3ccc(C(=O)OCC)cn23)N=N1	Z4980908136	yes
C#CCCC1(CCC(=O)Nc2ccc3cc(NC(=O)CCc4c(C)nc5nc(C(F)(F)F)nn5c4C)cnc3c2)N=N1	Z4991664518	yes
C#CCCC1(CCC(=O)Nc2cnn3c2OCC(C)C3)N=N1	Z5008318367	yes
C#CCCC1(CCC(=O)N2CCC(c3cn4ccsc4n3)CC2)N=N1	Z5008404994	yes
C#CCCC1(CCC(=O)NC2CC3(C(=O)OC)COC2C3)N=N1	Z5008919336	yes
C#CCCC1(CCC(=O)NC2CN(c3nncs3)C2)N=N1	Z5014415921	yes
C#CCCC1(CCC(=O)N2CCC(N(C)Cc3ccc(F)c(F)c3)C2)N=N1	Z5014637931	yes
C#CCCC1(CCC(=O)NCC2CCCN2Cc2ccccn2)N=N1	Z5014685829	yes
C#CCCC1(CCC(=O)N(Cc2nccs2)CC2CC2)N=N1	Z5014808974	yes
C#CCCC1(CCC(=O)Nc2ccc3c(c2)[nH]c(=O)n3C)N=N1	Z5020475488	yes
C#CCCC1(CCC(=O)ON2C(=O)CCC2=O)N=N1	Z5033036110	yes
C#CCCC1(CCC(=O)N2CCC(c3cc(C4CCCO4)n[nH]3)CC2)N=N1	Z5035174061	yes
C#CCCC1(CCC(=O)NCC2CCN(c3nncs3)CC2)N=N1	Z5035200299	yes
C#CCCC1(CCC(=O)NC2COC3(C(=O)OC)CC2C3)N=N1	Z5035415419	yes
C#CCCC1(CCOc2ccc(NC(=O)CCCCCCC(=O)NO)cc2)N=N1	Z5036081557	yes
C#CCCC1(CCC(=O)N2CC(C(=O)OC)C(c3ccncc3)C2)N=N1	Z5054201751	yes
C#CCCC1(CCC(=O)N2C3CCCC2C(C(=O)OC)C3C(=O)OC)N=N1	Z5054457158	yes
C#CCCC1(CCC(=O)N(Cc2cnnn2C)CC2CCCCC2)N=N1	Z5055997080	yes
OCCC1(CCC#Cc2cccnc2)N=N1	Z5064351367	yes
C#CCCC1(CCC(=O)N(Cc2ccccc2)CC(O)c2cnn(C)c2)N=N1	Z5120939269	yes
C#CCCC1(CCC(=O)NC2CCn3c(C)nnc3C2)N=N1	Z5122752854	yes
C#CCCC1(CCC(=O)NC(C)c2nc(C(=O)OC)cs2)N=N1	Z5124589104	yes
C#CCCC1(CCC(=O)Nc2ccc(OC3CCOC3=O)cc2C)N=N1	Z5125282007	yes
C#CCCC1(CCC(=O)NC(C)(CC)c2nc(CC)cc(=O)[nH]2)N=N1	Z5125350904	yes
C#CCCC1(CCC(=O)N(C)Cc2cccc(-c3nnn[nH]3)c2)N=N1	Z5125526633	yes
C#CCCC1(CCC(=O)NCc2cc(C3CC3)n(C(C)(C)C)n2)N=N1	Z5126274263	yes
C#CCCC1(CCC(=O)NCC2CC3(CC4CCC3C4)C2)N=N1	Z5128385110	yes
C#CCCC1(CCC(=O)N2CCC34CCCCC3(C2)C4(F)F)N=N1	Z5129201003	yes
C#CCCC1(CCC(=O)N2CCNCC2c2nccn2C)N=N1	Z5132166542	yes
C#CCCC1(CCC(=O)N2CC3CN(Cc4ccccc4)CC3C2CO)N=N1	Z5132495784	yes
C#CCCC1(CCCN)N=N1	Z5186512565	yes
C#CCCC1(CCOc2cc(Br)cnc2C)N=N1	Z5188249424	yes
C#CCCC1(CCC(=O)N2CCOC3CCN(C)CC32)N=N1	Z5209028474	yes
C#CCCC1(CCC(=O)N2CCN(C(=O)C3CCCN3C)CC2)N=N1	Z5209489064	yes
C#CCCC1(CCC(=O)N2CCC3CN(C)CC32)N=N1	Z5209515019	yes
C#CCCC1(CCC(=O)NCC(C)(C)N2CCCC(C)C2)N=N1	Z5210324745	yes
C#CCCC1(CCC(=O)N2CCN(c3cc(C)n[nH]3)CC2)N=N1	Z5254956744	yes
C#CCCC1(CCC(=O)N2CCc3nc[nH]c(=O)c3CC2)N=N1	Z5255716202	yes
C#CCCC1(CCC(=O)N[C@@H]2CCc3nc(N)sc3C2)N=N1	Z5257878901	yes
C#CCCC1(CCC(=O)NC2CN(C3CC3)Cc3ccccc32)N=N1	Z5258541163	yes
C#CCCC1(CCC(=O)Nc2c(F)cc(F)cc2C(=O)OC)N=N1	Z5258573438	yes
C#CCCC1(CCC(=O)N(Cc2ccccc2)C2(CO)COC2)N=N1	Z5258968271	yes
C#CCCC1(CCC(=O)N(Cc2cnc[nH]2)c2ccccc2)N=N1	Z5259029070	yes
C#CCCC1(CCC(=O)NCc2ncc(-c3ccccn3)[nH]2)N=N1	Z5259355861	yes
C#CCCC1(CCC(=O)NC(Cc2ccccn2)C(=O)OC)N=N1	Z5260558604	yes
C#CCCC1(CCC(=O)N(C)C2Cc3ccccc3C2O)N=N1	Z5260906721	yes
C#CCCC1(CCC(=O)Nc2nnc(Oc3ccncc3)s2)N=N1	Z5260908614	yes
C#CCCC1(CCC(=O)NC2CC(C)CN(Cc3ccccc3)C2C)N=N1	Z5260908851	yes
C#CCCC1(CCC(=O)NC(C)c2nnc3n2CCOC3)N=N1	Z5260910393	yes
C#CCCC1(CCC(=O)NCc2nnc(C(=O)OC)s2)N=N1	Z5260912720	yes
C#CCCC1(CCC(=O)NCC(NC(=O)c2ccc3c(c2)C(=O)NCC3)C2CCCC2)N=N1	Z5260912734	yes
C#CCCC1(CCC(=O)NC2CCN(S(=O)(=O)c3cn(C)cn3)CC2)N=N1	Z5260913177	yes
C#CCCC1(CCC(=O)N2[C@@H]3CC[C@H]2C[C@](O)(c2ccc(Cl)cc2)C3)N=N1	Z5260913504	yes
C#CCCC1(CCC(=O)NC2C3CCC(C3)C2C(=O)OCc2ccccc2)N=N1	Z5260923530	yes
C#CCCC1(CCC(=O)Nc2nc(C3CN(C(=O)OC(C)(C)C)C3)nn2C)N=N1	Z5260927655	yes
C#CCCC1(CCC(=O)NCc2nnnn2-c2ccc(Br)cc2)N=N1	Z5260930704	yes
C#CCCC1(CCC(=O)NCCCn2[nH]c(=O)c3c2CCCC3)N=N1	Z5260955434	yes
C#CCCC1(CCC(=O)NCc2cn(CC(=O)Nc3cc(F)cc(F)c3)nn2)N=N1	Z5260960567	yes
C#CCCC1(CCC(=O)N2CCC(C(=O)Nc3ccc4c(c3)C(=O)NC4=O)CC2)N=N1	Z5260963969	yes
C#CCCC1(CCC(=O)N2CCN(c3nc(O)cs3)CC2)N=N1	Z5260976379	yes
C#CCCC1(CCC(=O)NC(C)c2ccc(S(=O)(=O)Nc3nnn(C)n3)cc2)N=N1	Z5260981993	yes
C#CCCC1(CCC(=O)NC(C)c2nnc(C(=O)OC)s2)N=N1	Z5260985700	yes
C#CCCC1(CCC(=O)NC(CC(=O)NC(C)c2ccncc2)c2ccccc2)N=N1	Z5260986330	yes
C#CCCC1(CCC(=O)Nc2cccc3c2C(=O)N(C2CCC(=O)N(C)C2=O)C3=O)N=N1	Z5260987254	yes
C#CCCC1(CCC(=O)N(CCOC)CC(O)COc2ccc3c(c2)CCC(=O)N3)N=N1	Z5260988063	yes
C#CCCC1(CCC(=O)NCC(NC(=O)c2cccc3c2C(=O)NC3)C2CCCCC2)N=N1	Z5260993259	yes
C#CCCC1(CCC(=O)NCC2CCC(Oc3ccncc3)C2)N=N1	Z5261006333	yes
C#CCCC1(CCC(=O)Nc2ccc(-c3ccc(Cl)cc3)cc2C(=O)OC)N=N1	Z5261008100	yes
C#CCCC1(CCC(=O)NCC2CCN(S(=O)(=O)c3cn[nH]c3)CC2)N=N1	Z5261009444	yes
C#CCCC1(CCC(=O)N2CCCC2CN2CCc3ccccc3C2)N=N1	Z5261010745	yes
C#CCCC1(CCC(=O)Nc2cccc(Cc3[nH]ncc3C(=O)OC)c2)N=N1	Z5261012636	yes
C#CCCC1(CCSc2nnc(-c3ccc(C(C)(C)C)cc3)n2-c2ccccc2)N=N1	Z5261017695	yes
C#CCCC1(CCSc2nc3cc([N+](=O)[O-])ccc3n2-c2ccccc2OC)N=N1	Z5261017883	yes
C#CCCC1(CCSc2nc(NC(=O)c3ccccc3)c3c(C)c(C)oc3n2)N=N1	Z5261018338	yes
C#CCCC1(CCSc2ccc(N3CCN(c4ccccc4OCC)CC3)nn2)N=N1	Z5261018617	yes
C#CCCC1(CCSc2nnc(-c3cc(-c4cccs4)nc4ccccc34)o2)N=N1	Z5261019269	yes
C#CCCC1(CCSc2nc3sc(-c4ccccc4)cc3c(=O)n2-c2ccccc2)N=N1	Z5261019412	yes
C#CCCC1(CCSc2ncnc3sc4c(c23)CCCC4)N=N1	Z5261019414	yes
C#CCCC1(CCSc2nc(-c3ccccc3)c(-c3ccccc3)n2-c2ccccc2)N=N1	Z5261019505	yes
C#CCCC1(CCSc2nc3ccccc3c(=O)n2-c2ccc(C)c(F)c2)N=N1	Z5261019639	yes
C#CCCC1(CCSc2nccn2-c2ccc(C(=O)NCc3cccs3)cc2)N=N1	Z5261019723	yes
C#CCCC1(CCSc2ccc(-n3ccc(-c4ccc(OC)cc4)n3)nn2)N=N1	Z5261020015	yes
C#CCCC1(CCOc2cc(C)c(C#N)c(C)c2)N=N1	Z5261020599	yes
C#CCCC1(CCN2C(=O)NC(CC)(c3ccc(Cl)cc3)C2=O)N=N1	Z5261020726	yes
C#CCCC1(CCSc2nnc(-c3ccccc3)n2-c2ccc(OC)cc2)N=N1	Z5261021085	yes
C#CCCC1(CCSc2nc3sc4c(c3c(=O)n2CCCN(C)C)CCCC4)N=N1	Z5261021094	yes
C#CCCC1(CCSc2ncc(-c3ccc(Cl)cc3)n2Cc2ccccc2)N=N1	Z5261021130	yes
C#CCCC1(CCSc2nc3cc(OC)ccc3n2Cc2ncc(C)c(OC)c2C)N=N1	Z5261021933	yes
C#CCCC1(CCSc2nccn2-c2cccc(C(=O)Nc3ccccc3)c2)N=N1	Z5261022550	yes
C#CCCC1(CCSc2nc3cc(Cl)ccc3n2Cc2ccccc2)N=N1	Z5261022688	yes
C#CCCC1(CCSc2nnc(-c3ccc(Cl)cc3Cl)n2-c2ccccc2)N=N1	Z5261022713	yes
C#CCCC1(CCSc2nnc(-c3cc4c(s3)CCC(C(C)(C)C)C4)o2)N=N1	Z5261022717	yes
C#CCCC1(CCSc2nc3cc(S(=O)(=O)N(CC)CC)ccc3n2CCCC)N=N1	Z5261022766	yes
C#CCCC1(CCSc2nnc(-c3ccccc3)n2-c2ccc(OCC)cc2)N=N1	Z5261022791	yes
C#CCCC1(CCSc2nc(Nc3ccccc3Cl)c3ccccc3n2)N=N1	Z5261022838	yes
C#CCCC1(CCOc2cc(Br)ccc2Cl)N=N1	Z5261022892	yes
C#CCCC1(CCOc2c(C=O)ccc3ccccc23)N=N1	Z5261022916	yes
C#CCCC1(CCSc2nnc(COc3ccccc3-c3ccccc3)n2CCOC)N=N1	Z5261023017	yes
C#CCCC1(CCSc2nnc(-c3cccs3)n2-c2ccccc2OC)N=N1	Z5261023076	yes
C#CCCC1(CCSc2nnc(-c3cccc(S(=O)(=O)N4CCOCC4)c3)n2-c2ccc(F)cc2)N=N1	Z5261023090	yes
C#CCCC1(CCSc2nncn2-c2ccc(OCc3ccccc3)cc2)N=N1	Z5261023309	yes
C#CCCC1(CCSc2nc3sc(C)c(C)c3c(=O)n2Cc2ccccc2)N=N1	Z5261023334	yes
C#CCCC1(CCSc2nc3ccccc3c(=O)n2-c2ccc(SC(F)F)cc2)N=N1	Z5261023372	yes
C#CCCC1(CCSc2nnc(-c3ccc(OC)c(OC)c3)n2CCCOC)N=N1	Z5261023463	yes
C#CCCC1(CCOc2cn(-c3ccccc3)nc2C(=O)OCC)N=N1	Z5261023849	yes
C#CCCC1(CCOc2cccc(C)c2Br)N=N1	Z5261023981	yes
C#CCCC1(CCOc2c(C(=O)OC)cccc2[N+](=O)[O-])N=N1	Z5261023997	yes
C#CCCC1(CCN(CCCCCCC)CCCCCCC)N=N1	Z5261054243	yes
C#CCCC1(CCC(=O)N2CCCC2C(=O)N2CCNCC2)N=N1	Z5267520851	yes
C#CCCC1(CCC(=O)N(Cc2ncc[nH]2)CC(C)C)N=N1	Z5274547583	yes
C#CCCC1(CCNC(=O)c2cc(S(=O)(=O)N3CCN(CC)CC3)ccc2Cl)N=N1	Z5282075033	yes
C#CCCC1(CCNC(=O)CSc2nnc(-c3ccc(F)cc3)n2CC2CCCO2)N=N1	Z5282075134	yes
C#CCCC1(CCNC(=O)c2ccc(S(=O)(=O)NCC3CCCO3)cc2)N=N1	Z5282075191	yes
C#CCCC1(CCNC(=O)c2c[nH]nc2-c2ccc3c(c2)OCCO3)N=N1	Z5282075511	yes
C#CCCC1(CCNC(=O)CCc2c(C)[nH]c(=O)[nH]c2=O)N=N1	Z5282075525	yes
C#CCCC1(CCNC(=O)c2ccc(F)c(S(=O)(=O)N3CCN(C(C)=O)CC3)c2)N=N1	Z5282076996	yes
C#CCCC1(CCNC(=O)c2[nH]nc(C3CN(C(=O)OC(C)(C)C)C3)c2I)N=N1	Z5282077968	yes
C#CCCC1(CCNC(=O)c2ccc(C3CCCCN3C(=O)OC(C)(C)C)n2C)N=N1	Z5282078026	yes
C#CCCC1(CCNC(=O)CNc2cccc3c2C(=O)N(C2CCC(=O)NC2=O)C3=O)N=N1	Z5282078734	yes
C#CCCC1(CCNC(=O)CC2CCC(C(F)(F)F)N(C)C2)N=N1	Z5282079107	yes
C#CCCC1(CCNC(=O)c2c(-c3ccccc3)nc3ncccn23)N=N1	Z5282079197	yes
C#CCCC1(CCNC(=O)C2(NC(=O)c3ccc[nH]3)CCCC2)N=N1	Z5282079241	yes
C#CCCC1(CCNC(=O)CCn2[nH]c(=O)c3ccccc32)N=N1	Z5282079261	yes
C#CCCC1(CCNC(=O)C2CCCC2c2nncn2C)N=N1	Z5282079299	yes
C#CCCC1(CCNC(=O)COC2(c3ccccc3)COC2)N=N1	Z5282079302	yes
C#CCCC1(CCNC(=O)c2ccn3c(C(F)(F)F)nnc3c2)N=N1	Z5282079334	yes
C#CCCC1(CCNC(=O)C2c3ccc(F)cc3CCN2C(=O)OC(C)(C)C)N=N1	Z5282079338	yes
C#CCCC1(CCNC(=O)c2cccc3c2n(C)c(=O)n3C)N=N1	Z5282079384	yes
C#CCCC1(CCNC(=O)c2ccc3c(c2)OC(C)(C)CC3=O)N=N1	Z5282079447	yes
C#CCCC1(CCNC(=O)CCC(=O)N2CCN(S(=O)(=O)c3ccccc3)CC2)N=N1	Z5282079589	yes
C#CCCC1(CCNC(=O)C2CCCN2S(=O)(=O)c2ccc3c(c2)OCCO3)N=N1	Z5282079979	yes
C#CCCC1(CCNC(=O)C2Cc3ccccc3CN2C(=O)c2ccccc2Cl)N=N1	Z5282080550	yes
C#CCCC1(CCNC(=O)[C@H](Cc2c[nH]cn2)NC(=O)C2CCCCC2)N=N1	Z5282082349	yes
C#CCCC1(CCNC(=O)c2ccc3[nH]nc(C(=O)OC)c3c2)N=N1	Z5282083915	yes
C#CCCC1(CCNC(=O)[C@@H]2C[C@H](Oc3ccncc3)CN2C(=O)OC(C)(C)C)N=N1	Z5282084088	yes
C#CCCC1(CCNC(=O)C2CCC(c3ccccc3)O2)N=N1	Z5282084890	yes
C#CCCC1(CCNC(=O)c2cc(C(=O)OCC)n3ncccc23)N=N1	Z5282085317	yes
C#CCCC1(CCNC(=O)C2CCC(Oc3ccncc3)C2)N=N1	Z5282085349	yes
C#CCCC1(CCNC(=O)c2cnn3c2OCC(OCc2ccccc2)C3)N=N1	Z5282085675	yes
C#CCCC1(CCNC(=O)c2ccc(Nc3cnn(C)c3)nn2)N=N1	Z5282085762	yes
C#CCCC1(CCNC(=O)CCn2[nH]c(=O)c3ccccc3c2=O)N=N1	Z5282086406	yes
C#CCCC1(CCNC(=O)C=Cc2c(C)nn(Cc3ccccc3Cl)c2C)N=N1	Z5282086607	yes
C#CCCC1(CCNC(=O)CCc2c(C)nc3c(C(N)=O)ncn3c2C)N=N1	Z5282086961	yes
C#CCCC1(CCNC(=O)CCc2c(C)nc3c(C(N)=O)cnn3c2C)N=N1	Z5282087585	yes
C#CCCC1(CCNC(=O)Cc2c(C)nc3[nH]n(C)c(=O)c3c2C)N=N1	Z5282088376	yes
C#CCCC1(CCNC(=O)C2CCc3nnc(-c4ccc(O)cc4)n3C2)N=N1	Z5282089981	yes
C#CCCC1(CCNC(=O)Cn2cc(C3CN(C(=O)OC(C)(C)C)CC3OC)nn2)N=N1	Z5282090825	yes
C#CCCC1(CCNC(=O)C(C)NS(=O)(=O)c2ccc3[nH]c(=O)c(=O)[nH]c3c2)N=N1	Z5282091662	yes
C#CCCC1(CCNC(=O)c2nn(-c3ccccc3)c(=O)cc2O)N=N1	Z5282092599	yes
C#CCCC1(CCNC(=O)C2CCn3c(n[nH]c3=O)C2)N=N1	Z5282092784	yes
C#CCCC1(CCNC(=O)c2cnc(N3CCOCC3)s2)N=N1	Z5282094956	yes
C#CCCC1(CCNC(=O)c2ccnn2-c2cccnc2)N=N1	Z5282095019	yes
C#CCCC1(CCNC(=O)c2cnc(OC3CCOCC3)cn2)N=N1	Z5282095166	yes
C#CCCC1(CCNC(=O)C(Cc2ccccc2)NS(=O)(=O)c2ccccc2F)N=N1	Z5282095225	yes
C#CCCC1(CCNC(=O)CCc2c[nH]c(C)c2C(=O)OC)N=N1	Z5282095782	yes
C#CCCC1(CCNC(=O)c2n[nH]c3cc(OC)ccc23)N=N1	Z5282096110	yes
C#CCCC1(CCNC(=O)Cn2cc(OCC3CC3)cn2)N=N1	Z5282096321	yes
C#CCCC1(CCNC(=O)CCc2cnc(C3CN(C(=O)OC(C)(C)C)C3)o2)N=N1	Z5282096716	yes
C#CCCC1(CCNC(=O)c2cc(S(=O)(=O)Nc3ccc(F)cc3)ccc2C)N=N1	Z5282096990	yes
C#CCCC1(CCNC(=O)c2cc(CN3C(=O)c4ccccc4C3=O)ccc2OC)N=N1	Z5282097326	yes
C#CCCC1(CCNC(=O)c2cccc(S(=O)(=O)NC(C)c3ccccc3)c2)N=N1	Z5282097510	yes
C#CCCC1(CCNC(=O)c2cc(S(=O)(=O)N(C)C)ccc2N2CCOCC2)N=N1	Z5282097654	yes
C#CCCC1(CCNC(=O)CCn2cnc3scc(-c4ccc(C)cc4)c3c2=O)N=N1	Z5282097869	yes
C#CCCC1(CCNC(=O)c2cccc(OCc3cn4cc(C)ccc4n3)c2)N=N1	Z5282098009	yes
C#CCCC1(CCNC(=O)c2cc(C)nc3c2c(=O)[nH]n3C)N=N1	Z5282098837	yes
C#CCCC1(CCNC(=O)c2cc3n(n2)C(C(F)(F)F)CC(c2cnn(C)c2)N3)N=N1	Z5282101568	yes
C#CCCC1(CCNC(=O)CCCC(=O)Nc2ccc(C(=O)OCC)cc2)N=N1	Z5282103230	yes
C#CCCC1(CCNC(=O)c2cc(C3CCOC3)[nH]n2)N=N1	Z5282103246	yes
C#CCCC1(CCNC(=O)COc2cccc(-n3cnnc3)c2)N=N1	Z5282103271	yes
C#CCCC1(CCNC(=O)c2ccc3c(c2)C(=O)N(C2CCC(=O)NC2=O)C3=O)N=N1	Z5282103347	yes
C#CCCC1(CCNC(=O)c2cccc(N3C(=O)CNC3=O)c2F)N=N1	Z5282103413	yes
C#CCCC1(CCNC(=O)c2ccc3c(c2)S(=O)(=O)NC3)N=N1	Z5282103523	yes
C#CCCC1(CCNC(=O)CCc2cnc3n2CCOC3)N=N1	Z5282103529	yes
C#CCCC1(CCNC(=O)C2CCC(n3ccnn3)CC2)N=N1	Z5282103566	yes
C#CCCC1(CCNC(=O)C2CCC(c3cc[nH]n3)O2)N=N1	Z5282103784	yes
C#CCCC1(CCNC(=O)c2ccccc2OCC(=O)Nc2ccccc2F)N=N1	Z5282103984	yes
C#CCCC1(CCNC(=O)c2ccc(OC)c(S(=O)(=O)NCCc3ccccn3)c2)N=N1	Z5282103990	yes
C#CCCC1(CCNC(=O)Cc2ccc(OC)c(S(=O)(=O)N3CCOCC3)c2)N=N1	Z5282104013	yes
C#CCCC1(CCNC(=O)c2ccc(OCC(=O)N3CCCCC3)c(OCC)c2)N=N1	Z5282104157	yes
C#CCCC1(CCNC(=O)c2cnn(-c3ccc(=O)[nH]n3)c2C(F)(F)F)N=N1	Z5282104944	yes
C#CCCC1(CCNC(=O)Cc2cc(F)c(OC)c(S(N)(=O)=O)c2)N=N1	Z5282105145	yes
C#CCCC1(CCNC(=O)c2cccc3c2C(=O)NC3=O)N=N1	Z5282106734	yes
C#CCCC1(CCNC(=O)c2cc(S(=O)(=O)Nc3ccccc3)ccc2Cl)N=N1	Z5282107311	yes
C#CCCC1(CCNC(=O)C2CCNc3c2nnn3C)N=N1	Z5282107422	yes
C#CCCC1(CCNC(=O)c2ccc3c(c2)CN(C2CCC(=O)NC2=O)C3=O)N=N1	Z5282108178	yes
C#CCCC1(CCNC(=O)C2CC3CC2C2(C3)NC(=O)NC2=O)N=N1	Z5282109003	yes
C#CCCC1(CCNC(=O)c2n[nH]c3c2CC(F)(F)CC3)N=N1	Z5282109155	yes
C#CCCC1(CCNC(=O)c2nnc(Cc3ccccc3)o2)N=N1	Z5282109161	yes
C#CCCC1(CCNC(=O)c2ccc(-c3ccccc3)nn2)N=N1	Z5282109210	yes
C#CCCC1(CCNC(=O)c2ccccc2-n2nccn2)N=N1	Z5282109365	yes
C#CCCC1(CCNC(=O)C2CC2OCc2ccc(OC)cc2)N=N1	Z5282109366	yes
C#CCCC1(CCNC(=O)Cc2ccnn2C2CCOCC2)N=N1	Z5282109483	yes
C#CCCC1(CCNC(=O)c2n[nH]c3c2CS(=O)(=O)CC3)N=N1	Z5282109629	yes
C#CCCC1(CCNC(=O)c2nc3c(s2)CN(C)CC3)N=N1	Z5282109641	yes
C#CCCC1(CCNC(=O)c2ccc(C3CCCO3)nn2)N=N1	Z5282109753	yes
C#CCCC1(CCNC(=O)c2coc(CCOCC)n2)N=N1	Z5282110032	yes
C#CCCC1(CCNC(=O)COc2cccc3c2CNC3=O)N=N1	Z5282110190	yes
C#CCCC1(CCNC(=O)c2ccc(OC)c(S(=O)(=O)NC3CCCC3)c2)N=N1	Z5282110675	yes
C#CCCC1(CCNC(=O)CCn2c(=O)oc3cc(S(=O)(=O)N4CCCC4)ccc32)N=N1	Z5282111024	yes
C#CCCC1(CCNC(=O)CCc2c(C)nc(N3CCOCC3)[nH]c2=O)N=N1	Z5282111100	yes
C#CCCC1(CCNC(=O)CNC(=O)C2c3ccccc3C(=O)N2Cc2ccccc2)N=N1	Z5282111634	yes
C#CCCC1(CCNC(=O)c2cc(S(=O)(=O)N3CCN(C)CC3)ccc2OCC)N=N1	Z5282113018	yes
C#CCCC1(CCNC(=O)C2CC(O)CN2c2ccncn2)N=N1	Z5282113428	yes
C#CCCC1(CCNC(=O)c2cnn3c2OCCCC3)N=N1	Z5282116022	yes
C#CCCC1(CCNC(=O)c2nnn3c2CCCCC3)N=N1	Z5282116069	yes
C#CCCC1(CCNC(=O)c2cc3c(OC)cc(OC)nc3[nH]2)N=N1	Z5282116111	yes
C#CCCC1(CCNC(=O)Cc2c(C)nc3ccccn23)N=N1	Z5282116174	yes
C#CCCC1(CCNC(=O)C2CCCc3cn(C(C)C)nc32)N=N1	Z5282116240	yes
C#CCCC1(CCNC(=O)CC2CCCCC23NC(=O)NC3=O)N=N1	Z5282116433	yes
C#CCCC1(CCNC(=O)C2CCc3nc(C)sc3C2)N=N1	Z5282116437	yes
C#CCCC1(CCNC(=O)c2cc(S(=O)(=O)Nc3cccc(C)c3)ccc2C)N=N1	Z5282116531	yes
C#CCCC1(CCNC(=O)c2ccc(OCC(=O)Nc3cccc(OC)c3)cc2)N=N1	Z5282116572	yes
C#CCCC1(CCNC(=O)c2cccc(S(=O)(=O)Nc3cc(C)on3)c2)N=N1	Z5282116901	yes
C#CCCC1(CCNC(=O)C2(Nc3ccccc3)CCN(C(=O)OC(C)(C)C)CC2)N=N1	Z5282117679	yes
C#CCCC1(CCNC(=O)Cn2c(CNC(=O)OC(C)(C)C)nc3ccccc32)N=N1	Z5282119789	yes
C#CCCC1(CCNC(=O)Cn2nc(C)c3c(C(F)(F)F)cc(C(C)C)nc32)N=N1	Z5282119823	yes
C#CCCC1(CCNC(=O)c2cn(C3COCC3CNC(=O)OC(C)(C)C)nn2)N=N1	Z5282120556	yes
C#CCCC1(CCNC(=O)Cc2nnc3n2CCOC3)N=N1	Z5282120627	yes
C#CCCC1(CCNC(=O)c2ccc(OC)c3cnccc23)N=N1	Z5282122385	yes
C#CCCC1(CCNC(=O)C2CCc3nnn(C)c3N2)N=N1	Z5282122741	yes
C#CCCC1(CCNC(=O)c2c[nH]c3cccc(C(=O)OC)c23)N=N1	Z5282122839	yes
C#CCCC1(CCNC(=O)c2c3n(c(=O)[nH]c2=O)CCC3)N=N1	Z5282123033	yes
C#CCCC1(CCNC(=O)C2CCCCC2c2nc[nH]n2)N=N1	Z5282123050	yes
C#CCCC1(CCNC(=O)C2CCn3c(nnc3C(F)(F)F)C2)N=N1	Z5282123178	yes
C#CCCC1(CCNC(=O)CCc2nc3cc(S(=O)(=O)N(C)C)ccc3n2C)N=N1	Z5282124062	yes
C#CCCC1(CCNC(=O)Cn2nnc(COc3ccccc3)n2)N=N1	Z5282124520	yes
C#CCCC1(CCNC(=O)CCCn2cnc3c2c(=O)n(C)c(=O)n3C)N=N1	Z5282124554	yes
C#CCCC1(CCNC(=O)c2cc(C)n(Cc3ccc(S(N)(=O)=O)cc3)c2C)N=N1	Z5282124748	yes
C#CCCC1(CCNC(=O)C2(NC(=O)OC(C)(C)C)CCc3c(OC)cccc32)N=N1	Z5282129676	yes
C#CCCC1(CCNC(=O)COc2ncnc3ccccc23)N=N1	Z5282131441	yes
C#CCCC1(CCNC(=O)CCc2cccc3oc(C)nc23)N=N1	Z5282131507	yes
C#CCCC1(CCNC(=O)C2CCC(=O)N(CC)C2c2ccncc2)N=N1	Z5282131518	yes
C#CCCC1(CCNC(=O)c2cnn(C3CCOC3)n2)N=N1	Z5282131610	yes
C#CCCC1(CCNC(=O)C2CCc3c(ncn3C)C2)N=N1	Z5282131630	yes
C#CCCC1(CCNC(=O)c2cc3sc(C)nc3[nH]2)N=N1	Z5282131635	yes
C#CCCC1(CCNC(=O)c2ccc(NS(C)(=O)=O)cn2)N=N1	Z5282131683	yes
C#CCCC1(CCNC(=O)C2Cc3nn(C)cc3C(=O)N2)N=N1	Z5282131747	yes
C#CCCC1(CCNC(=O)CCn2[nH]c(=O)c3c2CCCC3)N=N1	Z5282131754	yes
C#CCCC1(CCNC(=O)CCc2cnc3n2CCCCC3)N=N1	Z5282131764	yes
C#CCCC1(CCNC(=O)Cn2nc(C3CC3)cc2C#C)N=N1	Z5282131847	yes
C#CCCC1(CCNC(=O)CC(NC(=O)OC(C)(C)C)c2ccc(C)c(C)c2)N=N1	Z5282131903	yes
C#CCCC1(CC(=O)N[C@H](CC(C)C)C(=O)OC(C)(C)C)N=N1	Z5282136606	yes
C#CCCC1(CC(=O)NCCc2ccccc2Br)N=N1	Z5282138116	yes
C#CCCC1(CC(=O)Nc2cnc3c(F)cccc3c2)N=N1	Z5282139380	yes
C#CCCC1(CC(=O)Nc2ccc3c(c2)CCN3C(C)=O)N=N1	Z5282140512	yes
C#CCCC1(CC(=O)N2CCN(C(=O)c3ccc4c(c3)OCO4)CC2)N=N1	Z5282143545	yes
C#CCCC1(CC(=O)Nc2cscc2C)N=N1	Z5282145780	yes
C#CCCC1(CC(=O)NCc2cc(Br)ccc2F)N=N1	Z5282147037	yes
C#CCCC1(CC(=O)N2CCN(c3cccc4sccc34)CC2)N=N1	Z5282164030	yes
C#CCCC1(CC(=O)N[C@@H](CCc2ccccc2)C(=O)OCC)N=N1	Z5282177625	yes
C#CCCC1(CC(=O)NCc2cccc(F)c2Cl)N=N1	Z5282180484	yes
C#CCCC1(CC(=O)N2CCN(S(=O)(=O)c3cc(Cl)ccc3OC)CC2)N=N1	Z5282186430	yes
C#CCCC1(CC(=O)N[C@@H](C)C(=O)OC(C)(C)C)N=N1	Z5282186531	yes
C#CCCC1(CC(=O)Nc2cc(Br)c(F)cc2F)N=N1	Z5282187838	yes
C#CCCC1(CC(=O)NCCC2CCC2)N=N1	Z5282190236	yes
C#CCCC1(CC(=O)NCC2CCCCN2C)N=N1	Z5282190985	yes
C#CCCC1(CC(=O)N(C)c2cccc(Br)c2)N=N1	Z5282196467	yes
C#CCCC1(CC(=O)N(C)C(C)Cc2ccccc2OC)N=N1	Z5282198380	yes
C#CCCC1(CC(=O)N[C@H](C(=O)OC(C)(C)C)C(C)C)N=N1	Z5282198782	yes
C#CCCC1(CC(=O)Nc2ccc3c(c2)C(=O)OC3)N=N1	Z5282214101	yes
C#CCCC1(CC(=O)N(C)Cc2sccc2Br)N=N1	Z5282225135	yes
C#CCCC1(CC(=O)N2CCN(C(=O)OCc3ccccc3)CC2)N=N1	Z5282225586	yes
C#CCCC1(CC(=O)NCc2ccc(Cl)c(Cl)c2)N=N1	Z5282228548	yes
C#CCCC1(CC(=O)N(C)c2ccc(Br)c(C)c2)N=N1	Z5282230065	yes
C#CCCC1(CCNS(=O)(=O)c2ccc(OC)cc2NS(=O)(=O)CC)N=N1	Z5285546933	yes
C#CCCC1(CCNS(=O)(=O)c2ccccc2CCC)N=N1	Z5285548243	yes
C#CCCC1(CCNS(=O)(=O)C[C@@H](NC(=O)OCc2ccccc2)C(=O)OC)N=N1	Z5285553877	yes
C#CCCC1(CCNS(=O)(=O)c2ccc(C)cc2Cl)N=N1	Z5285554111	yes
C#CCCC1(CCNS(=O)(=O)c2cc(C(=O)OC)ccc2OC)N=N1	Z5285554641	yes
C#CCCC1(CCNS(=O)(=O)c2ccc(C(=O)N3CCOCC3)cc2)N=N1	Z5285560940	yes
C#CCCC1(CCNS(=O)(=O)c2ccc(-c3ccccc3)cc2)N=N1	Z5285563580	yes
C#CCCC1(CCNS(=O)(=O)c2cccc3ccccc23)N=N1	Z5285587953	yes
C#CCCC1(CCNS(=O)(=O)c2ccc(C(=O)N3CCCC3)c(F)c2)N=N1	Z5285588104	yes
C#CCCC1(CCNS(=O)(=O)c2ccc([N+](=O)[O-])cc2C(F)(F)F)N=N1	Z5285598931	yes
C#CCCC1(CCNS(=O)(=O)c2cc(C(=O)OC)ccc2COC)N=N1	Z5285599928	yes
C#CCCC1(CCNS(=O)(=O)NCc2ccc(C)cc2)N=N1	Z5285600396	yes
C#CCCC1(CCNS(=O)(=O)c2ccc3c(c2)CCCC(=O)N3)N=N1	Z5285601606	yes
C#CCCC1(CCNS(=O)(=O)c2cc(C(=O)N(C)C)ccc2Cl)N=N1	Z5285602338	yes
C#CCCC1(CCNS(=O)(=O)c2ccc(NC(C)=O)c3ccccc23)N=N1	Z5285602512	yes
C#CCCC1(CCNS(=O)(=O)c2cc(Cl)cc(C(=O)N(C)C)c2OC)N=N1	Z5285603000	yes
C#CCCC1(CCNS(=O)(=O)c2nc(C(=O)OCC)n3ccccc23)N=N1	Z5285603475	yes
C#CCCC1(CCNS(=O)(=O)c2c(C)cc(C(C)(C)C)cc2C)N=N1	Z5285604852	yes
C#CCCC1(CCNS(=O)(=O)c2ccc(F)c(C)c2)N=N1	Z5285605321	yes
C#CCCC1(CCNS(=O)(=O)c2ccc(OC)c(Cl)c2Cl)N=N1	Z5285605555	yes
C#CCCC1(CCNS(=O)(=O)c2ccc(NS(=O)(=O)CCC)c(F)c2)N=N1	Z5285606008	yes
C#CCCC1(CCNS(=O)(=O)c2cccnc2Oc2ccc(F)cc2)N=N1	Z5285609885	yes
C#CCCC1(CCNS(=O)(=O)c2cc(Br)c(F)cc2Cl)N=N1	Z5285611207	yes
C#CCCC1(CCOC(=O)CCCOc2ccc(OCC)cc2)N=N1	Z5286203338	yes
C#CCCC1(CCOC(=O)c2c(C)nn(-c3ccccc3)c2Cl)N=N1	Z5286203340	yes
C#CCCC1(CCOC(=O)[C@H]2CC(F)(F)CN2C(=O)OC(C)(C)C)N=N1	Z5286203343	yes
C#CCCC1(CCOC(=O)CC(Cc2ccccc2)NC(=O)OC(C)(C)C)N=N1	Z5286203345	yes
C#CCCC1(CCOC(=O)c2cc(C)nc(C)c2)N=N1	Z5286203347	yes
C#CCCC1(CCOC(=O)c2ncsc2Br)N=N1	Z5286203349	yes
C#CCCC1(CCOC(=O)c2cscc2Br)N=N1	Z5286203357	yes
C#CCCC1(CCOC(=O)c2cc(F)cc([N+](=O)[O-])c2)N=N1	Z5286203360	yes
C#CCCC1(CCOC(=O)c2cccc(Cl)c2Br)N=N1	Z5286203361	yes
C#CCCC1(CCOC(=O)c2cc(Cl)ccc2C)N=N1	Z5286203364	yes
C#CCCC1(CCOC(=O)[C@@H](CC(=O)OC)NC(=O)OC(C)(C)C)N=N1	Z5286203366	yes
C#CCCC1(CCOC(=O)c2ncc(Br)cc2C)N=N1	Z5286203368	yes
C#CCCC1(CCNS(=O)(=O)c2cc(Cl)c(C)c(C(=O)O)c2)N=N1	Z5290998394	yes
C#CCCC1(CCNS(=O)(=O)c2cc(Br)cc(C(=O)O)c2)N=N1	Z5290998399	yes
C#CCCC1(CCC(=O)NC(CN2CCOCC2)c2ccccc2C)N=N1	Z5297637225	yes
C#CCCC1(CCC(=O)NCC2CCN(C)C2c2ccccc2)N=N1	Z5297662438	yes
C#CCCC1(CCC(=O)NC2CCN(c3ncnc4c3CCC4)CC2)N=N1	Z5297838425	yes
C#CCCC1(CCC(=O)NCc2cn(CC3CCOC3)nn2)N=N1	Z5298626457	yes
C#CCCC1(CCC(=O)N2CCC(c3nccc(-c4cccnc4)n3)CC2)N=N1	Z5298640708	yes
C#CCCC1(CCC(=O)NCc2cc3c(cn2)OCCO3)N=N1	Z5298679782	yes
C#CCCC1(CCC(=O)N2CCC(O)(c3ccc(C)nc3)C2)N=N1	Z5299636192	yes
C#CCCC1(CCC(=O)NCCCc2nnc(C3CC3)n2-c2ccccc2)N=N1	Z5299655664	yes
C#CCCC1(CCNC(=O)c2ccn(-c3ccc4c(c3)OCO4)n2)N=N1	Z5299724830	yes
C#CCCC1(CCNC(=O)C2CCCC3(CCOCC3)O2)N=N1	Z5299727018	yes
C#CCCC1(CCC(=O)NC2CCC(=O)N(c3ccccc3)C2)N=N1	Z5299861694	yes
C#CCCC1(CCC(=O)N[C@H]2CCN(Cc3ccccc3)C2)N=N1	Z5326156042	yes
C#CCCC1(CCC(=O)NCc2ccc3c(c2)nnn3C)N=N1	Z5329441635	yes
C#CCCC1(CCC(=O)NCCn2cnc3ccccc3c2=O)N=N1	Z5329791778	yes
C#CCCC1(CCC(=O)NCCN2CC(C)(C)c3ccccc32)N=N1	Z5335496682	yes
C#CCCC1(CCC(=O)N2CCn3cnc(C(=O)OCC)c3C2)N=N1	Z5335711615	yes
C#CCCC1(CCC(=O)N2CCN(CC(O)COc3ccccc3C)CC2)N=N1	Z5336136030	yes
C#CCCC1(CCC(=O)N2CCN(c3ccc4nccn4c3)CC2)N=N1	Z5336201950	yes
C#CCCC1(CCC(=O)N[C@H]2C[C@H](c3nnc(C)o3)C2)N=N1	Z5337528961	yes
C#CCCC1(CCC(=O)N2CCC3(Cc4ccccc4C3=O)C2)N=N1	Z5338814836	yes
C#CCCC1(CCC(=O)OC[C@H]2O[C@@H](n3cnc4c(N)ncnc43)[C@@H]3OC(C)(C)O[C@@H]32)N=N1	Z5340246256	yes
C#CCCC1(CCC(=O)NCCc2ccccc2C2CC2)N=N1	Z5348344454	yes
C#CCCC1(CCC(=O)NCCCS(=O)(=O)N2CCCC2)N=N1	Z5348435643	yes
C#CCCC1(CCC(=O)NCCc2cccc(C3CC3)c2)N=N1	Z5349376106	yes
C#CCCC1(CCC(=O)NCC(C)(CC)c2cnccn2)N=N1	Z5349438689	yes
C#CCCC1(CCC(=O)N2CCCC3(C2)NC(=O)N(C)C3=O)N=N1	Z5351401277	yes
C#CCCC1(CCC(=O)NCc2ccc(Oc3ccccn3)cc2)N=N1	Z5351560074	yes
C#CCCC1(CCC(=O)NCCN(C)Cc2cnc3ccccc3c2)N=N1	Z5351708622	yes
C#CCCC1(CCC(=O)NCC2(CC(=O)OC)CCOc3ccccc32)N=N1	Z5351738412	yes
C#CCCC1(CCC(=O)N(C)Cc2nc3ccccc3n2CCO)N=N1	Z5352067493	yes
C#CCCC1(CCC(=O)NCC2CCn3ncc(C(=O)N4CCOCC4)c3C2)N=N1	Z5352235670	yes
C#CCCC1(CCC(=O)NCCc2cccn3ccnc23)N=N1	Z5352235673	yes
C#CCCC1(CCC(=O)Nc2ccn(C3CCN(C)C3=O)n2)N=N1	Z5352235688	yes
C#CCCC1(CCC(=O)Nc2ccc(OCCC3CCCN3C)cc2OC)N=N1	Z5352235694	yes
C#CCCC1(CCC(=O)Nc2ccc(N3CCN(C)C(=O)C3)cn2)N=N1	Z5352235706	yes
C#CCCC1(CCC(=O)NCc2nccnc2N2CCN(C)C(=O)C2)N=N1	Z5352235707	yes
C#CCCC1(CCC(=O)Nc2cnc3n2CC(C(F)(F)F)CC3)N=N1	Z5352235711	yes
C#CCCC1(CCC(=O)NC(C)c2snnc2C2CC2)N=N1	Z5352235716	yes
C#CCCC1(CCC(=O)Nc2c(F)ccc3c2OCO3)N=N1	Z5352235718	yes
C#CCCC1(CCC(=O)NC(Cc2nccn2C)C2CC2)N=N1	Z5352235719	yes
C#CCCC1(CCC(=O)NC(C)Cc2c[nH]c3ncccc23)N=N1	Z5352235723	yes
C#CCCC1(CCC(=O)Nc2ncccc2OC2CCOCC2)N=N1	Z5352235726	yes
C#CCCC1(CCC(=O)NC2CCN(Cc3c[nH]c4ncccc34)CC2)N=N1	Z5352235750	yes
C#CCCC1(CCC(=O)Nc2cn(C)nc2Cn2cccn2)N=N1	Z5352235758	yes
C#CCCC1(CCC(=O)Nc2ccc(N3CCCC3=O)nc2)N=N1	Z5352235760	yes
C#CCCC1(CCC(=O)NC2CCN(Cc3scnc3C)CC2C)N=N1	Z5352235761	yes
C#CCCC1(CCC(=O)Nc2c(C)nn(-c3ncnc4c3cnn4C)c2C)N=N1	Z5352235765	yes
C#CCCC1(CCC(=O)Nc2cccc(N3CCN(C)CC3)n2)N=N1	Z5352235772	yes
C#CCCC1(CCC(=O)NCCc2cc(-c3ccncc3)[nH]n2)N=N1	Z5352235775	yes
C#CCCC1(CCC(=O)NC(C)c2cnn(-c3ccccn3)c2C)N=N1	Z5352235778	yes
C#CCCC1(CCC(=O)NC(C)c2nnc(COc3ccccc3)o2)N=N1	Z5352235782	yes
C#CCCC1(CCC(=O)NCc2ncn(CC(=O)N(CC)C3CC3)n2)N=N1	Z5352235783	yes
C#CCCC1(CCC(=O)NCc2ccc(-n3cncn3)cn2)N=N1	Z5352235802	yes
C#CCCC1(CCC(=O)NCC(c2ccccc2)c2ncc[nH]2)N=N1	Z5352235805	yes
C#CCCC1(CCC(=O)NCCCn2ccnc2C2CCCC2)N=N1	Z5352235816	yes
C#CCCC1(CCC(=O)Nc2ccc(CN3CCN(CC4CC4)CC3)cn2)N=N1	Z5352235844	yes
C#CCCC1(CCC(=O)Nc2nccn2CC2CCOCC2)N=N1	Z5352235861	yes
C#CCCC1(CCC(=O)NCc2coc(-c3ccc(C#N)cc3)n2)N=N1	Z5352235863	yes
C#CCCC1(CCC(=O)NC(CC(C)C)C(=O)Nc2c(C)n[nH]c2C)N=N1	Z5352235864	yes
C#CCCC1(CCC(=O)Nc2c(C)nn(C)c2-n2cc(C)cn2)N=N1	Z5352235908	yes
C#CCCC1(CCC(=O)Nc2cc(C)nn2-c2ncnc3nc[nH]c23)N=N1	Z5352235917	yes
C#CCCC1(CCC(=O)NCCC(c2ccccc2)N(C)C)N=N1	Z5352235932	yes
C#CCCC1(CCC(=O)NC2CCN(C(=O)CCn3ccnc3)CC2)N=N1	Z5352235938	yes
C#CCCC1(CCC(=O)Nc2ccc(CN3CCN(C(C)C)CC3)cn2)N=N1	Z5352235952	yes
C#CCCC1(CCC(=O)NCc2cnc(C3CC3)s2)N=N1	Z5352235964	yes
C#CCCC1(CCC(=O)NCCC(=O)Nc2nnn(C)n2)N=N1	Z5352235966	yes
C#CCCC1(CCC(=O)NCCOCc2cc(C3CC3)nn2C)N=N1	Z5352235969	yes
C#CCCC1(CCC(=O)Nc2nnc3n2CCCS3)N=N1	Z5352235972	yes
C#CCCC1(CCC(=O)NCc2cccc(-n3ccnc3)n2)N=N1	Z5352235980	yes
C#CCCC1(CCC(=O)NCCC2(O)Cc3ccccc3C2)N=N1	Z5352235982	yes
C#CCCC1(CCC(=O)N[C@@H](Cc2ccccc2)C(=O)NCc2ccccn2)N=N1	Z5352235984	yes
C#CCCC1(CCC(=O)NC(CCC)C(=O)Nc2nccs2)N=N1	Z5352235989	yes
C#CCCC1(CCC(=O)NC(Cc2ccccn2)c2cccnc2)N=N1	Z5352235991	yes
C#CCCC1(CCC(=O)Nc2ccc3nc(-c4cnn(C)c4)oc3c2)N=N1	Z5352235993	yes
C#CCCC1(CCC(=O)Nc2ccn(CC3CCCO3)n2)N=N1	Z5352236004	yes
C#CCCC1(CCC(=O)NCCc2cn3ccc(C)nc3n2)N=N1	Z5352236015	yes
C#CCCC1(CCC(=O)Nc2nc(Cn3cccn3)cs2)N=N1	Z5352236030	yes
C#CCCC1(CCC(=O)NCc2ccc(-c3ccccc3)[nH]c2=O)N=N1	Z5352236048	yes
C#CCCC1(CCC(=O)NCC(=O)Nc2ccc(-n3nccn3)cc2)N=N1	Z5352236050	yes
C#CCCC1(CCC(=O)N[C@H](C)c2ncc3ccccn23)N=N1	Z5352236070	yes
C#CCCC1(CCC(=O)Nc2ccc(CN3CCCC3)cn2)N=N1	Z5352236086	yes
C#CCCC1(CCC(=O)NCCc2nc(C3CC3)n[nH]2)N=N1	Z5352236092	yes
C#CCCC1(CCC(=O)Nc2cccc(CN(CC)C(=O)c3cccnc3)c2)N=N1	Z5352236099	yes
C#CCCC1(CCC(=O)NCc2cn(Cc3ccc(F)cc3)nn2)N=N1	Z5352236132	yes
C#CCCC1(CCC(=O)NC(Cc2ccccc2)CN2CCCC2)N=N1	Z5352236179	yes
C#CCCC1(CCC(=O)NCC2CCCN(Cc3cnn(C)c3)C2)N=N1	Z5352236183	yes
C#CCCC1(CCC(=O)NCc2cc(C)n(-c3cccnc3)c2C)N=N1	Z5352236213	yes
C#CCCC1(CCC(=O)Nc2cccc3cc(C(N)=O)[nH]c23)N=N1	Z5352236225	yes
C#CCCC1(CCC(=O)NCC(CN2CCCC2)C(O)c2ccccc2)N=N1	Z5352236259	yes
C#CCCC1(CCC(=O)Nc2cc(NC(=O)Cn3cccnc3=O)ccc2F)N=N1	Z5352236263	yes
C#CCCC1(CCC(=O)Nc2ccc(OCCN3C(=O)NC(C)(C)C3=O)cc2)N=N1	Z5352236265	yes
C#CCCC1(CCC(=O)Nc2nc3c(s2)CN(C)CC3)N=N1	Z5352236295	yes
C#CCCC1(CCC(=O)Nc2ccc(N3CCCCC3=O)cc2)N=N1	Z5352236299	yes
C#CCCC1(CCC(=O)NCCCN(CC)Cc2ccccc2)N=N1	Z5352236304	yes
C#CCCC1(CCC(=O)NCCNS(=O)(=O)c2cc(C(N)=O)n(C)c2)N=N1	Z5352236313	yes
C#CCCC1(CCC(=O)NCc2cccc(N3CCCC3)n2)N=N1	Z5352236333	yes
C#CCCC1(CCC(=O)Nc2c(C)nn(C)c2N2CCOCC2)N=N1	Z5352236365	yes
C#CCCC1(CCC(=O)Nc2ccc(C(O)c3nccn3C)cc2)N=N1	Z5352236368	yes
C#CCCC1(CCC(=O)Nc2cccc(-c3nnn(C)n3)c2)N=N1	Z5352236380	yes
C#CCCC1(CCC(=O)N2CCOC(c3ncc[nH]3)C2)N=N1	Z5353573805	yes
C#CCCC1(CCC(=O)N(CCN(C)C)Cc2ccc(-n3ccnc3)cc2)N=N1	Z5353573808	yes
C#CCCC1(CCC(=O)N2CC(c3ncc(CO)o3)C2)N=N1	Z5353573820	yes
C#CCCC1(CCC(=O)N(C)Cc2ccc3c(c2)oc(=O)n3C)N=N1	Z5353573821	yes
C#CCCC1(CCC(=O)N(C)Cc2ccnc3[nH]ccc23)N=N1	Z5353573825	yes
C#CCCC1(CCC(=O)N(CC)Cc2cccc(N3CCCS3(=O)=O)c2)N=N1	Z5353573832	yes
C#CCCC1(CCC(=O)N2CCC(Cc3nc[nH]n3)CC2)N=N1	Z5353573835	yes
C#CCCC1(CCC(=O)N2CCNC(=O)C2c2cccc3c2OC(C)(C)C3)N=N1	Z5353573838	yes
C#CCCC1(CCC(=O)N2CCN(c3cnc4ccccn34)CC2)N=N1	Z5353573842	yes
C#CCCC1(CCC(=O)N(C)Cc2nnnn2Cc2ccccc2)N=N1	Z5353573847	yes
C#CCCC1(CCC(=O)N2CCc3sc(C)nc3C2)N=N1	Z5353573854	yes
C#CCCC1(CCC(=O)N2CCCC(c3c[nH]cn3)C2)N=N1	Z5353573855	yes
C#CCCC1(CCC(=O)N2CCC(O)(c3cnnn3C)CC2)N=N1	Z5353573857	yes
C#CCCC1(CCC(=O)N2CCCN(C(=O)c3cc(Cl)c[nH]3)CC2)N=N1	Z5353573859	yes
C#CCCC1(CCC(=O)N2CCCC2C(=O)N2CCc3ccc(O)cc3C2)N=N1	Z5353573865	yes
C#CCCC1(CCC(=O)N2CCCN(C(=O)c3cc(C)nc4ccccc34)CC2)N=N1	Z5353573869	yes
C#CCCC1(CCC(=O)N2CC(N(Cc3ccccc3)C3CC3)C2)N=N1	Z5353573871	yes
C#CCCC1(CCC(=O)N2CCN(Cc3c[nH]cn3)CC2)N=N1	Z5353573872	yes
C#CCCC1(CCC(=O)N2CCC[C@H]2C(=O)N2CCN(c3nccs3)CC2)N=N1	Z5353573874	yes
C#CCCC1(CCC(=O)N2CCC(c3nnc4ccc(C)nn34)CC2)N=N1	Z5353573877	yes
C#CCCC1(CCC(=O)N2CCC(N(C)Cc3nc4ccccc4[nH]3)CC2)N=N1	Z5353573886	yes
C#CCCC1(CCC(=O)N(C)CCNC(=O)Nc2ccc(F)cc2)N=N1	Z5353573894	yes
C#CCCC1(CCC(=O)N2CCCC(C(=O)Nc3ccc(O)cc3)C2)N=N1	Z5353573899	yes
C#CCCC1(CCC(=O)N2CCN(C3CCc4nccn4C3)CC2)N=N1	Z5353573901	yes
C#CCCC1(CCC(=O)N2CCC(c3nncn3-c3ccccc3)CC2)N=N1	Z5353573903	yes
C#CCCC1(CCC(=O)N(CCn2cncn2)CCn2cncn2)N=N1	Z5353573907	yes
C#CCCC1(CCC(=O)N2Cc3nc[nH]c3CC2C(N)=O)N=N1	Z5353573912	yes
C#CCCC1(CCC(=O)N(C)CC(=O)Nc2ccncc2)N=N1	Z5353573914	yes
C#CCCC1(CCC(=O)N(Cc2ccccc2)C2CCOC2)N=N1	Z5353573915	yes
C#CCCC1(CCC(=O)N2CC(C(=O)Nc3cccc(C(F)(F)F)c3)C2)N=N1	Z5353573917	yes
C#CCCC1(CCC(=O)N2CCN(c3n[nH]c(=O)[nH]c3=O)CC2)N=N1	Z5353573921	yes
C#CCCC1(CCC(=O)N(Cc2cncs2)C2CC2)N=N1	Z5353573924	yes
C#CCCC1(CCC(=O)N2CCOCC2CC2CNc3ccccc32)N=N1	Z5353573954	yes
C#CCCC1(CCC(=O)N2CCn3ncc(C(=O)O)c3C2C)N=N1	Z5353584552	yes
C#CCCC1(CCC(=O)N(Cc2ccc(C(=O)O)cc2)Cc2cnn(CC)c2)N=N1	Z5353584553	yes
C#CCCC1(CCC(=O)N2CC(c3nc(C)cc(C(=O)O)n3)C2)N=N1	Z5353584554	yes
C#CCCC1(CCC(=O)N2CCCC2c2nc(C(=O)O)c(C)s2)N=N1	Z5353584558	yes
C#CCCC1(CCC(=O)N2CCOC(Cn3cc(C(=O)O)nn3)C2)N=N1	Z5353584560	yes
C#CCCC1(CCC(=O)N2CCC(Cc3nc(C)c(C(=O)O)s3)C2)N=N1	Z5353584561	yes
C#CCCC1(CCC(=O)N2Cc3c(cnn3C)C2C(=O)O)N=N1	Z5353584563	yes
C#CCCC1(CCC(=O)N2CC(COCc3ccccc3)(C(=O)O)C2)N=N1	Z5353584571	yes
C#CCCC1(CCNC(=O)COc2cnn(C(C)C)c2)N=N1	Z5355683880	yes
C#CCCC1(CCNC(=O)c2c(C)n(C)n(-c3cccc(OC)c3)c2=O)N=N1	Z5355683892	yes
C#CCCC1(CCNC(=O)c2n[nH]c3ccc(OC)nc23)N=N1	Z5355683897	yes
C#CCCC1(CCNC(=O)CC2(c3ccccc3)CS(=O)(=O)C2)N=N1	Z5355683899	yes
C#CCCC1(CCNC(=O)c2cccc(-c3cnn(C)c3)n2)N=N1	Z5355683909	yes
C#CCCC1(CCNC(=O)c2c(C)nn(C)c2-n2ccnc2CC)N=N1	Z5355683914	yes
C#CCCC1(CCNC(=O)c2cnc(Oc3cncc(Br)c3)cn2)N=N1	Z5355683958	yes
C#CCCC1(CCNC(=O)CC(=O)Nc2cccc(-c3nnn[nH]3)c2)N=N1	Z5355683960	yes
C#CCCC1(CCNC(=O)c2ccc(NC(=O)CC3CCCO3)c(O)c2)N=N1	Z5355683962	yes
C#CCCC1(CCNC(=O)C2CCOC2c2nccn2-c2ccccc2)N=N1	Z5355683976	yes
C#CCCC1(CCNC(=O)Cn2cc(C3CCC3)nn2)N=N1	Z5355683980	yes
C#CCCC1(CCNC(=O)C2OCC(=O)N(C)C2c2ccnn2C)N=N1	Z5355683987	yes
C#CCCC1(CCNC(=O)C2CCN(C(=O)OC)CC2c2ccnn2C)N=N1	Z5355683992	yes
C#CCCC1(CCNC(=O)c2ccc(C3COCCN3C(=O)OC(C)(C)C)n2C)N=N1	Z5355683996	yes
C#CCCC1(CCNC(=O)C23CCCCC2C(=O)N(C)C3c2cnn(C)c2)N=N1	Z5355683997	yes
C#CCCC1(CCNC(=O)C2C(c3n[nH]c(C)n3)C2(C)C)N=N1	Z5355684000	yes
C#CCCC1(CCNC(=O)C(C(C)C)N2C(=O)c3ccncc3C2=O)N=N1	Z5355684015	yes
C#CCCC1(CCNC(=O)CN2CC(OCc3ccccc3)C2)N=N1	Z5355684029	yes
C#CCCC1(CCNC(=O)c2cc(CN3CCCC3)nn2C)N=N1	Z5355684076	yes
C#CCCC1(CCNC(=O)CN(C(=O)CCn2cncn2)C2CCCC2)N=N1	Z5355684088	yes
C#CCCC1(CCNC(=O)C2NC(=O)CC2c2ccccc2)N=N1	Z5355684109	yes
C#CCCC1(CCNC(=O)Cc2cccc(-c3nnn[nH]3)c2)N=N1	Z5355684123	yes
C#CCCC1(CCNC(=O)c2c(OC)ncc(Br)c2OC)N=N1	Z5355684130	yes
C#CCCC1(CCNC(=O)CCOC2CCN(Cc3ccccc3)CC2)N=N1	Z5355684133	yes
C#CCCC1(CCNC(=O)Cc2cnn3c2OCCC3)N=N1	Z5355684137	yes
C#CCCC1(CCNC(=O)c2nc(C)nc3ccccc23)N=N1	Z5355684149	yes
C#CCCC1(CCNC(=O)Cc2csc(CC3CCCO3)n2)N=N1	Z5355684158	yes
C#CCCC1(CCNC(=O)C2CC2C(=O)Nc2ncc(Br)s2)N=N1	Z5355684159	no
C#CCCC1(CCNC(=O)CC2c3ccccc3C(=O)N2C)N=N1	Z5355684166	yes
C#CCCC1(CCNC(=O)CC(c2ccccc2)N2CCNC2=O)N=N1	Z5355684184	yes
C#CCCC1(CCNC(=O)c2cccn(CCCn3ccnc3)c2=O)N=N1	Z5355684185	yes
C#CCCC1(CCNC(=O)CC2Cn3ccnc3NC2=O)N=N1	Z5355684204	yes
C#CCCC1(CCNC(=O)COCc2csc(C)n2)N=N1	Z5355684211	yes
C#CCCC1(CCNC(=O)Cn2cc(S(=O)(=O)N(CCC)C3CC3)cn2)N=N1	Z5355684227	yes
C#CCCC1(CCNC(=O)c2cc3c(OC)c(OC)c(OC)cc3nn2)N=N1	Z5355684264	yes
C#CCCC1(CCNC(=O)c2cn3ccn(C)c(=O)c3n2)N=N1	Z5355684274	yes
C#CCCC1(CCNC(=O)CCc2cc(C)nn2CC)N=N1	Z5355684279	yes
C#CCCC1(CCNC(=O)COc2ccc(-c3nn[nH]n3)cc2)N=N1	Z5355684304	yes
C#CCCC1(CCNC(=O)C2(NC(=O)Cc3ccccc3)CC2)N=N1	Z5355684306	yes
C#CCCC1(CCNC(=O)[C@H](C)Oc2ccc(F)nc2)N=N1	Z5355684331	yes
C#CCCC1(CCNC(=O)Cc2csc(NC(=O)c3ccc(=O)[nH]n3)n2)N=N1	Z5355684346	yes
C#CCCC1(CCNC(=O)c2cccc(S(=O)(=O)NCc3cn[nH]c3)c2)N=N1	Z5355684348	yes
C#CCCC1(CCNC(=O)CCN(C(=O)Nc2ccccc2OC)C2CC2)N=N1	Z5355684352	yes
C#CCCC1(CCNC(=O)C2CC3CCC(C2)N3Cc2ccccc2)N=N1	Z5355684360	yes
C#CCCC1(CCNC(=O)C(Cc2c[nH]c3ncccc23)NC(C)=O)N=N1	Z5355684362	yes
C#CCCC1(CCNC(=O)C2CCCCN2c2ncnc3c2cnn3C)N=N1	Z5355684363	yes
C#CCCC1(CCNC(=O)CNC(=O)c2ncccn2)N=N1	Z5355684375	yes
C#CCCC1(CCNC(=O)CC2(C)Oc3ccccc3O2)N=N1	Z5355684391	yes
C#CCCC1(CCNC(=O)c2cnn(CCN3CCCC3)c2)N=N1	Z5355684403	yes
C#CCCC1(CCNC(=O)CC(O)(c2ncc[nH]2)C(F)(F)F)N=N1	Z5355684406	yes
C#CCCC1(CCNC(=O)Cc2ccc(-c3nnco3)cc2)N=N1	Z5355684423	yes
C#CCCC1(CCNC(=O)C2CCCN(Cc3cnn(C)c3)C2)N=N1	Z5355684431	yes
C#CCCC1(CCNC(=O)c2cccc(CCN3C(=O)COCC3=O)c2)N=N1	Z5355684459	yes
C#CCCC1(CCNC(=O)CCC2NC(=O)N(c3ccc(C#N)cc3)C2=O)N=N1	Z5355684464	yes
C#CCCC1(CCNC(=O)C2CC(O)CN2C(=O)c2ccc3ccccc3n2)N=N1	Z5355684466	yes
C#CCCC1(CCNC(=O)C2CC2C(=O)N2CCN(c3ccccc3)CC2)N=N1	Z5355684467	yes
C#CCCC1(CCNC(=O)Cn2ncc3cc(Br)cnc32)N=N1	Z5355684479	yes
C#CCCC1(CCNC(=O)Cc2cnc3c(=O)[nH]ccn23)N=N1	Z5355684493	yes
C#CCCC1(CCNC(=O)C(Cc2ccccc2)NC(=O)C2CCOCC2)N=N1	Z5355684495	yes
C#CCCC1(CCNC(=O)Cc2ccc(NC(=O)c3cscn3)cc2)N=N1	Z5355684516	yes
C#CCCC1(CCNC(=O)[C@]23C[C@H]2CN(Cc2ccccc2)C3)N=N1	Z5355684525	yes
C#CCCC1(CCNC(=O)CNC(=O)C2(c3ccccc3)CC2)N=N1	Z5355684550	yes
C#CCCC1(CCNC(=O)c2ccc(NC(=O)CCN3C(=O)CCC3=O)cc2)N=N1	Z5355684588	yes
C#CCCC1(CCNC(=O)C(C)NS(=O)(=O)c2cnn(C)c2)N=N1	Z5355684603	yes
C#CCCC1(CCNC(=O)CCCNC(=O)c2ccc3[nH]nnc3c2)N=N1	Z5355684606	yes
C#CCCC1(CCNC(=O)C2CCCN2C(=O)c2ccc3[nH]nnc3c2)N=N1	Z5355684608	yes
C#CCCC1(CCNC(=O)Cc2csc3nc(C)cn23)N=N1	Z5355684613	yes
C#CCCC1(CCNC(=O)C(C)NC(=O)CCn2cncn2)N=N1	Z5355684622	yes
C#CCCC1(CCNC(=O)c2cccc3c2ccn3CCO)N=N1	Z5355684625	yes
C#CCCC1(CCNC(=O)CCc2nnc(-c3ccccn3)o2)N=N1	Z5355684639	yes
C#CCCC1(CCNC(=O)C2COc3ccc(S(N)(=O)=O)cc3C2)N=N1	Z5355684649	yes
C#CCCC1(CCNC(=O)c2ccccc2NC(=O)Cn2cnnn2)N=N1	Z5355684653	yes
C#CCCC1(CCNC(=O)c2cccc(S(=O)(=O)NCC3CCCO3)c2)N=N1	Z5355684657	yes
C#CCCC1(CCNC(=O)C2CC(O)CN2C(=O)COc2ccc(CC)cc2)N=N1	Z5355684663	yes
C#CCCC1(CCNC(=O)CCN(C)Cc2ccccn2)N=N1	Z5355684678	yes
C#CCCC1(CCNC(=O)CCN(Cc2ccccc2)S(C)(=O)=O)N=N1	Z5355684696	yes
C#CCCC1(CCNC(=O)CCCNS(=O)(=O)Cc2ccccc2)N=N1	Z5355684698	yes
C#CCCC1(CCNC(=O)CCC(=O)Nc2ccc3c(n2)n(C)c(=O)n3C)N=N1	Z5355684706	yes
C#CCCC1(CCNC(=O)c2cnccc2C2OCCO2)N=N1	Z5355684709	yes
C#CCCC1(CCNC(=O)CCn2ncc3ccccc32)N=N1	Z5355684721	yes
C#CCCC1(CCNC(=O)C2CC(=O)N(c3ccc(N4CCCC4)cc3)C2)N=N1	Z5355684756	yes
C#CCCC1(CCNC(=O)c2cccn(Cc3cc(OC)cc(OC)c3)c2=O)N=N1	Z5355684757	yes
C#CCCC1(CCNC(=O)c2cc(CC)n(CCO)n2)N=N1	Z5355684762	yes
C#CCCC1(CCNC(=O)c2sc(Br)nc2C2OCCO2)N=N1	Z5355684773	yes
C#CCCC1(CCNC(=O)CCC(=O)Nc2nnc(C3CC3)o2)N=N1	Z5355684802	yes
C#CCCC1(CCNC(=O)C2CCN(C(=O)c3ccc4[nH]ncc4c3)CC2)N=N1	Z5355684829	yes
C#CCCC1(CCNC(=O)c2ccc(CNC(=O)C3CCCCO3)cc2)N=N1	Z5355684860	yes
C#CCCC1(CCNC(=O)COCc2ccc3c(c2)OCO3)N=N1	Z5355684904	yes
C#CCCC1(CCNC(=O)c2cccnc2NC(=O)C2CCC2)N=N1	Z5355684960	yes
C#CCCC1(CCNC(=O)C2(C(=O)N(C)Cc3ccccc3)CC2)N=N1	Z5355684966	yes
C#CCCC1(CCNC(=O)CCc2nc3c(cnn3-c3ccccc3)c(=O)[nH]2)N=N1	Z5355685018	yes
C#CCCC1(CCNC(=O)C2C=CC(C)C3C(=O)N(c4ccccc4)C(=O)C23)N=N1	Z5355685020	yes
C#CCCC1(CCNC(=O)CC2COc3cc(O)ccc32)N=N1	Z5355685047	yes
C#CCCC1(CCNC(=O)c2nccnc2-n2ccnc2)N=N1	Z5355685162	yes
C#CCCC1(CCNC(=O)Cn2[nH]c3ccccc3c2=O)N=N1	Z5355685174	yes
C#CCCC1(CCNC(=O)C(Cc2cnc[nH]2)n2cccc2)N=N1	Z5355685184	yes
C#CCCC1(CCNC(=O)CN2C(=O)NC(C)(CCc3ccccc3)C2=O)N=N1	Z5355685224	yes
C#CCCC1(CCNC(=O)CNS(=O)(=O)c2ccc(N3CCCC3=O)cc2)N=N1	Z5355685226	yes
C#CCCC1(CCNC(=O)c2ccccc2N2CCN(C)CC2)N=N1	Z5355685259	yes
C#CCCC1(CCNC(=O)c2cc3cc(C(=O)O)cnc3n2C)N=N1	Z5355878903	yes
C#CCCC1(CCNC(=O)c2cc(C(=O)O)c3n2CCOC3)N=N1	Z5355878910	yes
C#CCCC1(CCNC(=O)c2cc(C(=O)O)c3n2CCCC3)N=N1	Z5355878912	yes
C#CCCC1(CCNC(=O)C2(c3cccc(C(=O)O)c3)CC2)N=N1	Z5355878916	yes
C#CCCC1(CCNC(=O)CCc2cccnc2C(=O)O)N=N1	Z5355878918	yes
C#CCCC1(CCNC(=O)CCc2ccc(C(=O)O)[nH]2)N=N1	Z5355878923	yes
C#CCCC1(CCNC(=O)CCCn2ccc(C(=O)O)n2)N=N1	Z5355878925	yes
C#CCCC1(CCNC(=O)Cn2nc(C)cc2C(=O)O)N=N1	Z5355878928	yes
C#CCCC1(CCNC(=O)[C@H]2C[C@H](n3cc(C(=O)O)nn3)C2)N=N1	Z5355878935	yes
C#CCCC1(CCNC(=O)c2c(Br)cnn2CC(=O)O)N=N1	Z5355878937	yes
C#CCCC1(CCNC(=O)Cn2ncc(C)c(C(=O)O)c2=O)N=N1	Z5355878940	yes
C#CCCC1(CCNC(=O)c2ccc(-n3ncc(C(=O)O)c3C)nc2)N=N1	Z5355878941	yes
C#CCCC1(CCNC(=O)CCc2cccc(C(=O)O)c2)N=N1	Z5355878945	yes
C#CCCC1(CCNC(=O)CCc2c[nH]c(C(=O)O)c2)N=N1	Z5355878949	yes
C#CCCC1(CCNC(=O)CCc2ocnc2C(=O)O)N=N1	Z5355878950	yes
C#CCCC1(CCNC(=O)COCc2ocnc2C(=O)O)N=N1	Z5355878953	yes
C#CCCC1(CCNC(=O)c2nc(C(=O)O)sc2C)N=N1	Z5355878960	yes
C#CCCC1(CCNC(=O)Cn2cccc(C(=O)O)c2=O)N=N1	Z5355878965	yes
C#CCCC1(CCNC(=O)Cn2c(C)cc(C(=O)O)c2C)N=N1	Z5355878968	yes
C#CCCC1(CCNC(=O)Cn2cc(C(=O)O)c3ccccc32)N=N1	Z5355878977	yes
C#CCCC1(CCNC(=O)CNS(=O)(=O)c2ccc(C(=O)O)cc2)N=N1	Z5355878983	yes
C#CCCC1(CCNC(=O)c2ccc3[nH]c(C(=O)O)cc3c2)N=N1	Z5355878984	yes
C#CCCC1(CCNC(=O)C2CC(C(=O)O)=NN2c2ccccc2)N=N1	Z5355878987	yes
C#CCCC1(CCNC(=O)c2ccc(-n3[nH]c(C(=O)O)c(CCO)c3=O)cc2)N=N1	Z5355878990	yes
C#CCCC1(CCNC(=O)c2ccc3c(c2)C(CC(=O)O)CCC3)N=N1	Z5355901447	yes
C#CCCC1(CCNC(=O)c2c(C)cnn(CC(=O)O)c2=O)N=N1	Z5355901453	yes
C#CCCC1(CCNC(=O)c2ncoc2COCC(=O)O)N=N1	Z5355901455	yes
C#CCCC1(CCNC(=O)c2cccn(CC(=O)O)c2=O)N=N1	Z5355901456	yes
C#CCCC1(CCC(=O)NC(C(=O)O)c2cscn2)N=N1	Z5356039836	yes
C#CCCC1(CCC(=O)Nc2ccc(OC3CCNCC3)cc2)N=N1	Z5356041585	yes
C#CCCC1(CCC(=O)N2CCN(C)c3ccc(C(=O)O)cc32)N=N1	Z5356051364	yes
C#CCCC1(CCC(=O)Nc2ccc(N3CCNCC3=O)cn2)N=N1	Z5356051446	yes
C#CCCC1(CCC(=O)N2CCCC(Oc3ncccc3OCC)C2)N=N1	Z5356463854	yes
C#CCCC1(CCC(=O)N(C)CC(C)N(C)Cc2ccccc2)N=N1	Z5356554984	yes
C#CCCC1(CCC(=O)N(C)CC2CN(Cc3ccccc3)CCO2)N=N1	Z5356650655	yes
C#CCCC1(CCC(=O)NC2CCc3nnc(C(F)(F)F)n3C2)N=N1	Z5357822656	yes
C#CCCC1(CCC(=O)N(Cc2nccs2)Cc2c(F)cccc2F)N=N1	Z5357944985	yes
C#CCCC1(CCC(=O)N2CCCC(c3ccnc(COC)n3)C2)N=N1	Z5358524398	yes
C#CCCC1(CCC(=O)NC(C)COc2cccc(C(=O)OCC)c2)N=N1	Z5363266561	yes
C#CCCC1(CCC(=O)N2CCn3c(cnc3C(F)F)C2)N=N1	Z5364729628	yes
C#CCCC1(CCC(=O)N2CC(N)C(c3cccc(F)c3)C2)N=N1	Z5369220623	yes
C#CCCC1(CCC(=O)N(C)Cc2cnn3c2CNCC3)N=N1	Z5369220626	yes
C#CCCC1(CCC(=O)N2CC3CC(C2)C(c2ccccc2)C3N)N=N1	Z5369220631	yes
C#CCCC1(CCC(=O)N2CCC(c3nnc4n3CCNC4)CC2)N=N1	Z5369220643	yes
C#CCCC1(CCC(=O)N2CCCC(c3cc(N4CCNCC4)[nH]n3)C2)N=N1	Z5369220644	yes
C#CCCC1(CCNC(=O)c2cccc(N3N=C(C(=O)O)C(CCO)C3=O)c2)N=N1	Z5369408344	yes
C#CCCC1(CCNC(=O)c2ccc(C3CCCCN3)cc2)N=N1	Z5371442644	yes
C#CCCC1(CCNC(=O)C(N)CN2CCCc3ccccc32)N=N1	Z5371442647	yes
C#CCCC1(CCNC(=O)c2cc(C3CCCN3)n[nH]2)N=N1	Z5371442651	yes
C#CCCC1(CCNC(=O)c2cn3cc(CN)ccc3n2)N=N1	Z5371442657	yes
C#CCCC1(CCNC(=O)C(N)Cc2nc[nH]c2Br)N=N1	Z5371442661	yes
C#CCCC1(CCNC(=O)c2n[nH]c3c2CCC(N)C3)N=N1	Z5371442663	yes
C#CCCC1(CCNC(=O)c2ccnc(N3CCCNCC3)c2)N=N1	Z5371442681	yes
C#CCCC1(CCNC(=O)C2(Oc3ccccc3)CCNCC2)N=N1	Z5371442683	yes
C#CCCC1(CCNC(=O)c2ccc3[nH]cc(C4CCNCC4)c3c2)N=N1	Z5371442685	yes
C#CCCC1(CCNC(=O)CCNOCc2ccccc2)N=N1	Z5371442689	yes
C#CCCC1(CCNC(=O)c2cn(CC3CNCCO3)nn2)N=N1	Z5371442690	yes
C#CCCC1(CCNC(=O)C2CCc3ccccc3C2N)N=N1	Z5371442692	yes
C#CCCC1(CCNC(=O)c2nc(C(C)N)sc2C)N=N1	Z5371442696	yes
C#CCCC1(CCNC(=O)c2n[nH]cc2C2CCCNC2)N=N1	Z5371442699	yes
C#CCCC1(CCNC(=O)C2CCNC(c3ccccc3)C2)N=N1	Z5371442700	yes
C#CCCC1(CCNC(=O)c2cc3c(nc2C)NCCC3)N=N1	Z5371442702	yes
C#CCCC1(CCNC(=O)CCc2cnc3n2CCNC3)N=N1	Z5371442703	yes
C#CCCC1(CCNC(=O)c2cn(CCC3CCCCN3)nn2)N=N1	Z5371442704	yes
C#CCCC1(CCNC(=O)C2Cc3ccc(OC)nc3N2)N=N1	Z5371442705	yes
C#CCCC1(CCNC(=O)C2CCNC2c2ccccc2)N=N1	Z5371442706	yes
C#CCCC1(CCNC(=O)C2(c3ccccc3)CCCN2)N=N1	Z5371442709	yes
C#CCCC1(CCNC(=O)c2ccc3c(c2)CCC(N)C(=O)N3)N=N1	Z5371442710	yes
C#CCCC1(CCNC(=O)c2csc(CC3CCNC3)n2)N=N1	Z5371442715	yes
C#CCCC1(CCNC(=O)C2CC(Cc3ccccc3)CN2)N=N1	Z5371442719	yes
C#CCCC1(CCNC(=O)CCC2Cc3ccccc3CN2)N=N1	Z5371442720	yes
C#CCCC1(CCNC(=O)C(N)CCc2ccncc2)N=N1	Z5371442723	yes
C#CCCC1(CCNC(=O)c2sc(C(C)N)nc2C)N=N1	Z5371442725	yes
C#CCCC1(CCNC(=O)C2CC(c3ccccc3)CN2)N=N1	Z5371442728	yes
C#CCCC1(CCNC(=O)C[C@@H]2Cc3ccccc3CN2)N=N1	Z5371442733	yes
C#CCCC1(CCNC(=O)C2CCCc3sc(N)nc32)N=N1	Z5371442734	yes
C#CCCC1(CCNC(=O)C[C@H](N)COCc2ccccc2)N=N1	Z5371442738	yes
C#CCCC1(CCNC(=O)[C@@H](N)Cc2cn(Cc3ccccc3)cn2)N=N1	Z5371442741	yes
C#CCCC1(CCC(=O)N2CCn3ccc(C(=O)O)c3C2)N=N1	Z5376086747	yes
C#CCCC1(CCC(=O)N2CCCC2c2[nH]nnc2C(=O)O)N=N1	Z5376086753	yes
C#CCCC1(CCC(=O)NC(Cc2[nH]cnc2C)C(=O)O)N=N1	Z5376086754	yes
C#CCCC1(CCC(=O)Nc2c[nH]c(=O)c(C(=O)O)c2)N=N1	Z5376086762	yes
C#CCCC1(CCC(=O)N2CCC(c3cc(C(=O)O)n[nH]3)CC2)N=N1	Z5376086763	yes
C#CCCC1(CCC(=O)N2CCCCC2c2ocnc2C(=O)O)N=N1	Z5376086765	yes
C#CCCC1(CCC(=O)NCc2nnc3n2CC(C(=O)O)C3)N=N1	Z5376086769	yes
C#CCCC1(CCC(=O)Nc2ccc3c(c2)c(C(=O)O)nn3C2CCCCO2)N=N1	Z5376086771	yes
C#CCCC1(CCC(=O)NCC2(c3cccc(C(=O)O)c3)CC2)N=N1	Z5376086774	yes
C#CCCC1(CCC(=O)NC2(c3nccc(C(=O)O)n3)CC2)N=N1	Z5376086777	yes
C#CCCC1(CCC(=O)NCc2cn([C@H]3C[C@H](C(=O)O)C3)nn2)N=N1	Z5376086778	yes
C#CCCC1(CCC(=O)N2CCCC(c3c[nH]nc3C(=O)O)C2)N=N1	Z5376086779	yes
C#CCCC1(CCC(=O)NCc2nnc(CC(=O)O)[nH]2)N=N1	Z5376086780	yes
C#CCCC1(CCC(=O)N2CCCC(c3nc(C(=O)O)cs3)C2)N=N1	Z5376086784	yes
C#CCCC1(CCC(=O)N2CCC(c3ocnc3C(=O)O)CC2)N=N1	Z5376086789	yes
C#CCCC1(CCC(=O)NCCc2nc3ncc(C(=O)O)cn3n2)N=N1	Z5376086794	yes
C#CCCC1(CCC(=O)N2CCCC2Cn2cc(C(=O)O)nn2)N=N1	Z5376086801	yes
C#CCCC1(CCC(=O)NC(CN2CCc3ccccc32)C(=O)O)N=N1	Z5376086802	yes
C#CCCC1(CCC(=O)N2CCC(c3nc(CC(=O)O)cs3)CC2)N=N1	Z5376086803	yes
C#CCCC1(CCC(=O)N2CCCC(c3ocnc3C(=O)O)C2)N=N1	Z5376086809	yes
C#CCCC1(CCC(=O)Nc2cccc3c2CC(C(=O)O)C3)N=N1	Z5376086820	yes
C#CCCC1(CCC(=O)N(Cc2ccc(C(=O)O)cc2)C2CC2)N=N1	Z5376086821	yes
C#CCCC1(CCC(=O)N2CCN(c3nc(C(=O)O)cs3)CC2)N=N1	Z5376086827	yes
C#CCCC1(CCC(=O)NCc2ncc(C(=O)O)n2C)N=N1	Z5376396442	yes
C#CCCC1(CCC(=O)NC2CNCc3nccn3C2)N=N1	Z5376399833	yes
C#CCCC1(CCC(=O)NC2CNC(c3ccc(Br)cc3)C2)N=N1	Z5376399837	yes
C#CCCC1(CCC(=O)Nc2ccc(C3CNCCO3)cc2)N=N1	Z5376399850	yes
C#CCCC1(CCC(=O)NCC2NCCc3ccccc32)N=N1	Z5376399851	yes
C#CCCC1(CCC(=O)N(Cc2ccccn2)C2CCCNCC2)N=N1	Z5376399852	yes
C#CCCC1(CCC(=O)Nc2nn(C)c3c2CNCC3)N=N1	Z5376399854	yes
C#CCCC1(CCC(=O)NCC2CNCCC2c2ccc(F)cc2)N=N1	Z5376399856	yes
C#CCCC1(CCC(=O)N2CCC(c3ncc4c(n3)CCNC4)CC2)N=N1	Z5376399857	yes
C#CCCC1(CCC(=O)Nc2ccc(N3CCC(N)CC3)cc2)N=N1	Z5376399859	yes
C#CCCC1(CCC(=O)Nc2ccc3[nH]c(C4CCNCC4)nc3c2)N=N1	Z5376399862	yes
C#CCCC1(CCC(=O)Nc2cccc(NC(=O)N3CCNCC3)c2)N=N1	Z5376399863	yes
C#CCCC1(CCC(=O)Nc2ccc3c(c2)N(C(=O)CNC)CCC3)N=N1	Z5376399867	yes
C#CCCC1(CCC(=O)NCc2ccnn2Cc2ccccc2)N=N1	Z5390803651	yes
C#CCCC1(CCC(=O)NCc2cncn2Cc2ccccc2)N=N1	Z5391506682	yes
C#CCCC1(CCNC(=O)c2cn(C3CC3)c3c(O)c(F)c(F)cc3c2=O)N=N1	Z5392683788	yes
C#CCCC1(CCNC(=O)c2ccccc2CC2CCNCC2)N=N1	Z5392684189	yes
C#CCCC1(CCNC(=O)c2nnn(C3CCNC3)c2C)N=N1	Z5392684195	yes
C#CCCC1(CCNC(=O)c2nn[nH]c2C2CCCN2)N=N1	Z5392684205	yes
C#CCCC1(CCNC(=O)c2cc3n(n2)CC(C)NC3)N=N1	Z5392684226	yes
C#CCCC1(CCNC(=O)C2(COC)CCCNCC2)N=N1	Z5392684278	yes
C#CCCC1(CCNC(=O)C(N)C(c2ccccc2)C(C)C)N=N1	Z5392684279	yes
C#CCCC1(CCNC(=O)c2ccc(F)c3c2CCNC3)N=N1	Z5392684299	yes
C#CCCC1(CCNC(=O)c2cnc(N3CCOC(CN)C3)cn2)N=N1	Z5392684301	yes
C#CCCC1(CCNC(=O)COc2cccc(CNC)c2)N=N1	Z5392684317	yes
C#CCCC1(CCNC(=O)C(N)c2ccc3ccccc3c2)N=N1	Z5392684334	yes
C#CCCC1(CCNC(=O)c2cccc(C3CCCNC3)c2)N=N1	Z5392684378	yes
C#CCCC1(CCNC(=O)[C@@H]2C[C@@H](O)CN2C(=O)[C@@H](N)C(C)(C)C)N=N1	Z5392684390	yes
C#CCCC1(CCNC(=O)c2ccn(C3CCCNC3)n2)N=N1	Z5392684436	yes
C#CCCC1(CCNC(=O)c2nnn(C3CCNCC3)c2C(F)F)N=N1	Z5392684469	yes
C#CCCC1(CCNC(=O)c2cc3n(n2)CCCC3N)N=N1	Z5392684490	yes
C#CCCC1(CCNC(=O)C[C@H](N)CC2CCCCC2)N=N1	Z5392684498	yes
C#CCCC1(CCNC(=O)c2c(CN)nn3c2CCC3)N=N1	Z5392684605	yes
C#CCCC1(CCNC(=O)CC(N)c2ccc(C(C)C)cc2)N=N1	Z5392684627	yes
C#CCCC1(CCNC(=O)C(CN)Cc2ccc(OC)c(OC)c2)N=N1	Z5392684636	yes
C#CCCC1(CCNC(=O)Cc2cc(N)cc(C(=O)OC)c2)N=N1	Z5392684659	yes
C#CCCC1(CCNC(=O)c2csc(Cc3ccc(N)cc3)n2)N=N1	Z5392684690	yes
C#CCCC1(CCNC(=O)C(N)c2csc(CC)n2)N=N1	Z5392684692	yes
C#CCCC1(CCNC(=O)C[C@@H](N)c2ccccc2OCC)N=N1	Z5392684730	yes
C#CCCC1(CCNC(=O)C2NCCc3c2cnn3C)N=N1	Z5392684780	yes
C#CCCC1(CCNC(=O)C2(C3CCCNC3)CCC2)N=N1	Z5392684848	yes
C#CCCC1(CCNC(=O)C(N)Cc2cnn(C)c2C)N=N1	Z5392684856	yes
C#CCCC1(CCNC(=O)c2nnc(C3CCNCC3)s2)N=N1	Z5392684898	yes
C#CCCC1(CCNC(=O)C(CN)Oc2ccc(F)cc2)N=N1	Z5392684903	yes
C#CCCC1(CCNC(=O)C2(Cc3cccc(F)c3)CCNCC2)N=N1	Z5392684925	yes
C#CCCC1(CCNC(=O)C(N)c2ccc(F)cc2F)N=N1	Z5392684968	yes
C#CCCC1(CCNC(=O)C2CCC(CNCC)CC2)N=N1	Z5392684993	yes
C#CCCC1(CCNC(=O)COc2cccc(CN)c2)N=N1	Z5392685067	yes
C#CCCC1(CCNC(=O)C(N)Cc2cc[nH]c(=O)c2)N=N1	Z5392685087	yes
C#CCCC1(CCNC(=O)c2cc(=O)[nH]c3c2CNCC3)N=N1	Z5392685099	yes
C#CCCC1(CCNC(=O)CC(N)c2ccc(OC)nc2)N=N1	Z5392685100	yes
C#CCCC1(CCNC(=O)C2(N)CC3(CCCCC3)C2)N=N1	Z5392685138	yes
C#CCCC1(CCNC(=O)CC(N)Cc2ccc(C)cc2C)N=N1	Z5392685154	yes
C#CCCC1(CCNC(=O)CC(N)c2cccc(F)c2)N=N1	Z5392685505	yes
C#CCCC1(CCNC(=O)C2NCCc3nn(C)cc32)N=N1	Z5392685519	yes
C#CCCC1(CCNC(=O)c2cccc(-c3cccc(CN)c3)c2)N=N1	Z5392685533	yes
C#CCCC1(CCNC(=O)C(N)Cc2cccc(C(F)(F)F)c2F)N=N1	Z5392685612	yes
C#CCCC1(CCNC(=O)[C@@H]2C[C@@H](O)CN2C(=O)CN)N=N1	Z5392685622	yes
C#CCCC1(CCNC(=O)C2(c3ccccc3)CCNCC2)N=N1	Z5392685672	yes
C#CCCC1(CCNC(=O)c2ccc(CN)nc2C2CC2)N=N1	Z5392685688	yes
C#CCCC1(CCNC(=O)c2ncoc2C2CCNCC2)N=N1	Z5392685714	yes
C#CCCC1(CCNC(=O)CC(N)c2ccc(F)cc2F)N=N1	Z5392685784	yes
C#CCCC1(CCNC(=O)c2coc(C3CCNCC3)n2)N=N1	Z5392685789	yes
C#CCCC1(CCNC(=O)C(N)Cc2nccc(=O)[nH]2)N=N1	Z5392685802	yes
C#CCCC1(CCNC(=O)c2cnc3oc(CN)cc3c2)N=N1	Z5392685895	yes
C#CCCC1(CCNC(=O)c2cnn(C3CCCNC3)c2)N=N1	Z5392685928	yes
C#CCCC1(CCNC(=O)c2cn(C3CCCNCC3)nn2)N=N1	Z5392685937	yes
C#CCCC1(CCNC(=O)c2cc(CN)ccc2OC)N=N1	Z5392686018	yes
C#CCCC1(CCNC(=O)c2ccccc2-c2ccc(CN)cc2)N=N1	Z5392686034	yes
C#CCCC1(CCNC(=O)C2(Cc3cccc(Cl)c3)CCNCC2)N=N1	Z5392686105	yes
C#CCCC1(CCNC(=O)c2ccc3c(c2)CCNCC3)N=N1	Z5392686202	yes
C#CCCC1(CCNC(=O)C(C)(C)C(N)c2ccccc2)N=N1	Z5392686213	yes
C#CCCC1(CCNC(=O)c2cnc(C3CCNCC3)o2)N=N1	Z5392686221	yes
C#CCCC1(CCNC(=O)C[C@H](N)Cc2cc(F)c(F)cc2F)N=N1	Z5392686250	yes
C#CCCC1(CCNC(=O)C2(N)COc3ccccc3C2)N=N1	Z5392686259	yes
C#CCCC1(CCNC(=O)C2CNC(=O)CC23CCNCC3)N=N1	Z5392686297	yes
C#CCCC1(CCNC(=O)C(N)CCc2c[nH]nc2C(F)(F)F)N=N1	Z5392686306	yes
C#CCCC1(CCNC(=O)c2cnc(N3CCNCC3)o2)N=N1	Z5392686321	yes
C#CCCC1(CCNC(=O)C(CCN)c2c[nH]nc2C(F)(F)F)N=N1	Z5392686323	yes
C#CCCC1(CCNC(=O)c2ccc3c(c2)CC(C)NC3)N=N1	Z5392686411	yes
C#CCCC1(CCNC(=O)c2ccc(C(=O)O)c(F)c2)N=N1	Z5392686496	yes
C#CCCC1(CCNC(=O)c2ccc(OCC(=O)O)cc2)N=N1	Z5392686522	yes
C#CCCC1(CCNC(=O)c2ccc(O)c(C(=O)O)c2)N=N1	Z5392686532	yes
C#CCCC1(CCC(=O)N2CCCC(c3nnc(CNC(=O)OC(C)(C)C)[nH]3)C2)N=N1	Z5392686732	yes
C#CCCC1(CCC(=O)NCc2nn3c(=O)c(F)c(C)nc3s2)N=N1	Z5392689351	yes
C#CCCC1(CCC(=O)Nc2nnc(CCC(=O)OCC)s2)N=N1	Z5392702491	yes
C#CCCC1(CCC(=O)NCC2(O)CCN(c3ccnc4ccc(Cl)cc34)CC2)N=N1	Z5392707169	yes
C#CCCC1(CCNC(=O)c2ccc(OCC(=O)O)c(OC)c2)N=N1	Z5392717872	yes
C#CCCC1(CCNC(=O)c2ccc(C(=O)O)cc2Cl)N=N1	Z5392717884	yes
C#CCCC1(CCNC(=O)c2ccc(CCC(=O)O)cc2)N=N1	Z5392717886	yes
C#CCCC1(CCNC(=O)c2cccc(C(=O)O)c2OC)N=N1	Z5392717897	yes
C#CCCC1(CCNC(=O)C(F)(F)c2cccc(C(=O)O)c2)N=N1	Z5392717908	yes
C#CCCC1(CCNC(=O)c2cccc(CCC(=O)O)c2)N=N1	Z5392717917	yes
C#CCCC1(CCNC(=O)c2cn3c(C(=O)O)cccc3n2)N=N1	Z5392717923	yes
C#CCCC1(CCNC(=O)C2(C(=O)O)CC3(CCC3)C2)N=N1	Z5392717946	yes
C#CCCC1(CCNC(=O)Cc2c(CC)cc(C(=O)O)cc2CC)N=N1	Z5392717967	yes
C#CCCC1(CCNC(=O)c2cnn3cc(C(=O)O)cnc23)N=N1	Z5392717980	yes
C#CCCC1(CCNC(=O)C2OCCc3c(C(=O)O)cccc32)N=N1	Z5392717988	yes
C#CCCC1(CCNC(=O)c2ccc(OC)c(OCC(=O)O)c2)N=N1	Z5392717990	yes
C#CCCC1(CCNC(=O)c2cc(C)c(OCC(=O)O)c(C)c2)N=N1	Z5392717992	yes
C#CCCC1(CCNC(=O)c2cc(C(=O)O)c(OC)cc2C)N=N1	Z5392718009	yes
C#CCCC1(CCNC(=O)c2cc(C(=O)O)nn2-c2ccccc2)N=N1	Z5392718026	yes
C#CCCC1(CCNC(=O)CC2(CC(=O)O)CCCC2)N=N1	Z5392718037	yes
C#CCCC1(CCNC(=O)C2CCCC(C(=O)O)CC2)N=N1	Z5392718068	yes
C#CCCC1(CCNC(=O)C2(C(=O)O)CC2c2ccccc2)N=N1	Z5392718083	yes
C#CCCC1(CCNC(=O)Cc2ccc(C(=O)O)c(F)c2)N=N1	Z5392718087	yes
C#CCCC1(CCNC(=O)[C@]2(C)CC[C@H](C(=O)O)C2(C)C)N=N1	Z5392718100	yes
C#CCCC1(CCNC(=O)c2ccc(Cl)c(C(=O)O)c2Cl)N=N1	Z5392718102	yes
C#CCCC1(CCNC(=O)c2cc(C(=O)O)ccc2Cl)N=N1	Z5392718110	yes
C#CCCC1(CCNC(=O)c2ccccc2CCC(=O)O)N=N1	Z5392718120	yes
C#CCCC1(CCNC(=O)C2CC3(CC(C(=O)O)C3)C2)N=N1	Z5392718129	yes
C#CCCC1(CCNC(=O)c2cc(OC)cc(C(=O)O)c2Cl)N=N1	Z5392718132	yes
C#CCCC1(CCNC(=O)Cc2ccc(C(=O)O)cc2C)N=N1	Z5392718138	yes
C#CCCC1(CCNC(=O)c2ccc(C(=O)O)cc2C(F)(F)F)N=N1	Z5392718145	yes
C#CCCC1(CCNC(=O)c2ccc(Cl)c(C(=O)O)c2)N=N1	Z5392718146	yes
C#CCCC1(CCNC(=O)Cc2ccc(C(=O)O)cc2Cl)N=N1	Z5392718155	yes
C#CCCC1(CCNC(=O)c2cccc3cc(C(=O)O)[nH]c23)N=N1	Z5392718158	yes
C#CCCC1(CCNC(=O)c2ccc(-n3nc(C)c(CCC(=O)O)c3C)cc2)N=N1	Z5392718160	yes
C#CCCC1(CCNC(=O)c2cc3occ(C(=O)O)c3[nH]2)N=N1	Z5392718171	yes
C#CCCC1(CCNC(=O)c2ccc(OCC(=O)O)c(OCC)c2)N=N1	Z5392718197	yes
C#CCCC1(CCNC(=O)C23CCC(C(=O)O)(CC2)C3)N=N1	Z5392718200	yes
C#CCCC1(CCNC(=O)c2c(F)ccc(C(=O)O)c2C)N=N1	Z5392718209	yes
C#CCCC1(CCC(=O)N(Cc2ccccc2)CC(C)C(=O)O)N=N1	Z5392718246	yes
C#CCCC1(CCC(=O)N(CC(=O)O)Cc2ccc(OC)c(OC)c2)N=N1	Z5392718272	yes
C#CCCC1(CCC(=O)NCC(Cc2ccc(F)cc2)C(=O)O)N=N1	Z5392718292	yes
C#CCCC1(CCC(=O)Nc2ncc(CC(=O)O)s2)N=N1	Z5392718305	yes
C#CCCC1(CCC(=O)N2CCCCC2CCn2cc(C(=O)O)nn2)N=N1	Z5392718337	yes
C#CCCC1(CCC(=O)NC2CC3(CCC(C(=O)O)CC3)C2)N=N1	Z5392718392	yes
C#CCCC1(CCC(=O)N2CC(C(=O)O)Cc3[nH]ncc32)N=N1	Z5392718398	yes
C#CCCC1(CCC(=O)N2CCc3cc(C(=O)O)c(F)cc3C2)N=N1	Z5392718416	yes
C#CCCC1(CCC(=O)NC2CCCN(CC(=O)O)C2)N=N1	Z5392718459	yes
C#CCCC1(CCC(=O)N2CCC(n3ncc(C(=O)O)c3C(F)(F)F)C2)N=N1	Z5392718460	yes
C#CCCC1(CCC(=O)NCCOc2ccc(C(=O)O)cc2OC)N=N1	Z5392718477	yes
C#CCCC1(CCC(=O)Nc2cc(C(=O)O)cc(C3CC3)c2)N=N1	Z5392718496	yes
C#CCCC1(CCC(=O)N2CCOc3c(Cl)cc(C(=O)O)cc3C2)N=N1	Z5392718528	yes
C#CCCC1(CCC(=O)N(CC(=O)O)Cc2ccccc2)N=N1	Z5392718552	yes
C#CCCC1(CCC(=O)N2CCC(Cc3ccccc3C(=O)O)CC2)N=N1	Z5392718595	yes
C#CCCC1(CCC(=O)NC(C(=O)O)c2c(C)nn(-c3ccc(F)cc3)c2C)N=N1	Z5392718608	yes
C#CCCC1(CCC(=O)N2CCC3CC(CC(=O)O)CCC3C2)N=N1	Z5392718689	yes
C#CCCC1(CCC(=O)NCC2(C(=O)O)CC3CCC2CC3)N=N1	Z5392718704	yes
C#CCCC1(CCC(=O)N2Cc3ccc(OC)cc3C(C(=O)O)C2)N=N1	Z5392718720	yes
C#CCCC1(CCC(=O)NC(C(=O)O)C2(OC)CCCC2)N=N1	Z5392718735	yes
C#CCCC1(CCC(=O)NC2(c3cc(F)cc(C(=O)O)c3)CC2)N=N1	Z5392718755	yes
C#CCCC1(CCC(=O)NCCCc2ccc(CC(=O)O)cc2)N=N1	Z5392718809	yes
C#CCCC1(CCC(=O)N(CC2(C(=O)O)CCC2)C2CCCCC2)N=N1	Z5392718826	yes
C#CCCC1(CCC(=O)NCC(F)(F)Oc2ccc(C(=O)O)cc2OC)N=N1	Z5392718831	yes
C#CCCC1(CCC(=O)Nc2nc(CC(=O)O)c(C)s2)N=N1	Z5392718941	yes
C#CCCC1(CCC(=O)N2CCC3(C(=O)O)CCCC23)N=N1	Z5392718985	yes
C#CCCC1(CCC(=O)N2CCC3(C(=O)O)CCCCCC23)N=N1	Z5392718997	yes
C#CCCC1(CCC(=O)N2CC(C(=O)O)C(c3cncn3C)C2)N=N1	Z5392719022	yes
C#CCCC1(CCC(=O)NC(C)(C)c2ccc(C(=O)O)cc2)N=N1	Z5392719047	yes
C#CCCC1(CCC(=O)NCCc2cc(C(=O)O)n[nH]2)N=N1	Z5392719055	yes
C#CCCC1(CCC(=O)N2CCC(C3CCCCC3C(=O)O)CC2)N=N1	Z5392719068	yes
C#CCCC1(CCC(=O)N2CCc3nc(C(=O)O)ccc3C2)N=N1	Z5392719080	yes
C#CCCC1(CCC(=O)NC(Cc2ccnn2C)C(=O)O)N=N1	Z5392719086	yes
C#CCCC1(CCC(=O)N2CCc3[nH]c(=O)cc(C(=O)O)c3C2)N=N1	Z5392719089	yes
C#CCCC1(CCC(=O)N2CCC(Cc3ccccc3)(C(=O)O)C2)N=N1	Z5392719114	yes
C#CCCC1(CCC(=O)NC2(C(=O)O)CC3CCC2C3)N=N1	Z5392719133	yes
C#CCCC1(CCC(=O)Nc2cc(OC)c(C(=O)O)cc2F)N=N1	Z5392719150	yes
C#CCCC1(CCC(=O)N(CCC(=O)O)Cc2cccc(F)c2F)N=N1	Z5392719163	yes
C#CCCC1(CCC(=O)N2CCCC2(Cc2ccccc2)C(=O)O)N=N1	Z5392719213	yes
C#CCCC1(CCC(=O)NC(C(=O)O)c2c(C)nn(Cc3ccccc3)c2C)N=N1	Z5392719239	yes
C#CCCC1(CCC(=O)N(C)C(C(=O)O)c2cccnc2)N=N1	Z5392719272	yes
C#CCCC1(CCC(=O)NC2CCCCC2(C)C(=O)O)N=N1	Z5392719275	yes
C#CCCC1(CCC(=O)N2CC3(CCCC3)CC2C(=O)O)N=N1	Z5392719278	yes
C#CCCC1(CCC(=O)NC(CCc2c[nH]nc2C(F)(F)F)C(=O)O)N=N1	Z5392719303	yes
C#CCCC1(CCC(=O)NC(CCc2ccc(OC)cc2)C(=O)O)N=N1	Z5392719313	yes
C#CCCC1(CCC(=O)N2CCC3CC(C(=O)O)CCC3C2)N=N1	Z5392719328	yes
C#CCCC1(CCC(=O)NC2(C(=O)O)CC3(CCCCC3)C2)N=N1	Z5392719385	yes
C#CCCC1(CCC(=O)N[C@@H](Cc2ccc3ccccc3c2)C(=O)O)N=N1	Z5392719387	yes
C#CCCC1(CCC(=O)N[C@@H](CC(=O)O)Cc2ccccc2F)N=N1	Z5392719442	yes
C#CCCC1(CCC(=O)NC2CC3CCC2CC3(C)C(=O)O)N=N1	Z5392719445	yes
C#CCCC1(CCC(=O)N[C@@H](Cc2cn(C)c3ccccc23)C(=O)O)N=N1	Z5392719454	yes
C#CCCC1(CCC(=O)N[C@H](Cc2cn[nH]c2O)C(=O)O)N=N1	Z5392719455	yes
C#CCCC1(CCC(=O)NCC(F)(F)Oc2ccc(C(=O)O)cc2C)N=N1	Z5392719456	yes
C#CCCC1(CCC(=O)Nc2ccc(C(=O)N3CCC(C(=O)O)CC3)cc2)N=N1	Z5392719484	yes
C#CCCC1(CCC(=O)N2CCc3cc(OC)c(OC)cc3C2CC(=O)O)N=N1	Z5392719497	yes
C#CCCC1(CCC(=O)N(CC(=O)O)Cc2ccc(F)c(F)c2)N=N1	Z5392719499	yes
C#CCCC1(CCC(=O)NCCn2cnc(C(=O)O)c2)N=N1	Z5392719519	yes
C#CCCC1(CCC(=O)Nc2ccc(-n3ccc(C(=O)O)n3)c(F)c2)N=N1	Z5392719536	yes
C#CCCC1(CCC(=O)N2CC(C)(C)CC2CC(=O)O)N=N1	Z5392719597	yes
C#CCCC1(CCC(=O)N2CC(C)(C)c3cc(C(=O)O)ccc32)N=N1	Z5392719620	yes
C#CCCC1(CCC(=O)Nc2cccc(C3(C(=O)O)CCC3)c2)N=N1	Z5392719632	yes
C#CCCC1(CCC(=O)NCc2ccc(C(=O)O)cc2OC)N=N1	Z5392719643	yes
C#CCCC1(CCC(=O)NC23CC4CC(CC(CC(=O)O)(C4)C2)C3)N=N1	Z5392719673	yes
C#CCCC1(CCC(=O)N2CC(C(=O)O)CCC23CCCC3)N=N1	Z5392719679	yes
C#CCCC1(CCC(=O)N2CCC(c3ccc(C)cc3C)CC2C(=O)O)N=N1	Z5392719725	yes
C#CCCC1(CCC(=O)Nc2nc3ccc(C(=O)O)cc3n2C)N=N1	Z5392719729	yes
C#CCCC1(CCC(=O)N2CCc3cc(C(=O)O)ccc3C2C)N=N1	Z5392719753	yes
C#CCCC1(CCC(=O)NCC(F)(F)Oc2ccc(C(=O)O)cc2)N=N1	Z5392719760	yes
C#CCCC1(CCC(=O)NC(C)(Cc2ccccn2)C(=O)O)N=N1	Z5392719763	yes
C#CCCC1(CCC(=O)Nc2ccc(Oc3ccc(C(=O)O)cc3)nc2)N=N1	Z5392719778	yes
C#CCCC1(CCC(=O)NCC(Cc2cccc3ccccc23)C(=O)O)N=N1	Z5392719803	yes
C#CCCC1(CCC(=O)N(CC(=O)O)Cc2ccccc2Cl)N=N1	Z5392719810	yes
C#CCCC1(CCC(=O)NC(C)c2nc(C)c(C(=O)O)s2)N=N1	Z5392719813	yes
C#CCCC1(CCC(=O)N2CCCC(Cc3nc(C(=O)O)cs3)C2)N=N1	Z5392719929	yes
C#CCCC1(CCC(=O)NCCn2nc(C(=O)O)cc2C)N=N1	Z5392719952	yes
C#CCCC1(CCC(=O)NCC(=O)N[C@H](C(=O)O)c2ccccc2)N=N1	Z5392719963	yes
C#CCCC1(CCC(=O)NC(CCOCc2ccccc2)C(=O)O)N=N1	Z5392719974	yes
C#CCCC1(CCC(=O)N2CCc3c(C(=O)O)c[nH]c(=O)c3C2)N=N1	Z5392719993	yes
C#CCCC1(CCC(=O)NC2CC(CC(=O)O)C23CCC3)N=N1	Z5392720020	yes
C#CCCC1(CCC(=O)N(CC(=O)O)Cc2ccc(C)cc2)N=N1	Z5392720051	yes
C#CCCC1(CCC(=O)NC(CCc2ccncc2)C(=O)O)N=N1	Z5392720140	yes
C#CCCC1(CCC(=O)NCC(Cc2cccnc2)C(=O)O)N=N1	Z5392720151	yes
C#CCCC1(CCC(=O)N2CCC(C3CCCC3C(=O)O)CC2)N=N1	Z5392720179	yes
C#CCCC1(CCC(=O)N2CCC3(CCC(CC(=O)O)CC3)CC2)N=N1	Z5392720186	yes
C#CCCC1(CCC(=O)N2CCC(CC(=O)O)C2(C)C)N=N1	Z5392720190	yes
C#CCCC1(CCC(=O)Nc2ccc(C3(C(=O)O)CCCC3)cc2)N=N1	Z5392720191	yes
C#CCCC1(CCC(=O)NC(C(=O)O)c2cccc(-c3ccncc3)c2)N=N1	Z5392720218	yes
C#CCCC1(CCC(=O)NCc2nnc(CCC(=O)O)s2)N=N1	Z5392720285	yes
C#CCCC1(CCC(=O)Nc2nc(C3C(C(=O)O)C3(C)C)cs2)N=N1	Z5392720295	yes
C#CCCC1(CCC(=O)NC(C)(Cc2ccccc2F)C(=O)O)N=N1	Z5392720299	yes
C#CCCC1(CCC(=O)N2CCC3(CCCC3)CC2C(=O)O)N=N1	Z5392720304	yes
C#CCCC1(CCC(=O)NC2CCCc3c(C(=O)O)cccc32)N=N1	Z5392720311	yes
C#CCCC1(CCC(=O)NC(Cc2cccc(C)n2)C(=O)O)N=N1	Z5392720338	yes
C#CCCC1(CCC(=O)N2CCc3ccc(C(=O)O)nc3C2)N=N1	Z5392720430	yes
C#CCCC1(CCC(=O)N[C@@H](CCc2ccccc2)C(=O)O)N=N1	Z5392720482	yes
C#CCCC1(CCC(=O)NC(CC(=O)O)c2nccs2)N=N1	Z5392720486	yes
C#CCCC1(CCC(=O)NCC23CC(C(=O)O)(C2)C(c2ccccc2)O3)N=N1	Z5392720489	yes
C#CCCC1(CCC(=O)N2CCc3c(ccc(F)c3F)C2C(=O)O)N=N1	Z5392720495	yes
C#CCCC1(CCC(=O)N2Cc3nccn3CC(C(=O)O)C2)N=N1	Z5392720508	yes
C#CCCC1(CCC(=O)NC2CC3CCC2(C(=O)O)C3)N=N1	Z5392720517	yes
C#CCCC1(CCC(=O)N2CCC(n3cc(C(=O)O)c(C(F)(F)F)n3)C2)N=N1	Z5392720560	yes
C#CCCC1(CCC(=O)Nc2ccc(C3(C(=O)O)CCOCC3)cc2)N=N1	Z5392720576	yes
C#CCCC1(CCC(=O)NC(C(=O)O)c2ccc(OCc3ccccc3)cc2)N=N1	Z5392720586	yes
C#CCCC1(CCC(=O)NC2(C(=O)O)CC(O)C23CCC3)N=N1	Z5392720623	yes
C#CCCC1(CCC(=O)N2CCOC(C)(C)C2C(=O)O)N=N1	Z5392720629	yes
C#CCCC1(CCC(=O)N2CCc3cc(C(=O)O)cnc3C2)N=N1	Z5392720635	yes
C#CCCC1(CCC(=O)NC(C(=O)O)c2c(F)cc(OC)cc2F)N=N1	Z5392720638	yes
C#CCCC1(CCC(=O)NS(=O)(=O)c2ccc(C(=O)OC)c(C(F)(F)F)c2)N=N1	Z5392733698	yes
C#CCCC1(CCC(=O)NS(=O)(=O)c2nnc(NC(=O)CC)s2)N=N1	Z5392733818	yes
C#CCCC1(CCC(=O)NS(=O)(=O)c2cnn(CCF)c2)N=N1	Z5392733863	yes
C#CCCC1(CCC(=O)NS(=O)(=O)c2c(C)nn(CC)c2C)N=N1	Z5392733960	yes
C#CCCC1(CCC(=O)NS(=O)(=O)c2cccc(-c3nnco3)c2)N=N1	Z5392734150	yes
C#CCCC1(CCC(=O)NS(=O)(=O)c2ccc3[nH]nnc3c2)N=N1	Z5392734311	yes
C#CCCC1(CCC(=O)NS(=O)(=O)c2cnccc2OCC)N=N1	Z5392734326	yes
C#CCCC1(CCC(=O)N(C)S(=O)(=O)Cc2ccccc2)N=N1	Z5392734742	yes
C#CCCC1(CCC(=O)NS(=O)(=O)c2ncccc2F)N=N1	Z5392734882	yes
C#CCCC1(CCC(=O)NS(=O)(=O)CCOCc2ccccc2)N=N1	Z5392734962	yes
C#CCCC1(CCC(=O)NS(=O)(=O)C2CCN(Cc3ccccc3)C2)N=N1	Z5392735240	yes
C#CCCC1(CCC(=O)NS(=O)(=O)c2cc3c(cc2F)NC(=O)CC3)N=N1	Z5392735375	yes
C#CCCC1(CCC(=O)NS(=O)(=O)c2cc(Cl)cc(C(=O)NC)c2OC)N=N1	Z5392735388	yes
C#CCCC1(CCC(=O)NS(=O)(=O)c2c3ccccc3nn2C)N=N1	Z5392735597	yes
C#CCCC1(CCC(=O)NS(=O)(=O)c2ccc(=O)[nH]c2)N=N1	Z5392735630	yes
C#CCCC1(CCC(=O)NS(=O)(=O)N2CCN(Cc3ccccc3)CC2)N=N1	Z5392735709	yes
C#CCCC1(CCC(=O)NS(=O)(=O)c2cnc3c(cnn3C)c2)N=N1	Z5392735784	yes
C#CCCC1(CCC(=O)NS(=O)(=O)c2ccc3c(c2)C(=O)N(C)C3=O)N=N1	Z5392735791	yes
C#CCCC1(CCC(=O)NS(=O)(=O)N(CC)c2ccccc2)N=N1	Z5392735796	yes
C#CCCC1(CCC(=O)NS(=O)(=O)c2ccc(OCC3CCCO3)cc2C)N=N1	Z5392735830	yes
C#CCCC1(CCC(=O)N(CCO)S(=O)(=O)c2ccc(NC(C)=O)cc2)N=N1	Z5392735896	yes
C#CCCC1(CCC(=O)NS(=O)(=O)c2n[nH]c(C)n2)N=N1	Z5392735997	yes
C#CCCC1(CCC(=O)NS(=O)(=O)Cc2ncoc2C)N=N1	Z5392736393	yes
C#CCCC1(CCC(=O)NS(=O)(=O)Cc2ccc(Cl)nc2)N=N1	Z5392736544	yes
C#CCCC1(CCC(=O)N2CCCN(c3ccccc3)S2(=O)=O)N=N1	Z5392736948	yes
C#CCCC1(CCC(=O)N2CCN(c3cnn(C)c3)S2(=O)=O)N=N1	Z5392736967	yes
C#CCCC1(CCC(=O)NS(=O)(=O)N2CCc3ccccc3C2)N=N1	Z5392737123	yes
C#CCCC1(CCC(=O)N2CCCN(Cc3ccccc3)S2(=O)=O)N=N1	Z5392737342	yes
C#CCCC1(CCC(=O)NCCC2CCc3ccccc3N2)N=N1	Z5392742246	yes
C#CCCC1(CCC(=O)N(CC)C(C)CC(=O)N2CCNCC2)N=N1	Z5392742263	yes
C#CCCC1(CCC(=O)N2CC34CCCC3(CNC4)C2)N=N1	Z5392742372	yes
C#CCCC1(CCC(=O)NC2CCc3cc(CN)ccc32)N=N1	Z5392742416	yes
C#CCCC1(CCC(=O)NC2(c3nn[nH]n3)CCNCC2)N=N1	Z5392742540	yes
C#CCCC1(CCC(=O)N2CC(S(=O)(=O)N3CCNCC3)C2)N=N1	Z5392743166	yes
C#CCCC1(CCC(=O)Nc2cccnc2OC2CCNCC2)N=N1	Z5392743434	yes
C#CCCC1(CCC(=O)NCc2ccc(OC3CCNC3)nc2)N=N1	Z5392743554	yes
C#CCCC1(CCC(=O)N2CCC3NCC(=O)NC3C2)N=N1	Z5392743641	yes
C#CCCC1(CCC(=O)NC2CS(=O)(=O)N(C)C23CCNCC3)N=N1	Z5392743685	yes
C#CCCC1(CCC(=O)NC(c2ccc3ccccc3c2)C(C)N)N=N1	Z5392743708	yes
C#CCCC1(CCC(=O)N2CC(=O)NCC2C2CCNCC2)N=N1	Z5392743872	yes
C#CCCC1(CCC(=O)N2CCNCC2c2cnn(C)c2)N=N1	Z5392743882	yes
C#CCCC1(CCC(=O)N2CCCC(CN)C2c2ccccc2)N=N1	Z5392743907	yes
C#CCCC1(CCC(=O)NCc2ccc(NC3CC3)c(C)c2)N=N1	Z5392743942	yes
C#CCCC1(CCC(=O)N(Cc2ccccc2)C2CCNCC2)N=N1	Z5392743996	yes
C#CCCC1(CCC(=O)NC2CCC(N)c3ccccc32)N=N1	Z5392744082	yes
C#CCCC1(CCC(=O)NCC(C)(N)Cn2cccn2)N=N1	Z5392744099	yes
C#CCCC1(CCC(=O)N2CC(N)C(c3ccnn3C)C2)N=N1	Z5392744101	yes
C#CCCC1(CCC(=O)Nc2nc([C@H]3CCCN3)nn2C)N=N1	Z5392744102	yes
C#CCCC1(CCC(=O)N(C(C)C)C2CCCNCC2)N=N1	Z5392744176	yes
C#CCCC1(CCC(=O)NC2(c3nnn[nH]3)CCNC2)N=N1	Z5392744242	yes
C#CCCC1(CCC(=O)NCc2ccncc2O[C@H]2CCNC2)N=N1	Z5392744402	yes
C#CCCC1(CCC(=O)NCC(c2ccccc2)C2CCNCC2)N=N1	Z5392744494	yes
C#CCCC1(CCC(=O)N2CCNCC2c2ccc(F)cc2)N=N1	Z5392744586	yes
C#CCCC1(CCC(=O)NC(CN)c2ccc3ccccc3c2)N=N1	Z5392744697	yes
C#CCCC1(CCC(=O)NCc2nc(CN)cc(=O)[nH]2)N=N1	Z5392744732	yes
C#CCCC1(CCC(=O)NC2CCN(C(=O)[C@@H]3CCCN3)CC2)N=N1	Z5392744835	yes
C#CCCC1(CCC(=O)Nc2cc(C)c(OCC(=O)O)c(C)c2)N=N1	Z5392746198	yes
C#CCCC1(CCNC(=O)COC2(c3ccccc3)CNC2)N=N1	Z5495952535	yes
C#CCCC1(CCNC(=O)c2cn(CC3CNC3)nn2)N=N1	Z5495952618	yes
C#CCCC1(CCNC(=O)C2(Cc3ccccc3)CNC2)N=N1	Z5497708378	yes
C#CCCC1(CCNC(=O)C2(Oc3ccccc3)CNC2)N=N1	Z5498426407	yes
C#CCCC1(CCC(=O)N2CC(C(=O)O)=C(c3cccnc3)C2)N=N1	Z5532835811	yes
C#CCCC1(CCC(=O)NC2(c3ccc(F)cn3)CNC2)N=N1	Z5550232931	yes
C#CCCC1(CCC(=O)NCc2cn(C3CNC3)nn2)N=N1	Z5774093155	yes
C#CCCC1(CCNC(=O)c2c[nH]nc2OC2CNC2)N=N1	Z5900067249	yes
C#CCCC1(CCC(=O)NCc2nnc(C3CNC3)s2)N=N1	Z5900067793	yes
C#CCCC1(CCNC(=O)C2CNC(=O)CC23CNC3)N=N1	Z5902696822	yes
C#CCCC1(CCNC(=O)CC2(c3ccc(F)cc3)CNC2)N=N1	Z5903960013	yes
C#CCCC1(CCNC(=O)c2cc(C(=O)OC)ncc2O)N=N1	Z5991192530	yes
C#CCCC1(CCNC(=O)c2cccc(-n3ncc(C(=O)O)c3N)c2)N=N1	Z5992763023	yes
C#CCCC1(CCNC(=O)c2cccc(Nc3nnn[nH]3)c2)N=N1	Z5999555686	yes
C#CCCC1(CCNC(=O)c2nc(C3CNC3)oc2C)N=N1	Z6039294433	yes
